{"matches": [], "playerInfo": {"tier": "MASTER", "rank": "I", "leaguePoints": 124, "profileIconId": 5271, "name": "06 4 2020", "region": "na1", "localRank": [2474, 0.0026348636985221757], "globalRank": [12814, 0.002474156418663411]}, "rankHistory": [[1648103021954, "SILVER IV", 17, 5], [1648104931077, "SILVER III", 75, 6], [1648106823261, "SILVER I", 1, 7], [1648110300724, "SILVER I", 98, 8], [1648120922547, "GOLD IV", 0, 10], [1650480735933, "GOLD IV", 0, 11], [1650482620589, "GOLD IV", 0, 12], [1650491493955, "GOLD IV", 79, 13], [1650493293961, "GOLD III", 60, 14], [1650495240565, "GOLD III", 97, 15], [1650576211010, "GOLD II", 77, 16], [1650579743342, "GOLD I", 60, 17], [1650581632058, "GOLD I", 93, 18], [1650601163067, "PLATINUM IV", 66, 19], [1651046538691, "PLATINUM IV", 76, 20], [1651133935804, "PLATINUM III", 42, 21], [1651136442002, "PLATINUM III", 99, 22], [1651138342436, "PLATINUM III", 72, 23], [1651217549969, "PLATINUM II", 50, 24], [1651521684117, "PLATINUM II", 95, 25], [1651549686490, "PLATINUM I", 5, 26], [1651698180911, "PLATINUM I", 74, 27], [1651701015351, "PLATINUM I", 49, 28], [1651721597771, "PLATINUM I", 29, 29], [1652500181757, "PLATINUM I", 18, 30], [1652518189768, "PLATINUM I", 28, 31], [1652562215873, "PLATINUM I", 41, 32], [1652563918938, "PLATINUM I", 0, 33], [1652699042280, "PLATINUM I", 10, 34], [1652700753938, "PLATINUM I", 73, 35], [1652820160995, "DIAMOND IV", 17, 36], [1652822735328, "DIAMOND IV", 36, 37], [1652952331133, "DIAMOND IV", 77, 38], [1653081935147, "DIAMOND III", 10, 39], [1653083735714, "DIAMOND III", 31, 40], [1653086610035, "DIAMOND III", 51, 41], [1653088652909, "DIAMOND III", 41, 42], [1653112067919, "DIAMOND III", 95, 43], [1653428626104, "DIAMOND II", 41, 44], [1653430470882, "DIAMOND II", 31, 45], [1653510960518, "DIAMOND II", 0, 46], [1653513270898, "DIAMOND II", 40, 47], [1653595546848, "DIAMOND I", 10, 48], [1653693285347, "DIAMOND I", 29, 49], [1653728735030, "DIAMOND I", 56, 50], [1653731037585, "DIAMOND I", 96, 51], [1653766522121, "DIAMOND I", 48, 52], [1653768352088, "DIAMOND I", 38, 53], [1653890725903, "MASTER I", 5, 54], [1653979447484, "MASTER I", 0, 55], [1653981433233, "MASTER I", 60, 56], [1654042633525, "MASTER I", 111, 57], [1654107955429, "MASTER I", 124, 58]], "seasonStats": {"games": 120, "avgPlace": 3.375, "top4": 87, "win": 34, "topCarry": "TFT6_Jayce", "lastMatchId": "NA1_4327474694"}, "queueSeasonStats": {"1090": {"games": 62, "avgPlace": 3.435483870967742, "top4": 45, "win": 16, "topCarry": "TFT6_Jayce", "lastMatchId": "NA1_4327474694"}, "1100": {"games": 58, "avgPlace": 3.310344827586207, "top4": 42, "win": 18, "topCarry": "TFT6_Kaisa", "lastMatchId": "NA1_4327474694"}, "1130": {"games": 0, "avgPlace": 0, "top4": 0, "win": 0, "topCarry": "TFT6_Veigar", "lastMatchId": "NA1_4327474694"}, "1150": {"games": 0, "avgPlace": 0, "top4": 0, "win": 0, "topCarry": "TFT6_Veigar", "lastMatchId": "NA1_4327474694"}}}