{"matches": [], "playerInfo": {"tier": "MASTER", "rank": "I", "leaguePoints": 0, "profileIconId": 4637, "name": "0v0", "region": "na1", "localRank": [14250, 0.0151568817029315], "globalRank": [73532, 0.0141888256919397]}, "rankHistory": [[1647901639540, "SILVER II", 61, 5], [1647906870271, "SILVER I", 71, 6], [1647908369749, "GOLD IV", 72, 7], [1647912043374, "GOLD III", 62, 8], [1648147832479, "GOLD III", 52, 9], [1648151488198, "GOLD II", 13, 10], [1648153177761, "GOLD II", 86, 11], [1648171290795, "GOLD II", 96, 12], [1648173019687, "GOLD I", 57, 13], [1648175341778, "PLATINUM IV", 42, 14], [1648322999074, "PLATINUM IV", 17, 15], [1648324745977, "PLATINUM IV", 0, 16], [1648327689933, "PLATINUM IV", 0, 17], [1648330158347, "PLATINUM IV", 79, 18], [1648331935607, "PLATINUM IV", 69, 19], [1648334899029, "PLATINUM III", 43, 20], [1648336743345, "PLATINUM II", 21, 21], [1648504719354, "PLATINUM II", 74, 22], [1648506566190, "PLATINUM II", 30, 23], [1648583322580, "PLATINUM II", 0, 24], [1648585167499, "PLATINUM II", 29, 25], [1648587587985, "PLATINUM II", 78, 26], [1648590544782, "PLATINUM I", 53, 27], [1648592919126, "PLATINUM I", 43, 28], [1648600145188, "PLATINUM I", 92, 29], [1648602042929, "DIAMOND IV", 22, 30], [1648610266485, "DIAMOND IV", 32, 31], [1648791042190, "DIAMOND IV", 0, 32], [1649035434837, "DIAMOND IV", 0, 33], [1649045227307, "DIAMOND IV", 0, 34], [1649047019820, "DIAMOND IV", 0, 35], [1649049445462, "DIAMOND IV", 0, 36], [1649051255022, "DIAMOND IV", 65, 37], [1649053873530, "DIAMOND III", 4, 38], [1649056669417, "DIAMOND III", 62, 39], [1649142458412, "DIAMOND II", 19, 40], [1649183059042, "DIAMOND II", 29, 41], [1649185290426, "DIAMOND II", 51, 42], [1649497646642, "DIAMOND II", 89, 43], [1649499459897, "DIAMOND II", 42, 44], [1649904880444, "DIAMOND II", 5, 45], [1649908072493, "DIAMOND II", 42, 46], [1649910725801, "DIAMOND II", 99, 47], [1649912526994, "DIAMOND II", 77, 48], [1649914733369, "DIAMOND II", 87, 49], [1649916527319, "DIAMOND II", 68, 50], [1649918857833, "DIAMOND II", 91, 51], [1649920655072, "DIAMOND II", 81, 52], [1649922866156, "DIAMOND I", 16, 53], [1649925512924, "DIAMOND I", 74, 54], [1649927849815, "DIAMOND I", 84, 55], [1649930046205, "MASTER I", 4, 56], [1650869674911, "MASTER I", 0, 56]], "seasonStats": {"games": 56, "avgPlace": 3.3035714285714284, "top4": 37, "win": 17, "topCarry": "TFT6_Sivir", "lastMatchId": "NA1_4276921535"}, "queueSeasonStats": {"1090": {"games": 0, "avgPlace": 0, "top4": 0, "win": 0, "topCarry": "TFT6_Veigar", "lastMatchId": "NA1_4276921535"}, "1100": {"games": 56, "avgPlace": 3.3035714285714284, "top4": 37, "win": 17, "topCarry": "TFT6_Sivir", "lastMatchId": "NA1_4276921535"}, "1130": {"games": 0, "avgPlace": 0, "top4": 0, "win": 0, "topCarry": "TFT6_Veigar", "lastMatchId": "NA1_4276921535"}, "1150": {"games": 0, "avgPlace": 0, "top4": 0, "win": 0, "topCarry": "TFT6_Veigar", "lastMatchId": "NA1_4276921535"}}}