{"matches": [], "playerInfo": {"tier": "MASTER", "rank": "I", "leaguePoints": 0, "profileIconId": 5089, "name": "1nvisible", "region": "na1", "localRank": [10044, 0.01068865410646938], "globalRank": [53367, 0.01029980943219905]}, "rankHistory": [[1647390545987, "DIAMOND III", 14, 5], [1647392640162, "DIAMOND III", 51, 6], [1648072063912, "DIAMOND III", 19, 7], [1648765065103, "DIAMOND III", 0, 8], [1648873448980, "DIAMOND IV", 75, 9], [1649202825637, "DIAMOND IV", 55, 10], [1649205449628, "DIAMOND IV", 78, 11], [1649207257218, "DIAMOND IV", 55, 12], [1649371064336, "DIAMOND IV", 77, 13], [1649373447706, "DIAMOND III", 4, 14], [1649375240830, "DIAMOND III", 14, 15], [1649470671635, "DIAMOND III", 56, 16], [1649642049440, "DIAMOND III", 92, 17], [1649643838186, "DIAMOND II", 2, 18], [1649651522419, "DIAMOND II", 12, 19], [1649653700118, "DIAMOND II", 63, 20], [1649668077975, "DIAMOND II", 73, 21], [1649670854300, "DIAMOND I", 9, 22], [1649672260497, "DIAMOND I", 0, 23], [1649674938359, "DIAMOND I", 45, 24], [1649677076401, "DIAMOND I", 35, 25], [1649679467859, "DIAMOND I", 16, 26], [1649724431350, "DIAMOND I", 26, 27], [1649726252693, "DIAMOND I", 16, 28], [1649893123345, "DIAMOND I", 0, 29], [1650421951132, "DIAMOND II", 75, 30], [1650424175716, "DIAMOND II", 55, 31], [1650579889660, "DIAMOND II", 8, 32], [1650582183749, "DIAMOND II", 41, 33], [1650584854406, "DIAMOND II", 61, 34], [1650702790745, "DIAMOND II", 17, 35], [1651255422032, "DIAMOND II", 52, 36], [1651272438001, "DIAMOND II", 86, 37], [1651274252639, "DIAMOND II", 96, 38], [1651276488092, "DIAMOND II", 63, 39], [1651437198767, "DIAMOND II", 53, 40], [1651439479165, "DIAMOND II", 70, 41], [1651441633491, "DIAMOND I", 1, 42], [1651443928571, "DIAMOND I", 49, 43], [1651445724947, "DIAMOND I", 28, 44], [1651447997083, "DIAMOND I", 50, 45], [1651535255753, "DIAMOND I", 40, 46], [1651537520697, "DIAMOND I", 30, 47], [1651616712071, "DIAMOND I", 0, 48], [1651618539463, "DIAMOND I", 20, 49], [1651701857431, "DIAMOND I", 10, 50], [1652240056349, "DIAMOND I", 28, 51], [1652242333507, "DIAMOND I", 0, 52], [1653075802438, "DIAMOND I", 10, 53], [1653079423079, "DIAMOND I", 59, 54], [1653081940810, "DIAMOND I", 90, 55], [1653083733064, "MASTER I", 20, 56], [1653980156867, "MASTER I", 0, 56]], "seasonStats": {"games": 62, "avgPlace": 4.032258064516129, "top4": 36, "win": 10, "topCarry": "TFT6_Sivir", "lastMatchId": "NA1_4314197425"}, "queueSeasonStats": {"1090": {"games": 1, "avgPlace": 1, "top4": 1, "win": 1, "topCarry": "TFT6_Jayce", "lastMatchId": "NA1_4314197425"}, "1100": {"games": 56, "avgPlace": 4.196428571428571, "top4": 31, "win": 6, "topCarry": "TFT6_Sivir", "lastMatchId": "NA1_4314197425"}, "1130": {"games": 3, "avgPlace": 4, "top4": 2, "win": 1, "topCarry": "TFT6_Sivir", "lastMatchId": "NA1_4314197425"}, "1150": {"games": 2, "avgPlace": 1, "top4": 2, "win": 2, "topCarry": "TFT6_Irelia", "lastMatchId": "NA1_4314197425"}}}