{"matches": [], "playerInfo": {"tier": "MASTER", "rank": "I", "leaguePoints": 0, "profileIconId": 29, "name": "2BrainCel111", "region": "na1", "localRank": [7424, 0.007897191837724622], "globalRank": [40578, 0.00783038904170071]}, "rankHistory": [[1650389296379, "SILVER I", 48, 5], [1650406934066, "GOLD II", 0, 10], [1650430396692, "GOLD III", 75, 11], [1650478996601, "GOLD II", 41, 12], [1650480665694, "GOLD II", 95, 13], [1650484220893, "GOLD I", 52, 14], [1650509644099, "GOLD I", 20, 15], [1650513146840, "GOLD I", 55, 16], [1650514701180, "PLATINUM IV", 32, 17], [1650517326097, "PLATINUM IV", 93, 18], [1650553219194, "PLATINUM III", 3, 19], [1650556108796, "PLATINUM III", 57, 20], [1650557892260, "PLATINUM III", 67, 21], [1650560417905, "PLATINUM III", 99, 22], [1650566995578, "PLATINUM II", 9, 23], [1650575947502, "PLATINUM II", 77, 24], [1650577733481, "PLATINUM II", 99, 25], [1650579542149, "PLATINUM II", 82, 26], [1650583191787, "PLATINUM I", 54, 27], [1650584995204, "PLATINUM I", 92, 28], [1650592105242, "PLATINUM I", 71, 29], [1650595789012, "PLATINUM I", 51, 30], [1650605557833, "DIAMOND IV", 15, 31], [1650650246278, "DIAMOND IV", 34, 32], [1650652398075, "DIAMOND IV", 44, 33], [1650654572798, "DIAMOND III", 1, 34], [1650659570206, "DIAMOND III", 0, 35], [1650663593390, "DIAMOND IV", 75, 36], [1650726598613, "DIAMOND III", 12, 37], [1650728836161, "DIAMOND III", 0, 38], [1650731608901, "DIAMOND IV", 75, 39], [1650759890209, "DIAMOND IV", 42, 40], [1650762208515, "DIAMOND IV", 89, 41], [1650763986220, "DIAMOND IV", 54, 42], [1650817992729, "DIAMOND IV", 94, 43], [1650819811162, "DIAMOND IV", 75, 44], [1650824231313, "DIAMOND IV", 98, 45], [1650848110479, "DIAMOND IV", 88, 46], [1650850367764, "DIAMOND IV", 67, 47], [1650852622694, "DIAMOND IV", 91, 48], [1650855282850, "DIAMOND III", 14, 49], [1651081223768, "DIAMOND III", 51, 50], [1651083905760, "DIAMOND III", 93, 51], [1651086219049, "DIAMOND II", 3, 52], [1651088835062, "DIAMOND II", 29, 53], [1651091119168, "DIAMOND II", 39, 54], [1651094251154, "DIAMOND II", 61, 55], [1651104193487, "DIAMOND II", 98, 56], [1651106435906, "DIAMOND I", 34, 57], [1651109100852, "DIAMOND I", 59, 58], [1651114048162, "DIAMOND I", 69, 59], [1651128003822, "MASTER I", 21, 60], [1651992904381, "MASTER I", 0, 60]], "seasonStats": {"games": 60, "avgPlace": 3.35, "top4": 44, "win": 12, "topCarry": "TFT6_Sivir", "lastMatchId": "NA1_4291093597"}, "queueSeasonStats": {"1090": {"games": 0, "avgPlace": 0, "top4": 0, "win": 0, "topCarry": "TFT6_Veigar", "lastMatchId": "NA1_4291093597"}, "1100": {"games": 60, "avgPlace": 3.35, "top4": 44, "win": 12, "topCarry": "TFT6_Sivir", "lastMatchId": "NA1_4291093597"}, "1130": {"games": 0, "avgPlace": 0, "top4": 0, "win": 0, "topCarry": "TFT6_Veigar", "lastMatchId": "NA1_4291093597"}, "1150": {"games": 0, "avgPlace": 0, "top4": 0, "win": 0, "topCarry": "TFT6_Veigar", "lastMatchId": "NA1_4291093597"}}}