{"matches": [], "playerInfo": {"tier": "MASTER", "rank": "I", "leaguePoints": 286, "profileIconId": 29, "name": "AesahTFT", "region": "na1", "localRank": [1364, 0.0014508276844300875], "globalRank": [6910, 0.0013333675519313858]}, "rankHistory": [[1650754504059, "SILVER I", 85, 5], [1650757599960, "GOLD IV", 69, 6], [1650758936965, "GOLD III", 54, 7], [1650761281204, "GOLD II", 35, 8], [1650765236704, "GOLD I", 16, 9], [1650765622716, "GOLD I", 95, 10], [1650767873109, "PLATINUM IV", 78, 11], [1650770036677, "PLATINUM III", 52, 12], [1650772467106, "PLATINUM II", 20, 13], [1650775206646, "PLATINUM II", 95, 14], [1650777595677, "PLATINUM I", 22, 15], [1650779925615, "PLATINUM I", 89, 16], [1650782351526, "DIAMOND IV", 58, 17], [1650784475101, "DIAMOND IV", 48, 18], [1650786917078, "DIAMOND IV", 70, 19], [1650789508678, "DIAMOND III", 14, 20], [1650792425818, "DIAMOND III", 0, 21], [1650794584335, "DIAMOND IV", 75, 22], [1650797232950, "DIAMOND III", 40, 23], [1650799624364, "DIAMOND III", 50, 24], [1650802339517, "DIAMOND II", 13, 25], [1650804458592, "DIAMOND II", 3, 26], [1650806942699, "DIAMOND II", 50, 27], [1650809226326, "DIAMOND II", 86, 28], [1650811957237, "DIAMOND I", 47, 29], [1650814165475, "DIAMOND I", 35, 30], [1650816599306, "DIAMOND I", 45, 31], [1650819105186, "DIAMOND I", 84, 32], [1650821564436, "MASTER I", 46, 33], [1651733699400, "MASTER I", 0, 33], [1652735066802, "MASTER I", 0, 34], [1652737347455, "MASTER I", 26, 35], [1652739924762, "MASTER I", 80, 36], [1652745323876, "MASTER I", 70, 37], [1652747668650, "MASTER I", 60, 38], [1652749961689, "MASTER I", 117, 39], [1652831731859, "MASTER I", 81, 40], [1652915562905, "MASTER I", 127, 41], [1652918130172, "MASTER I", 151, 42], [1652920477270, "MASTER I", 102, 43], [1652922762525, "MASTER I", 148, 44], [1652925071449, "MASTER I", 191, 45], [1652927684415, "MASTER I", 171, 46], [1653013033283, "MASTER I", 229, 47], [1653014832566, "MASTER I", 217, 48], [1653077571457, "MASTER I", 196, 49], [1653172790927, "MASTER I", 259, 50], [1653175036060, "MASTER I", 213, 51], [1653179690331, "MASTER I", 255, 52], [1653293093198, "MASTER I", 286, 53]], "seasonStats": {"games": 53, "avgPlace": 2.7735849056603774, "top4": 39, "win": 23, "topCarry": "TFT6_Jinx", "lastMatchId": "NA1_4317084952"}, "queueSeasonStats": {"1090": {"games": 0, "avgPlace": 0, "top4": 0, "win": 0, "topCarry": "TFT6_Veigar", "lastMatchId": "NA1_4317084952"}, "1100": {"games": 53, "avgPlace": 2.7735849056603774, "top4": 39, "win": 23, "topCarry": "TFT6_Jinx", "lastMatchId": "NA1_4317084952"}, "1130": {"games": 0, "avgPlace": 0, "top4": 0, "win": 0, "topCarry": "TFT6_Veigar", "lastMatchId": "NA1_4317084952"}, "1150": {"games": 0, "avgPlace": 0, "top4": 0, "win": 0, "topCarry": "TFT6_Veigar", "lastMatchId": "NA1_4317084952"}}}