{"matches": [], "playerInfo": {"tier": "MASTER", "rank": "I", "leaguePoints": 0, "profileIconId": 13, "name": "AIienZombieNecro", "region": "na1", "localRank": [19737, 0.021025640479338158], "globalRank": [100221, 0.019354442507045416]}, "rankHistory": [[1649733683006, "GOLD IV", 70, 5], [1649735488730, "GOLD III", 77, 6], [1649739087138, "GOLD III", 87, 7], [1649740934827, "GOLD II", 86, 8], [1649742722573, "GOLD II", 45, 9], [1649778626396, "GOLD II", 35, 10], [1649780444239, "GOLD II", 17, 11], [1649784118390, "GOLD II", 74, 12], [1649789558442, "GOLD I", 21, 13], [1649791412179, "GOLD I", 31, 14], [1649794808953, "GOLD I", 72, 15], [1649796641098, "GOLD I", 33, 16], [1649823495623, "PLATINUM III", 28, 19], [1649879356671, "PLATINUM III", 10, 20], [1649882905886, "PLATINUM III", 0, 21], [1649885490862, "PLATINUM III", 75, 22], [1649888350113, "PLATINUM II", 55, 23], [1649893772686, "PLATINUM I", 9, 24], [1649908146491, "PLATINUM I", 33, 25], [1649910271556, "DIAMOND IV", 2, 26], [1649912077756, "DIAMOND IV", 0, 27], [1649913881597, "DIAMOND IV", 0, 28], [1649956664299, "DIAMOND IV", 0, 29], [1649958460011, "DIAMOND IV", 0, 30], [1649961140047, "DIAMOND IV", 55, 31], [1649995731689, "DIAMOND IV", 92, 32], [1649998062459, "DIAMOND III", 23, 33], [1650000267229, "DIAMOND III", 60, 34], [1650002063311, "DIAMOND III", 29, 35], [1650004361138, "DIAMOND III", 67, 36], [1650006515198, "DIAMOND II", 23, 37], [1650048455448, "DIAMOND II", 78, 38], [1650050270260, "DIAMOND II", 45, 39], [1650056550624, "DIAMOND II", 23, 40], [1650058726280, "DIAMOND II", 13, 41], [1650079067154, "DIAMOND II", 35, 42], [1650081292825, "DIAMOND II", 89, 43], [1650089840152, "DIAMOND II", 79, 44], [1650092063031, "DIAMOND I", 36, 45], [1650128553892, "DIAMOND I", 0, 46], [1650129871237, "DIAMOND II", 75, 47], [1650145672653, "DIAMOND I", 11, 48], [1650149250871, "DIAMOND I", 66, 49], [1650320658832, "MASTER I", 20, 50], [1650334631112, "MASTER I", 10, 51], [1650341831203, "MASTER I", 20, 52], [1650343631369, "MASTER I", 74, 53], [1650682954405, "MASTER I", 22, 54], [1651301688426, "MASTER I", 0, 54], [1652239510382, "MASTER I", 0, 55]], "seasonStats": {"games": 57, "avgPlace": 3.6666666666666665, "top4": 36, "win": 16, "topCarry": "TFT6_Jinx", "lastMatchId": "NA1_4303499652"}, "queueSeasonStats": {"1090": {"games": 2, "avgPlace": 2, "top4": 2, "win": 1, "topCarry": "TFT6_TahmKench", "lastMatchId": "NA1_4303499652"}, "1100": {"games": 55, "avgPlace": 3.727272727272727, "top4": 34, "win": 15, "topCarry": "TFT6_Jinx", "lastMatchId": "NA1_4303499652"}, "1130": {"games": 0, "avgPlace": 0, "top4": 0, "win": 0, "topCarry": "TFT6_Veigar", "lastMatchId": "NA1_4303499652"}, "1150": {"games": 0, "avgPlace": 0, "top4": 0, "win": 0, "topCarry": "TFT6_Veigar", "lastMatchId": "NA1_4303499652"}}}