{"matches": [], "playerInfo": {"tier": "MASTER", "rank": "I", "leaguePoints": 0, "profileIconId": 5031, "name": "AmericanSnlper", "region": "na1", "localRank": [9622, 0.010253940072743084], "globalRank": [52179, 0.01008066424697753]}, "rankHistory": [[1645186628720, "DIAMOND IV", 73, 5], [1645201031162, "DIAMOND III", 32, 6], [1645233436924, "DIAMOND III", 72, 7], [1645274837535, "DIAMOND III", 62, 8], [1645280236032, "DIAMOND III", 89, 9], [1645282025719, "DIAMOND III", 68, 10], [1645375630929, "DIAMOND II", 26, 11], [1645406228914, "DIAMOND II", 52, 12], [1645458620549, "DIAMOND II", 18, 13], [1646808743587, "DIAMOND II", 47, 14], [1646814762121, "DIAMOND I", 2, 15], [1646819255474, "DIAMOND I", 53, 16], [1646821952763, "DIAMOND I", 43, 17], [1646998365493, "DIAMOND I", 82, 18], [1647062228204, "MASTER I", 5, 19], [1647067629400, "MASTER I", 0, 20], [1647070105963, "MASTER I", 0, 21], [1647076628636, "MASTER I", 10, 22], [1647161228521, "MASTER I", 0, 23], [1647166941561, "MASTER I", 35, 24], [1647249428665, "MASTER I", 56, 25], [1647251546235, "MASTER I", 23, 26], [1647260227825, "MASTER I", 33, 27], [1647289351092, "MASTER I", 0, 28], [1647341227972, "MASTER I", 46, 29], [1647343352541, "MASTER I", 31, 30], [1647346950140, "MASTER I", 41, 31], [1647350227727, "MASTER I", 51, 32], [1647431558547, "MASTER I", 86, 33], [1647435358015, "MASTER I", 106, 34], [1647440227991, "MASTER I", 143, 35], [1647445627946, "MASTER I", 186, 36], [1647448138085, "MASTER I", 155, 37], [1647463628453, "MASTER I", 109, 38], [1647469028576, "MASTER I", 99, 39], [1647521564191, "MASTER I", 89, 40], [1647545345581, "MASTER I", 42, 41], [1647607628105, "MASTER I", 1, 42], [1647609427680, "MASTER I", 11, 43], [1647710568077, "MASTER I", 30, 44], [1647717428212, "MASTER I", 54, 45], [1647722054936, "MASTER I", 34, 46], [1647726428226, "MASTER I", 56, 47], [1647741568019, "MASTER I", 66, 48], [1647789769328, "MASTER I", 76, 49], [1647791965529, "MASTER I", 66, 50], [1647911081275, "MASTER I", 99, 51], [1647917576206, "MASTER I", 56, 52], [1647988182388, "MASTER I", 46, 53], [1648882411179, "MASTER I", 0, 53], [1649384626493, "MASTER I", 0, 54], [1649544429707, "MASTER I", 35, 55], [1649548885186, "MASTER I", 25, 56], [1649618229719, "MASTER I", 0, 57]], "seasonStats": {"games": 89, "avgPlace": 4.213483146067416, "top4": 51, "win": 6, "topCarry": "TFT6_Irelia", "lastMatchId": "NA1_4273058570"}, "queueSeasonStats": {"1090": {"games": 0, "avgPlace": 0, "top4": 0, "win": 0, "topCarry": "TFT6_Veigar", "lastMatchId": "NA1_4273058570"}, "1100": {"games": 57, "avgPlace": 4.2631578947368425, "top4": 32, "win": 6, "topCarry": "TFT6_Irelia", "lastMatchId": "NA1_4273058570"}, "1130": {"games": 0, "avgPlace": 0, "top4": 0, "win": 0, "topCarry": "TFT6_Veigar", "lastMatchId": "NA1_4273058570"}, "1150": {"games": 32, "avgPlace": 4.125, "top4": 19, "win": 0, "topCarry": "TFT6_Irelia", "lastMatchId": "NA1_4273058570"}}}