{"matches": [], "playerInfo": {"tier": "MASTER", "rank": "I", "leaguePoints": 0, "profileIconId": 11, "name": "Arizodzoq", "region": "na1", "localRank": [16147, 0.017211404914102862], "globalRank": [83213, 0.016080123704853698]}, "rankHistory": [[1649395674469, "SILVER I", 91, 5], [1649474437986, "GOLD IV", 14, 6], [1650167573645, "GOLD IV", 94, 7], [1650169427157, "GOLD III", 71, 8], [1650172924720, "GOLD II", 47, 9], [1650174781562, "GOLD II", 78, 10], [1650176501031, "GOLD I", 52, 11], [1650190753617, "PLATINUM IV", 0, 13], [1650219580436, "PLATINUM IV", 61, 14], [1650222062624, "PLATINUM III", 34, 15], [1650225629477, "PLATINUM III", 62, 16], [1650232242777, "PLATINUM III", 52, 17], [1650236410461, "PLATINUM II", 28, 18], [1650239298718, "PLATINUM II", 59, 19], [1650242883739, "PLATINUM II", 83, 20], [1650244744060, "PLATINUM II", 61, 21], [1650247285602, "PLATINUM II", 91, 22], [1650249038414, "PLATINUM II", 81, 23], [1650252001256, "PLATINUM I", 42, 24], [1650253419206, "PLATINUM I", 98, 25], [1650422850672, "DIAMOND IV", 60, 26], [1650587097896, "DIAMOND IV", 31, 27], [1650589771119, "DIAMOND IV", 87, 28], [1650592037945, "DIAMOND III", 2, 29], [1650594295834, "DIAMOND III", 15, 30], [1650596578215, "DIAMOND III", 62, 31], [1651288241157, "DIAMOND III", 52, 32], [1651290894218, "DIAMOND III", 62, 33], [1651293213392, "DIAMOND III", 86, 34], [1651295456312, "DIAMOND II", 42, 35], [1651346700171, "DIAMOND II", 98, 36], [1651354410418, "DIAMOND II", 66, 37], [1651356225830, "DIAMOND II", 51, 38], [1651358466315, "DIAMOND II", 71, 39], [1651361110291, "DIAMOND I", 10, 40], [1651364251366, "DIAMOND I", 0, 41], [1651366518104, "DIAMOND I", 56, 42], [1651628026690, "DIAMOND I", 35, 43], [1651677908003, "DIAMOND I", 56, 44], [1651679702433, "DIAMOND I", 10, 45], [1651682873489, "DIAMOND I", 0, 46], [1651684647350, "DIAMOND II", 75, 47], [1651686913131, "DIAMOND II", 63, 48], [1651692314111, "DIAMOND I", 15, 49], [1651694693494, "DIAMOND I", 50, 50], [1651696900235, "DIAMOND I", 40, 51], [1651699513269, "DIAMOND I", 96, 52], [1651708080101, "DIAMOND I", 86, 53], [1651710329540, "DIAMOND I", 66, 54], [1651712129428, "DIAMOND I", 34, 55], [1651714461070, "DIAMOND I", 86, 56], [1651716706925, "DIAMOND I", 38, 57], [1651718470908, "DIAMOND I", 75, 58], [1651720668226, "DIAMOND I", 85, 59], [1651722602092, "MASTER I", 18, 60], [1652276502918, "MASTER I", 41, 61], [1652278630835, "MASTER I", 0, 62]], "seasonStats": {"games": 64, "avgPlace": 3.140625, "top4": 44, "win": 23, "topCarry": "TFT6_Jinx", "lastMatchId": "NA1_4303866278"}, "queueSeasonStats": {"1090": {"games": 1, "avgPlace": 1, "top4": 1, "win": 1, "topCarry": "TFT6_Sivir", "lastMatchId": "NA1_4303866278"}, "1100": {"games": 62, "avgPlace": 3.2096774193548385, "top4": 42, "win": 21, "topCarry": "TFT6_Jinx", "lastMatchId": "NA1_4303866278"}, "1130": {"games": 0, "avgPlace": 0, "top4": 0, "win": 0, "topCarry": "TFT6_Veigar", "lastMatchId": "NA1_4303866278"}, "1150": {"games": 1, "avgPlace": 1, "top4": 1, "win": 1, "topCarry": "TFT6_Viktor", "lastMatchId": "NA1_4303866278"}}}