{"matches": [], "playerInfo": {"tier": "MASTER", "rank": "I", "leaguePoints": 0, "profileIconId": 28, "name": "Armany0411", "region": "na1", "localRank": [18822, 0.020039862525393196], "globalRank": [95990, 0.01853035143769968]}, "rankHistory": [[1645393628132, "DIAMOND III", 55, 5], [1645413436908, "DIAMOND III", 10, 6], [1645469238648, "DIAMOND III", 0, 7], [1645471035177, "DIAMOND III", 10, 8], [1645492637172, "DIAMOND III", 20, 9], [1645495076401, "DIAMOND III", 56, 10], [1645498039663, "DIAMOND III", 75, 11], [1645499830470, "DIAMOND III", 40, 12], [1645656442592, "DIAMOND III", 0, 13], [1645658899893, "DIAMOND IV", 75, 14], [1645660701147, "DIAMOND IV", 97, 15], [1645663642654, "DIAMOND IV", 87, 16], [1645714529080, "DIAMOND IV", 54, 17], [1646112618112, "DIAMOND IV", 90, 18], [1646117236647, "DIAMOND IV", 71, 19], [1646734653694, "DIAMOND IV", 91, 20], [1646736430198, "DIAMOND III", 1, 21], [1646738523011, "DIAMOND III", 0, 22], [1646740030826, "DIAMOND IV", 75, 23], [1646764079584, "DIAMOND IV", 43, 24], [1646767033360, "DIAMOND IV", 80, 25], [1646768843615, "DIAMOND IV", 49, 26], [1646861548332, "DIAMOND IV", 83, 27], [1646872090595, "DIAMOND IV", 51, 28], [1646874446966, "DIAMOND IV", 99, 29], [1646876842736, "DIAMOND III", 9, 30], [1646966844874, "DIAMOND III", 42, 31], [1647024748772, "DIAMOND III", 87, 32], [1647040655764, "DIAMOND II", 31, 33], [1647136986000, "DIAMOND II", 41, 34], [1647379739897, "DIAMOND II", 73, 35], [1647561567714, "DIAMOND II", 93, 36], [1647638594745, "DIAMOND II", 73, 37], [1647800251238, "DIAMOND II", 94, 38], [1647803075718, "DIAMOND I", 38, 39], [1649462517137, "DIAMOND I", 75, 40], [1649464299978, "DIAMOND I", 43, 41], [1649467061318, "DIAMOND I", 80, 42], [1649468862027, "DIAMOND I", 90, 43], [1649507522400, "DIAMOND I", 56, 44], [1649510263605, "DIAMOND I", 82, 45], [1649512431521, "MASTER I", 4, 46], [1650093431131, "MASTER I", 0, 47], [1650222133486, "MASTER I", 31, 48], [1650236928924, "MASTER I", 21, 49], [1650696869041, "MASTER I", 0, 49], [1650850781720, "MASTER I", 0, 50], [1650900766059, "MASTER I", 0, 51], [1650903435595, "MASTER I", 17, 52], [1651033982864, "MASTER I", 46, 53], [1651215285226, "MASTER I", 0, 53], [1651549243150, "MASTER I", 19, 54], [1651647292684, "MASTER I", 0, 54]], "seasonStats": {"games": 85, "avgPlace": 3.835294117647059, "top4": 52, "win": 20, "topCarry": "TFT6_Braum", "lastMatchId": "NA1_4312635547"}, "queueSeasonStats": {"1090": {"games": 15, "avgPlace": 2.6, "top4": 12, "win": 7, "topCarry": "TFT6_Viktor", "lastMatchId": "NA1_4312635547"}, "1100": {"games": 54, "avgPlace": 4.111111111111111, "top4": 33, "win": 8, "topCarry": "TFT6_Sivir", "lastMatchId": "NA1_4312635547"}, "1130": {"games": 0, "avgPlace": 0, "top4": 0, "win": 0, "topCarry": "TFT6_Veigar", "lastMatchId": "NA1_4312635547"}, "1150": {"games": 16, "avgPlace": 4.0625, "top4": 7, "win": 5, "topCarry": "TFT6_Irelia", "lastMatchId": "NA1_4312635547"}}}