{"matches": [], "playerInfo": {"tier": "MASTER", "rank": "I", "leaguePoints": 0, "profileIconId": 3460, "name": "AYAYA Enthusiast", "region": "na1", "localRank": [18440, 0.019627022706251378], "globalRank": [94116, 0.018166085457191207]}, "rankHistory": [[1645296431679, "DIAMOND III", 21, 5], [1645372036925, "DIAMOND III", 0, 6], [1645374221548, "DIAMOND III", 10, 7], [1645375800171, "DIAMOND III", 0, 8], [1645379228068, "DIAMOND III", 57, 9], [1645422428236, "DIAMOND III", 31, 10], [1645460230422, "DIAMOND III", 21, 11], [1645463837811, "DIAMOND III", 74, 12], [1645478235292, "DIAMOND III", 98, 13], [1645480035369, "DIAMOND II", 8, 14], [1645483636500, "DIAMOND II", 59, 15], [1645489038634, "DIAMOND II", 69, 16], [1646186442645, "DIAMOND II", 59, 17], [1646189245972, "DIAMOND II", 28, 18], [1646191033731, "DIAMOND II", 0, 19], [1646192838022, "DIAMOND III", 75, 20], [1646194631184, "DIAMOND II", 1, 21], [1646590648051, "DIAMOND II", 11, 22], [1646601443482, "DIAMOND II", 61, 23], [1646610456252, "DIAMOND II", 82, 24], [1646623324066, "DIAMOND II", 92, 25], [1647209006817, "DIAMOND II", 82, 26], [1647211642855, "DIAMOND I", 1, 27], [1647314559504, "DIAMOND I", 22, 28], [1647385144066, "DIAMOND I", 0, 29], [1647387219890, "DIAMOND I", 48, 30], [1647469029956, "DIAMOND I", 2, 31], [1647471161010, "DIAMOND I", 12, 32], [1647476970133, "DIAMOND I", 0, 33], [1647479048858, "DIAMOND I", 20, 34], [1647481648849, "DIAMOND I", 0, 35], [1647483792060, "DIAMOND I", 34, 36], [1647839833302, "DIAMOND I", 44, 37], [1647841652596, "DIAMOND I", 75, 38], [1648001845787, "DIAMOND I", 54, 39], [1648004016619, "DIAMOND I", 72, 40], [1648005821711, "DIAMOND I", 35, 41], [1648078193316, "DIAMOND I", 0, 42], [1648081045440, "DIAMOND I", 49, 43], [1648085416182, "DIAMOND I", 14, 44], [1648088246710, "DIAMOND I", 24, 45], [1648430611642, "DIAMOND I", 55, 46], [1648432843565, "DIAMOND I", 65, 47], [1648436029619, "DIAMOND I", 75, 48], [1648610264667, "DIAMOND I", 64, 49], [1648612845736, "DIAMOND I", 95, 50], [1648614997458, "DIAMOND I", 85, 51], [1648693406957, "MASTER I", 16, 52], [1649573631855, "MASTER I", 0, 52]], "seasonStats": {"games": 83, "avgPlace": 4.180722891566265, "top4": 48, "win": 15, "topCarry": "TFT6_Irelia", "lastMatchId": "NA1_4316853745"}, "queueSeasonStats": {"1090": {"games": 20, "avgPlace": 4.75, "top4": 8, "win": 4, "topCarry": "TFT6_ChoGath", "lastMatchId": "NA1_4316853745"}, "1100": {"games": 52, "avgPlace": 4.365384615384615, "top4": 31, "win": 7, "topCarry": "TFT6_Irelia", "lastMatchId": "NA1_4316853745"}, "1130": {"games": 9, "avgPlace": 2.3333333333333335, "top4": 7, "win": 4, "topCarry": "TFT6_Jhin", "lastMatchId": "NA1_4316853745"}, "1150": {"games": 2, "avgPlace": 2, "top4": 2, "win": 0, "topCarry": "TFT6b_Vi", "lastMatchId": "NA1_4316853745"}}}