{"matches": [], "playerInfo": {"tier": "MASTER", "rank": "I", "leaguePoints": 0, "profileIconId": 3478, "name": "ayyegaru", "region": "na1", "localRank": [18691, 0.01991128288275236], "globalRank": [95430, 0.01842906999918119]}, "rankHistory": [[1645341427942, "DIAMOND III", 21, 5], [1645343234004, "DIAMOND III", 58, 6], [1645345565426, "DIAMOND II", 8, 7], [1645347356853, "DIAMOND II", 18, 8], [1645352229136, "DIAMOND II", 0, 9], [1645354564260, "DIAMOND II", 52, 10], [1645391831556, "DIAMOND I", 2, 11], [1645393633187, "DIAMOND I", 50, 12], [1645415649697, "DIAMOND I", 97, 13], [1645417442747, "DIAMOND I", 51, 14], [1645426037437, "DIAMOND I", 30, 15], [1645427826668, "DIAMOND I", 20, 16], [1645822029381, "DIAMOND I", 54, 17], [1645823826970, "DIAMOND I", 34, 18], [1645825626681, "DIAMOND I", 44, 19], [1645863428963, "DIAMOND I", 62, 20], [1645865225715, "MASTER I", 6, 21], [1645869056691, "MASTER I", 54, 22], [1645910225108, "MASTER I", 25, 23], [1645912025423, "MASTER I", 0, 24], [1645926425192, "MASTER I", 0, 25], [1645928962937, "MASTER I", 46, 26], [1645931825185, "MASTER I", 26, 27], [1645948024891, "MASTER I", 59, 28], [1645950366677, "MASTER I", 78, 29], [1645952368976, "MASTER I", 68, 30], [1646546497966, "MASTER I", 88, 31], [1646558850235, "MASTER I", 47, 32], [1646601713851, "MASTER I", 80, 33], [1646603859126, "MASTER I", 99, 34], [1646605905764, "MASTER I", 63, 35], [1646718427848, "MASTER I", 41, 36], [1647121627835, "MASTER I", 51, 37], [1647123428285, "MASTER I", 31, 38], [1647244028758, "MASTER I", 0, 39], [1647310953912, "MASTER I", 0, 40], [1647330428624, "MASTER I", 20, 41], [1647381155304, "MASTER I", 30, 42], [1647401622093, "MASTER I", 0, 43], [1647404228897, "MASTER I", 19, 44], [1647408156533, "MASTER I", 0, 45], [1647415028820, "MASTER I", 0, 46], [1647425828808, "MASTER I", 41, 47], [1647429100964, "MASTER I", 68, 48], [1647469028626, "MASTER I", 78, 49], [1647499629314, "MASTER I", 96, 50], [1647501428177, "MASTER I", 57, 51], [1647505742719, "MASTER I", 28, 52], [1647670629366, "MASTER I", 0, 53], [1647672765923, "MASTER I", 10, 54], [1648623203455, "MASTER I", 0, 54]], "seasonStats": {"games": 55, "avgPlace": 4.363636363636363, "top4": 30, "win": 9, "topCarry": "TFT6_Irelia", "lastMatchId": "NA1_4250999839"}, "queueSeasonStats": {"1090": {"games": 1, "avgPlace": 3, "top4": 1, "win": 0, "topCarry": "TFT6b_Vi", "lastMatchId": "NA1_4250999839"}, "1100": {"games": 54, "avgPlace": 4.388888888888889, "top4": 29, "win": 9, "topCarry": "TFT6_Irelia", "lastMatchId": "NA1_4250999839"}, "1130": {"games": 0, "avgPlace": 0, "top4": 0, "win": 0, "topCarry": "TFT6_Veigar", "lastMatchId": "NA1_4250999839"}, "1150": {"games": 0, "avgPlace": 0, "top4": 0, "win": 0, "topCarry": "TFT6_Veigar", "lastMatchId": "NA1_4250999839"}}}