{"matches": [], "playerInfo": {"tier": "MASTER", "rank": "I", "leaguePoints": 0, "profileIconId": 4379, "name": "BabyTorby", "region": "na1", "localRank": [12557, 0.013356805514189678], "globalRank": [65437, 0.01262696285044371]}, "rankHistory": [[1647748029458, "DIAMOND III", 7, 5], [1647756290140, "DIAMOND III", 32, 6], [1649537268413, "DIAMOND III", 11, 7], [1651032193145, "DIAMOND III", 1, 8], [1651113204656, "DIAMOND III", 56, 9], [1651195077930, "DIAMOND III", 66, 10], [1651202253304, "DIAMOND III", 88, 11], [1651354845971, "DIAMOND III", 62, 12], [1651360247196, "DIAMOND III", 86, 13], [1651362481680, "DIAMOND III", 96, 14], [1651364708085, "DIAMOND III", 61, 15], [1651367462117, "DIAMOND II", 16, 16], [1651369646074, "DIAMOND II", 37, 17], [1651371444135, "DIAMOND II", 1, 18], [1651373730806, "DIAMOND II", 11, 19], [1651438545741, "DIAMOND II", 1, 20], [1651441674772, "DIAMOND II", 38, 21], [1651450259432, "DIAMOND II", 15, 22], [1651535703090, "DIAMOND II", 0, 23], [1651541617357, "DIAMOND III", 75, 24], [1651543442334, "DIAMOND III", 85, 25], [1651616245303, "DIAMOND II", 38, 26], [1651623090592, "DIAMOND II", 48, 27], [1651625742586, "DIAMOND II", 98, 28], [1651797712939, "DIAMOND II", 52, 29], [1651805264375, "DIAMOND II", 89, 30], [1651963651217, "DIAMOND I", 26, 31], [1651967272436, "DIAMOND I", 36, 32], [1652045146190, "DIAMOND I", 46, 33], [1652047462443, "DIAMOND I", 36, 34], [1652072634889, "DIAMOND I", 0, 35], [1652319257297, "DIAMOND I", 10, 36], [1652325948407, "DIAMOND I", 0, 37], [1652563522539, "DIAMOND II", 75, 38], [1652570746637, "DIAMOND I", 8, 39], [1652583361280, "DIAMOND I", 0, 40], [1652585669844, "DIAMOND I", 21, 41], [1652597743870, "DIAMOND I", 31, 42], [1652646326572, "DIAMOND I", 0, 43], [1652671562551, "DIAMOND II", 75, 44], [1652762567825, "DIAMOND II", 32, 45], [1652839991326, "DIAMOND II", 42, 46], [1652843084410, "DIAMOND II", 23, 47], [1652921739450, "DIAMOND II", 13, 48], [1652927161000, "DIAMOND II", 32, 49], [1652937465368, "DIAMOND II", 66, 50], [1653018949690, "DIAMOND II", 86, 51], [1653026718178, "DIAMOND I", 33, 52], [1653106424000, "DIAMOND I", 65, 53], [1653108444390, "DIAMOND I", 75, 54], [1653158090033, "MASTER I", 11, 55], [1653162935786, "MASTER I", 0, 56], [1653163979586, "MASTER I", 0, 57]], "seasonStats": {"games": 57, "avgPlace": 4.350877192982456, "top4": 31, "win": 6, "topCarry": "TFT6_Draven", "lastMatchId": "NA1_4315400554"}, "queueSeasonStats": {"1090": {"games": 0, "avgPlace": 0, "top4": 0, "win": 0, "topCarry": "TFT6_Veigar", "lastMatchId": "NA1_4315400554"}, "1100": {"games": 57, "avgPlace": 4.350877192982456, "top4": 31, "win": 6, "topCarry": "TFT6_Draven", "lastMatchId": "NA1_4315400554"}, "1130": {"games": 0, "avgPlace": 0, "top4": 0, "win": 0, "topCarry": "TFT6_Veigar", "lastMatchId": "NA1_4315400554"}, "1150": {"games": 0, "avgPlace": 0, "top4": 0, "win": 0, "topCarry": "TFT6_Veigar", "lastMatchId": "NA1_4315400554"}}}