{"matches": [], "playerInfo": {"tier": "MASTER", "rank": "I", "leaguePoints": 62, "profileIconId": 29, "name": "BBEAR DOTA 2", "region": "na1", "localRank": [3433, 0.003656862128947797], "globalRank": [18634, 0.0035983003756259466]}, "rankHistory": [[1648931088741, "SILVER I", 61, 5], [1649197759792, "GOLD IV", 58, 6], [1649227816433, "GOLD III", 50, 7], [1649262023707, "GOLD II", 10, 8], [1649272977587, "GOLD II", 48, 9], [1649274754133, "GOLD I", 28, 10], [1649278294565, "GOLD I", 18, 11], [1649294559318, "GOLD I", 49, 12], [1649369978688, "PLATINUM IV", 12, 13], [1649377822441, "PLATINUM IV", 92, 14], [1649397626386, "PLATINUM IV", 75, 15], [1649400510586, "PLATINUM IV", 85, 16], [1649435365623, "PLATINUM III", 12, 17], [1649438991632, "PLATINUM III", 0, 18], [1649473221180, "PLATINUM IV", 75, 19], [1649483331126, "PLATINUM III", 9, 20], [1649521772200, "PLATINUM III", 0, 21], [1649525456343, "PLATINUM IV", 75, 22], [1649528316134, "PLATINUM III", 46, 23], [1649531984461, "PLATINUM III", 82, 24], [1649701168769, "PLATINUM II", 52, 25], [1649706526227, "PLATINUM I", 15, 26], [1649710192361, "PLATINUM I", 80, 27], [1649711970780, "PLATINUM I", 35, 28], [1649949494132, "PLATINUM I", 91, 29], [1650002394309, "PLATINUM I", 70, 30], [1650038558135, "DIAMOND IV", 11, 31], [1650828760363, "DIAMOND IV", 51, 32], [1651029479179, "DIAMOND IV", 32, 33], [1651087076948, "DIAMOND IV", 92, 34], [1651089327936, "DIAMOND III", 19, 35], [1651134287621, "DIAMOND III", 9, 36], [1651174429012, "DIAMOND III", 64, 37], [1651538756799, "DIAMOND II", 22, 38], [1651553699040, "DIAMOND II", 64, 39], [1651980347065, "DIAMOND II", 28, 40], [1652069526518, "DIAMOND II", 81, 41], [1652287239866, "DIAMOND I", 38, 42], [1652389473091, "DIAMOND I", 77, 43], [1652463291483, "DIAMOND I", 42, 44], [1652466267824, "DIAMOND I", 93, 45], [1652481252995, "MASTER I", 9, 46], [1652495118072, "MASTER I", 0, 47], [1653338833779, "MASTER I", 0, 48], [1653361497467, "MASTER I", 20, 49], [1653363796438, "MASTER I", 75, 50], [1653367399201, "MASTER I", 89, 51], [1653369432751, "MASTER I", 72, 52], [1653372299166, "MASTER I", 82, 53], [1653893753031, "MASTER I", 0, 53], [1654021558118, "MASTER I", 0, 54], [1654023927004, "MASTER I", 52, 55], [1654029326942, "MASTER I", 62, 56]], "seasonStats": {"games": 57, "avgPlace": 3.1052631578947367, "top4": 41, "win": 21, "topCarry": "TFT6_Sivir", "lastMatchId": "NA1_4326326378"}, "queueSeasonStats": {"1090": {"games": 1, "avgPlace": 1, "top4": 1, "win": 1, "topCarry": "TFT6_Kaisa", "lastMatchId": "NA1_4326326378"}, "1100": {"games": 56, "avgPlace": 3.142857142857143, "top4": 40, "win": 20, "topCarry": "TFT6_Sivir", "lastMatchId": "NA1_4326326378"}, "1130": {"games": 0, "avgPlace": 0, "top4": 0, "win": 0, "topCarry": "TFT6_Veigar", "lastMatchId": "NA1_4326326378"}, "1150": {"games": 0, "avgPlace": 0, "top4": 0, "win": 0, "topCarry": "TFT6_Veigar", "lastMatchId": "NA1_4326326378"}}}