{"matches": [], "playerInfo": {"tier": "MASTER", "rank": "I", "leaguePoints": 0, "profileIconId": 3478, "name": "Beb0p", "region": "na1", "localRank": [11397, 0.012131592169018402], "globalRank": [59869, 0.011556218360776995]}, "rankHistory": [[1645035424895, "DIAMOND II", 24, 5], [1645037225306, "DIAMOND II", 0, 6], [1645040825377, "DIAMOND III", 75, 7], [1645044425365, "DIAMOND II", 28, 8], [1645046224804, "DIAMOND II", 65, 9], [1645048148992, "DIAMOND II", 89, 10], [1645051624266, "DIAMOND II", 59, 11], [1645053425109, "DIAMOND II", 14, 12], [1645055225612, "DIAMOND II", 53, 13], [1645058825866, "DIAMOND II", 43, 14], [1645062424752, "DIAMOND II", 95, 15], [1645067825605, "DIAMOND I", 33, 16], [1645069625814, "DIAMOND I", 12, 17], [1645075025665, "DIAMOND I", 64, 18], [1645076824629, "MASTER I", 19, 19], [1645123624106, "MASTER I", 66, 20], [1645125424302, "MASTER I", 33, 21], [1645129023875, "MASTER I", 0, 22], [1645132624637, "MASTER I", 0, 23], [1645136224724, "MASTER I", 0, 24], [1645159624725, "MASTER I", 33, 25], [1645161424365, "MASTER I", 11, 26], [1645163224111, "MASTER I", 21, 27], [1645165024561, "MASTER I", 31, 28], [1645166943698, "MASTER I", 11, 29], [1645170424667, "MASTER I", 0, 30], [1645244225965, "MASTER I", 10, 31], [1645246362697, "MASTER I", 31, 32], [1645249625031, "MASTER I", 41, 33], [1645251424883, "MASTER I", 86, 34], [1645253224925, "MASTER I", 51, 35], [1645256824724, "MASTER I", 61, 36], [1645260572164, "MASTER I", 80, 37], [1645262568248, "MASTER I", 49, 38], [1645276624784, "MASTER I", 7, 39], [1645280225128, "MASTER I", 38, 40], [1645282024537, "MASTER I", 28, 41], [1645283977188, "MASTER I", 45, 42], [1645331142359, "MASTER I", 35, 43], [1645334224486, "MASTER I", 0, 44], [1645336024463, "MASTER I", 0, 45], [1645337987827, "MASTER I", 0, 46], [1645343224809, "MASTER I", 0, 47], [1645393796983, "MASTER I", 42, 48], [1645399198490, "MASTER I", 72, 49], [1645403032611, "MASTER I", 21, 50], [1645419394675, "MASTER I", 31, 51], [1645424225160, "MASTER I", 60, 52], [1645426204716, "MASTER I", 5, 53], [1645658224784, "MASTER I", 0, 54], [1645748224548, "MASTER I", 0, 55]], "seasonStats": {"games": 55, "avgPlace": 4.472727272727273, "top4": 27, "win": 9, "topCarry": "TFT6_Irelia", "lastMatchId": "NA1_4229266221"}, "queueSeasonStats": {"1090": {"games": 0, "avgPlace": 0, "top4": 0, "win": 0, "topCarry": "TFT6_Veigar", "lastMatchId": "NA1_4229266221"}, "1100": {"games": 55, "avgPlace": 4.472727272727273, "top4": 27, "win": 9, "topCarry": "TFT6_Irelia", "lastMatchId": "NA1_4229266221"}, "1130": {"games": 0, "avgPlace": 0, "top4": 0, "win": 0, "topCarry": "TFT6_Veigar", "lastMatchId": "NA1_4229266221"}, "1150": {"games": 0, "avgPlace": 0, "top4": 0, "win": 0, "topCarry": "TFT6_Veigar", "lastMatchId": "NA1_4229266221"}}}