{"matches": [], "playerInfo": {"tier": "MASTER", "rank": "I", "leaguePoints": 165, "profileIconId": 29, "name": "bhkit", "region": "na1", "localRank": [2054, 0.0021894106711918752], "globalRank": [10732, 0.002073911805026009]}, "rankHistory": [[1647841781198, "GOLD I", 14, 5], [1647874244876, "GOLD I", 0, 6], [1648221653609, "GOLD I", 88, 7], [1648228685470, "PLATINUM IV", 70, 8], [1648284555318, "PLATINUM III", 9, 9], [1648291666728, "PLATINUM III", 19, 10], [1648307963346, "PLATINUM III", 50, 11], [1648401492747, "PLATINUM II", 35, 12], [1648565293011, "PLATINUM II", 25, 13], [1648567106602, "PLATINUM II", 15, 14], [1648648106548, "PLATINUM II", 65, 15], [1648723703585, "PLATINUM II", 55, 16], [1648801130350, "PLATINUM II", 41, 17], [1648802885248, "PLATINUM II", 11, 18], [1648826940037, "PLATINUM II", 79, 19], [1648885683792, "PLATINUM I", 13, 20], [1648888197771, "PLATINUM I", 0, 21], [1649004475953, "PLATINUM I", 10, 22], [1649078346214, "PLATINUM I", 0, 23], [1649087304490, "PLATINUM I", 11, 24], [1649089783303, "PLATINUM I", 76, 25], [1649236063838, "DIAMOND IV", 35, 26], [1649323069299, "DIAMOND IV", 74, 27], [1649337432688, "DIAMOND IV", 24, 28], [1649340083612, "DIAMOND IV", 64, 29], [1649354476616, "DIAMOND IV", 29, 30], [1649666842523, "DIAMOND IV", 87, 31], [1649670459264, "DIAMOND III", 39, 32], [1649676278680, "DIAMOND III", 5, 33], [1649773451705, "DIAMOND III", 27, 34], [1649778469874, "DIAMOND III", 80, 35], [1649840077172, "DIAMOND III", 66, 36], [1652168881311, "DIAMOND III", 87, 37], [1652170314486, "DIAMOND II", 10, 38], [1652183271699, "DIAMOND II", 71, 39], [1652192271640, "DIAMOND II", 81, 40], [1652194071141, "DIAMOND I", 34, 41], [1652206345898, "DIAMOND I", 60, 42], [1652270642950, "MASTER I", 15, 43], [1652283241528, "MASTER I", 37, 44], [1652515930494, "MASTER I", 7, 45], [1652517730428, "MASTER I", 0, 46], [1652541433710, "MASTER I", 0, 47], [1652543231898, "MASTER I", 0, 48], [1652631922276, "MASTER I", 0, 49], [1652633718599, "MASTER I", 0, 50], [1652709865972, "MASTER I", 20, 51], [1652712150975, "MASTER I", 43, 52], [1652860031766, "MASTER I", 89, 53], [1652948730346, "MASTER I", 79, 54], [1652952877923, "MASTER I", 65, 55], [1653071133813, "MASTER I", 34, 56], [1653073484900, "MASTER I", 84, 57], [1653153935562, "MASTER I", 132, 58], [1653377144269, "MASTER I", 165, 59], [1653379992692, "MASTER I", 155, 60], [1653382541170, "MASTER I", 165, 61]], "seasonStats": {"games": 61, "avgPlace": 3.6885245901639343, "top4": 38, "win": 17, "topCarry": "TFT6_Jinx", "lastMatchId": "NA1_4318309145"}, "queueSeasonStats": {"1090": {"games": 0, "avgPlace": 0, "top4": 0, "win": 0, "topCarry": "TFT6_Veigar", "lastMatchId": "NA1_4318309145"}, "1100": {"games": 61, "avgPlace": 3.6885245901639343, "top4": 38, "win": 17, "topCarry": "TFT6_Jinx", "lastMatchId": "NA1_4318309145"}, "1130": {"games": 0, "avgPlace": 0, "top4": 0, "win": 0, "topCarry": "TFT6_Veigar", "lastMatchId": "NA1_4318309145"}, "1150": {"games": 0, "avgPlace": 0, "top4": 0, "win": 0, "topCarry": "TFT6_Veigar", "lastMatchId": "NA1_4318309145"}}}