{"matches": [], "playerInfo": {"tier": "MASTER", "rank": "I", "leaguePoints": 0, "profileIconId": 4615, "name": "BI2Y4N", "region": "na1", "localRank": [19557, 0.02081490729240171], "globalRank": [99342, 0.019174172249852926], "hyperrollLeague": ["ORANGE", 4346]}, "rankHistory": [[1645669043533, "DIAMOND III", 43, 5], [1645674439271, "DIAMOND III", 86, 6], [1645678033888, "DIAMOND II", 15, 7], [1645715831767, "DIAMOND II", 33, 8], [1645717845110, "DIAMOND II", 43, 9], [1645721229764, "DIAMOND II", 17, 10], [1645725510801, "DIAMOND II", 27, 11], [1645730233782, "DIAMOND II", 37, 12], [1645733838783, "DIAMOND II", 26, 13], [1645762642249, "DIAMOND II", 0, 14], [1645764946933, "DIAMOND II", 18, 15], [1645805832131, "DIAMOND II", 0, 16], [1645818442049, "DIAMOND II", 41, 17], [1645823840772, "DIAMOND II", 68, 18], [1645829240091, "DIAMOND I", 8, 19], [1645831547224, "DIAMOND I", 18, 20], [1645834639325, "DIAMOND I", 0, 21], [1645841828562, "DIAMOND II", 75, 22], [1645922833819, "DIAMOND II", 93, 23], [1645930027158, "DIAMOND II", 83, 24], [1645975030519, "DIAMOND II", 38, 25], [1645977578225, "DIAMOND II", 56, 26], [1645985828971, "DIAMOND II", 74, 27], [1645988182418, "DIAMOND II", 84, 28], [1645991241244, "DIAMOND II", 22, 29], [1645998429137, "DIAMOND II", 32, 30], [1646148404171, "DIAMOND II", 0, 31], [1646158640421, "DIAMOND III", 75, 32], [1646160434839, "DIAMOND III", 36, 33], [1646162236133, "DIAMOND III", 26, 34], [1646272032154, "DIAMOND III", 57, 35], [1646275637546, "DIAMOND III", 15, 36], [1646279232149, "DIAMOND III", 58, 37], [1646353027521, "DIAMOND II", 3, 38], [1646360831736, "DIAMOND II", 46, 39], [1646435839696, "DIAMOND II", 56, 40], [1646447245378, "DIAMOND II", 46, 41], [1646519499002, "DIAMOND II", 76, 42], [1646526130877, "DIAMOND II", 86, 43], [1646533051752, "DIAMOND II", 60, 44], [1646582277172, "DIAMOND II", 50, 45], [1646591262696, "DIAMOND II", 80, 46], [1646607722527, "DIAMOND II", 38, 47], [1646612250381, "DIAMOND II", 82, 48], [1646615832246, "DIAMOND I", 11, 49], [1646619738740, "DIAMOND I", 29, 50], [1646710093852, "DIAMOND I", 39, 51], [1646715476627, "DIAMOND I", 15, 52], [1646798558917, "DIAMOND I", 59, 53], [1646881084586, "MASTER I", 1, 54], [1647758828314, "MASTER I", 0, 54]], "seasonStats": {"games": 335, "avgPlace": 3.955223880597015, "top4": 207, "win": 64, "topCarry": "TFT6_Warwick", "lastMatchId": "NA1_4322057737"}, "queueSeasonStats": {"1090": {"games": 22, "avgPlace": 3.5454545454545454, "top4": 16, "win": 3, "topCarry": "TFT6_Irelia", "lastMatchId": "NA1_4322057737"}, "1100": {"games": 54, "avgPlace": 4.018518518518518, "top4": 33, "win": 11, "topCarry": "TFT6_Sivir", "lastMatchId": "NA1_4322057737"}, "1130": {"games": 201, "avgPlace": 3.9800995024875623, "top4": 120, "win": 44, "topCarry": "TFT6_Twitch", "lastMatchId": "NA1_4322057737"}, "1150": {"games": 58, "avgPlace": 3.9655172413793105, "top4": 38, "win": 6, "topCarry": "TFT6_Jhin", "lastMatchId": "NA1_4322057737"}}}