{"matches": [], "playerInfo": {"tier": "MASTER", "rank": "I", "leaguePoints": 0, "profileIconId": 1628, "name": "Brother Anto", "region": "na1", "localRank": [15003, 0.015957735348144115], "globalRank": [77989, 0.015048633237008497]}, "rankHistory": [[1645136230210, "DIAMOND III", 81, 5], [1645138027617, "DIAMOND III", 92, 6], [1645143427276, "DIAMOND II", 50, 7], [1645145231858, "DIAMOND II", 31, 8], [1645175828847, "DIAMOND II", 21, 9], [1645177631781, "DIAMOND II", 0, 10], [1645388229040, "DIAMOND II", 55, 11], [1645404436386, "DIAMOND II", 36, 12], [1645415237398, "DIAMOND II", 74, 13], [1645476433224, "DIAMOND II", 64, 14], [1645481838078, "DIAMOND II", 31, 15], [1645483637331, "DIAMOND II", 0, 16], [1645485430774, "DIAMOND III", 75, 17], [1645496236092, "DIAMOND II", 14, 18], [1645562828092, "DIAMOND II", 36, 19], [1645565097134, "DIAMOND II", 71, 20], [1645597510438, "DIAMOND II", 93, 21], [1645642038790, "DIAMOND I", 44, 22], [1645643840797, "DIAMOND I", 0, 23], [1645741248343, "DIAMOND II", 75, 24], [1645924638372, "DIAMOND II", 55, 25], [1646330458181, "DIAMOND II", 77, 26], [1646333230614, "DIAMOND II", 87, 27], [1646335034861, "DIAMOND II", 42, 28], [1646428638682, "DIAMOND II", 0, 29], [1646430444031, "DIAMOND II", 53, 30], [1648446429552, "DIAMOND II", 76, 31], [1648496855699, "DIAMOND I", 23, 32], [1648686210980, "DIAMOND I", 0, 33], [1648688441887, "DIAMOND II", 75, 34], [1649180850511, "DIAMOND II", 85, 35], [1649193856898, "DIAMOND II", 39, 36], [1649436433874, "DIAMOND II", 0, 37], [1649718119077, "DIAMOND II", 49, 38], [1649780231439, "DIAMOND II", 69, 39], [1649823447181, "DIAMOND I", 3, 40], [1649825684134, "DIAMOND I", 0, 41], [1649867508563, "DIAMOND II", 75, 42], [1649870244744, "DIAMOND II", 65, 43], [1650398064422, "DIAMOND II", 85, 44], [1650400759868, "DIAMOND I", 32, 45], [1650482277783, "DIAMOND I", 65, 46], [1650484063344, "DIAMOND I", 55, 47], [1650485868177, "DIAMOND I", 78, 48], [1650488545963, "MASTER I", 13, 49], [1651388089112, "MASTER I", 0, 49], [1651537031876, "MASTER I", 0, 50], [1653158581020, "MASTER I", 33, 51], [1653288937277, "MASTER I", 0, 51], [1653365832392, "MASTER I", 0, 52]], "seasonStats": {"games": 56, "avgPlace": 4.214285714285714, "top4": 30, "win": 8, "topCarry": "TFT6_Twitch", "lastMatchId": "NA1_4317873359"}, "queueSeasonStats": {"1090": {"games": 0, "avgPlace": 0, "top4": 0, "win": 0, "topCarry": "TFT6_Veigar", "lastMatchId": "NA1_4317873359"}, "1100": {"games": 52, "avgPlace": 4.25, "top4": 27, "win": 8, "topCarry": "TFT6_Twitch", "lastMatchId": "NA1_4317873359"}, "1130": {"games": 0, "avgPlace": 0, "top4": 0, "win": 0, "topCarry": "TFT6_Veigar", "lastMatchId": "NA1_4317873359"}, "1150": {"games": 4, "avgPlace": 3.75, "top4": 3, "win": 0, "topCarry": "TFT6_Malzahar", "lastMatchId": "NA1_4317873359"}}}