{"matches": [], "playerInfo": {"tier": "MASTER", "rank": "I", "leaguePoints": 0, "profileIconId": 4567, "name": "B\u00e2oB\u00e2o", "region": "na1", "localRank": [18423, 0.019629570830221207], "globalRank": [94201, 0.018195651787597574]}, "rankHistory": [[1646003834777, "DIAMOND III", 43, 5], [1646275628653, "DIAMOND III", 88, 6], [1646281039509, "DIAMOND III", 99, 7], [1646283102218, "DIAMOND III", 89, 8], [1646285454524, "DIAMOND II", 9, 9], [1646291828594, "DIAMOND II", 52, 10], [1646293649938, "DIAMOND II", 12, 11], [1646360239422, "DIAMOND II", 72, 12], [1646446651766, "DIAMOND II", 86, 13], [1646450512252, "DIAMOND II", 76, 14], [1646452644230, "DIAMOND II", 86, 15], [1646455631692, "DIAMOND I", 25, 16], [1646458061018, "DIAMOND I", 61, 17], [1646536636118, "DIAMOND I", 50, 18], [1646538716235, "DIAMOND I", 60, 19], [1646541091934, "MASTER I", 15, 20], [1647404228786, "MASTER I", 0, 21], [1647406738355, "MASTER I", 59, 22], [1647411428633, "MASTER I", 118, 23], [1647579159670, "MASTER I", 108, 24], [1647581644240, "MASTER I", 134, 25], [1647584228389, "MASTER I", 187, 26], [1647838027941, "MASTER I", 201, 27], [1647839829176, "MASTER I", 152, 28], [1647842369348, "MASTER I", 190, 29], [1647846271470, "MASTER I", 155, 30], [1647929085812, "MASTER I", 197, 31], [1648342807249, "MASTER I", 148, 32], [1648344606901, "MASTER I", 110, 33], [1648345992883, "MASTER I", 76, 34], [1648621028832, "MASTER I", 111, 35], [1648709603751, "MASTER I", 0, 35], [1648711028636, "MASTER I", 59, 36], [1648782374184, "MASTER I", 25, 37], [1648784829348, "MASTER I", 0, 38], [1648786629108, "MASTER I", 0, 39], [1648788807816, "MASTER I", 10, 40], [1648790607591, "MASTER I", 0, 41], [1648880229004, "MASTER I", 51, 42], [1649209628894, "MASTER I", 61, 43], [1649397673845, "MASTER I", 27, 44], [1649465630881, "MASTER I", 79, 45], [1649469677717, "MASTER I", 48, 46], [1649471850035, "MASTER I", 38, 47], [1649490831344, "MASTER I", 48, 48], [1649493080729, "MASTER I", 58, 49], [1649495245785, "MASTER I", 77, 50], [1649555228453, "MASTER I", 44, 51], [1649561850842, "MASTER I", 34, 52], [1649563650879, "MASTER I", 2, 53], [1650094707355, "MASTER I", 0, 54], [1650097031387, "MASTER I", 24, 55], [1650098828965, "MASTER I", 14, 56], [1650610467068, "MASTER I", 0, 56]], "seasonStats": {"games": 78, "avgPlace": 3.7948717948717947, "top4": 53, "win": 13, "topCarry": "TFT6_Draven", "lastMatchId": "NA1_4281814138"}, "queueSeasonStats": {"1090": {"games": 10, "avgPlace": 2.7, "top4": 9, "win": 3, "topCarry": "TFT6_Jhin", "lastMatchId": "NA1_4281814138"}, "1100": {"games": 56, "avgPlace": 4.160714285714286, "top4": 33, "win": 10, "topCarry": "TFT6_Draven", "lastMatchId": "NA1_4281814138"}, "1130": {"games": 0, "avgPlace": 0, "top4": 0, "win": 0, "topCarry": "TFT6_Veigar", "lastMatchId": "NA1_4281814138"}, "1150": {"games": 12, "avgPlace": 3, "top4": 11, "win": 0, "topCarry": "TFT6_Leona", "lastMatchId": "NA1_4281814138"}}}