{"matches": [], "playerInfo": {"tier": "MASTER", "rank": "I", "leaguePoints": 0, "profileIconId": 5331, "name": "Chi F\u00e0n F\u00e0n", "region": "na1", "localRank": [10622, 0.01130346318872165], "globalRank": [56298, 0.01086543882202879]}, "rankHistory": [[1645640442770, "DIAMOND III", 58, 5], [1645642519362, "DIAMOND III", 84, 6], [1645644496419, "DIAMOND III", 37, 7], [1645652836290, "DIAMOND III", 47, 8], [1645739229313, "DIAMOND III", 97, 9], [1645921044523, "DIAMOND III", 50, 10], [1646182037860, "DIAMOND III", 28, 11], [1646277446735, "DIAMOND III", 81, 12], [1646279240704, "DIAMOND III", 71, 13], [1646326290720, "DIAMOND III", 61, 14], [1646328419012, "DIAMOND III", 28, 15], [1646330227413, "DIAMOND III", 17, 16], [1646333243513, "DIAMOND III", 57, 17], [1646342245642, "DIAMOND III", 38, 18], [1646344034940, "DIAMOND III", 28, 19], [1646345837255, "DIAMOND III", 0, 20], [1646444838874, "DIAMOND IV", 75, 21], [1646446644275, "DIAMOND IV", 65, 22], [1646976522094, "DIAMOND IV", 93, 23], [1647001046091, "DIAMOND IV", 83, 24], [1647066165386, "DIAMOND IV", 50, 25], [1647068589970, "DIAMOND IV", 77, 26], [1647710593408, "DIAMOND III", 31, 27], [1647795587745, "DIAMOND III", 0, 28], [1647797697617, "DIAMOND III", 21, 29], [1647800260192, "DIAMOND III", 11, 30], [1647813196729, "DIAMOND III", 50, 31], [1647815398917, "DIAMOND III", 71, 32], [1647886637351, "DIAMOND III", 24, 33], [1647887697039, "DIAMOND III", 0, 34], [1647890233326, "DIAMOND III", 25, 35], [1647975606506, "DIAMOND III", 6, 36], [1648074605642, "DIAMOND III", 0, 37], [1648076711365, "DIAMOND III", 21, 38], [1648102659709, "DIAMOND III", 1, 39], [1648104805878, "DIAMOND III", 23, 40], [1648167796570, "DIAMOND III", 57, 41], [1648170003073, "DIAMOND II", 6, 42], [1648177537813, "DIAMOND II", 0, 43], [1648180058971, "DIAMOND III", 75, 44], [1648248451309, "DIAMOND III", 41, 45], [1648594428835, "DIAMOND III", 31, 46], [1648700255160, "DIAMOND III", 41, 47], [1648704240977, "DIAMOND III", 78, 48], [1648706776410, "DIAMOND II", 28, 49], [1648775181989, "DIAMOND II", 75, 50], [1648776992119, "DIAMOND II", 55, 51], [1648858661727, "DIAMOND I", 4, 52], [1648860825604, "DIAMOND I", 51, 53], [1648864043660, "DIAMOND I", 83, 54], [1648868786506, "MASTER I", 1, 55], [1649700468846, "MASTER I", 31, 56], [1649832841035, "MASTER I", 0, 56], [1650937629349, "MASTER I", 34, 57], [1650938569915, "MASTER I", 0, 58]], "seasonStats": {"games": 106, "avgPlace": 3.7358490566037736, "top4": 66, "win": 23, "topCarry": "TFT6b_Vi", "lastMatchId": "NA1_4321343630"}, "queueSeasonStats": {"1090": {"games": 48, "avgPlace": 3.1666666666666665, "top4": 36, "win": 14, "topCarry": "TFT6_Jayce", "lastMatchId": "NA1_4321343630"}, "1100": {"games": 58, "avgPlace": 4.206896551724138, "top4": 30, "win": 9, "topCarry": "TFT6b_Vi", "lastMatchId": "NA1_4321343630"}, "1130": {"games": 0, "avgPlace": 0, "top4": 0, "win": 0, "topCarry": "TFT6_Veigar", "lastMatchId": "NA1_4321343630"}, "1150": {"games": 0, "avgPlace": 0, "top4": 0, "win": 0, "topCarry": "TFT6_Veigar", "lastMatchId": "NA1_4321343630"}}}