{"matches": [], "playerInfo": {"tier": "MASTER", "rank": "I", "leaguePoints": 0, "profileIconId": 28, "name": "chloyi1", "region": "na1", "localRank": [8987, 0.009568731001219116], "globalRank": [48454, 0.009353864448693608]}, "rankHistory": [[1646992134778, "PLATINUM II", 97, 5], [1647082678667, "PLATINUM II", 78, 6], [1647209916106, "PLATINUM II", 37, 7], [1647211737871, "PLATINUM II", 10, 8], [1647224289356, "PLATINUM II", 71, 9], [1647226701460, "PLATINUM II", 39, 10], [1647503271690, "PLATINUM II", 6, 11], [1647505716509, "PLATINUM II", 73, 12], [1647507495269, "PLATINUM II", 63, 13], [1647510497344, "PLATINUM II", 53, 14], [1647511090441, "PLATINUM II", 8, 15], [1647512325941, "PLATINUM II", 0, 16], [1647650873381, "PLATINUM II", 13, 17], [1647652666581, "PLATINUM II", 71, 18], [1647656941081, "PLATINUM II", 53, 19], [1647659917138, "PLATINUM II", 94, 20], [1647661735036, "PLATINUM I", 51, 21], [1647663768226, "DIAMOND IV", 7, 22], [1647675275776, "DIAMOND IV", 44, 23], [1647677835212, "DIAMOND IV", 80, 24], [1647679992562, "DIAMOND III", 32, 25], [1647682462123, "DIAMOND III", 81, 26], [1647686855088, "DIAMOND III", 35, 27], [1647688657362, "DIAMOND III", 88, 28], [1647742636232, "DIAMOND III", 78, 29], [1647744773942, "DIAMOND III", 45, 30], [1647746984659, "DIAMOND III", 35, 31], [1647749835213, "DIAMOND III", 73, 32], [1647777175393, "DIAMOND III", 83, 33], [1647778988363, "DIAMOND III", 73, 34], [1647780786068, "DIAMOND III", 34, 35], [1647782982918, "DIAMOND III", 23, 36], [1647785834043, "DIAMOND III", 70, 37], [1647830078088, "DIAMOND III", 90, 38], [1647832642743, "DIAMOND II", 23, 39], [1647834443659, "DIAMOND II", 73, 40], [1647836586480, "DIAMOND I", 19, 41], [1647838382431, "DIAMOND I", 0, 42], [1647848840126, "DIAMOND II", 75, 43], [1647850629648, "DIAMOND I", 23, 44], [1647853490320, "DIAMOND I", 66, 45], [1647860369007, "MASTER I", 10, 46], [1648796008348, "MASTER I", 0, 46], [1651560890099, "MASTER I", 0, 47], [1651922705844, "MASTER I", 0, 48], [1653010964514, "MASTER I", 0, 49], [1653012279818, "MASTER I", 0, 50], [1653272740803, "MASTER I", 39, 51], [1653275093205, "MASTER I", 80, 52], [1653307996494, "MASTER I", 110, 53], [1653309296572, "MASTER I", 83, 54], [1653310541144, "MASTER I", 25, 55], [1653622513713, "MASTER I", 0, 56], [1653623748358, "MASTER I", 0, 57], [1653975847079, "MASTER I", 0, 58], [1654058831326, "MASTER I", 0, 59], [1654061159445, "MASTER I", 0, 60]], "seasonStats": {"games": 60, "avgPlace": 4.25, "top4": 29, "win": 17, "topCarry": "TFT6_Warwick", "lastMatchId": "NA1_4326880436"}, "queueSeasonStats": {"1090": {"games": 0, "avgPlace": 0, "top4": 0, "win": 0, "topCarry": "TFT6_Veigar", "lastMatchId": "NA1_4326880436"}, "1100": {"games": 60, "avgPlace": 4.25, "top4": 29, "win": 17, "topCarry": "TFT6_Warwick", "lastMatchId": "NA1_4326880436"}, "1130": {"games": 0, "avgPlace": 0, "top4": 0, "win": 0, "topCarry": "TFT6_Veigar", "lastMatchId": "NA1_4326880436"}, "1150": {"games": 0, "avgPlace": 0, "top4": 0, "win": 0, "topCarry": "TFT6_Veigar", "lastMatchId": "NA1_4326880436"}}}