{"matches": [], "playerInfo": {"tier": "MASTER", "rank": "I", "leaguePoints": 0, "profileIconId": 4832, "name": "coeur", "region": "na1", "localRank": [18009, 0.019184818330668332], "globalRank": [92254, 0.017815860546001067]}, "rankHistory": [[1645582626862, "DIAMOND II", 7, 5], [1645584426400, "DIAMOND II", 0, 6], [1645586704750, "DIAMOND III", 75, 7], [1645663636999, "DIAMOND II", 21, 8], [1645760834534, "DIAMOND II", 31, 9], [1645809434737, "DIAMOND II", 41, 10], [1645811233173, "DIAMOND II", 59, 11], [1645818442953, "DIAMOND I", 1, 12], [1645825632215, "DIAMOND I", 0, 13], [1645829237358, "DIAMOND I", 35, 14], [1645831038359, "DIAMOND I", 76, 15], [1645838452979, "MASTER I", 17, 16], [1645896058402, "MASTER I", 7, 17], [1645898355973, "MASTER I", 50, 18], [1645903555834, "MASTER I", 40, 19], [1645914063067, "MASTER I", 0, 20], [1645916159605, "MASTER I", 19, 21], [1645928226239, "MASTER I", 29, 22], [1645977369347, "MASTER I", 50, 23], [1645980425488, "MASTER I", 12, 24], [1645982225105, "MASTER I", 22, 25], [1645984025885, "MASTER I", 1, 26], [1645985825540, "MASTER I", 0, 27], [1645991225439, "MASTER I", 10, 28], [1645994825559, "MASTER I", 0, 29], [1646003825560, "MASTER I", 0, 30], [1646005626082, "MASTER I", 0, 31], [1646074583219, "MASTER I", 0, 32], [1646079425332, "MASTER I", 0, 33], [1646174829763, "MASTER I", 17, 34], [1646248625622, "MASTER I", 0, 35], [1646321219984, "MASTER I", 10, 36], [1646325041942, "MASTER I", 0, 37], [1646339484613, "MASTER I", 16, 38], [1646360226930, "MASTER I", 41, 39], [1646408825594, "MASTER I", 0, 40], [1647465428160, "MASTER I", 26, 41], [1647586360226, "MASTER I", 0, 41], [1647741869968, "MASTER I", 0, 42], [1648169588560, "MASTER I", 0, 43], [1648339208370, "MASTER I", 0, 44], [1648928828284, "MASTER I", 0, 45], [1648958796405, "MASTER I", 0, 46], [1649014602456, "MASTER I", 30, 47], [1649039807486, "MASTER I", 0, 48], [1649288828242, "MASTER I", 24, 49], [1649400826481, "MASTER I", 0, 49], [1649525484228, "MASTER I", 14, 50], [1649532234558, "MASTER I", 29, 51], [1649557884934, "MASTER I", 39, 52], [1649626288392, "MASTER I", 49, 53], [1649631691834, "MASTER I", 59, 54], [1649647028846, "MASTER I", 94, 55], [1649717230614, "MASTER I", 34, 56], [1649770301123, "MASTER I", 58, 57], [1649793239350, "MASTER I", 0, 58], [1652751298498, "MASTER I", 0, 59], [1652909130188, "MASTER I", 15, 60], [1653029733442, "MASTER I", 0, 60]], "seasonStats": {"games": 62, "avgPlace": 4.612903225806452, "top4": 33, "win": 8, "topCarry": "TFT6_Irelia", "lastMatchId": "NA1_4312335844"}, "queueSeasonStats": {"1090": {"games": 2, "avgPlace": 4.5, "top4": 1, "win": 0, "topCarry": "TFT6_Draven", "lastMatchId": "NA1_4312335844"}, "1100": {"games": 60, "avgPlace": 4.616666666666666, "top4": 32, "win": 8, "topCarry": "TFT6_Irelia", "lastMatchId": "NA1_4312335844"}, "1130": {"games": 0, "avgPlace": 0, "top4": 0, "win": 0, "topCarry": "TFT6_Veigar", "lastMatchId": "NA1_4312335844"}, "1150": {"games": 0, "avgPlace": 0, "top4": 0, "win": 0, "topCarry": "TFT6_Veigar", "lastMatchId": "NA1_4312335844"}}}