{"matches": [], "playerInfo": {"tier": "MASTER", "rank": "I", "leaguePoints": 4, "profileIconId": 5091, "name": "Coover", "region": "na1", "localRank": [5793, 0.006161343604721038], "globalRank": [34326, 0.006623398274512709], "hyperrollLeague": ["ORANGE", 4300]}, "rankHistory": [[1645474671329, "PLATINUM II", 3, 5], [1645478259825, "PLATINUM II", 64, 6], [1645480064768, "PLATINUM II", 87, 7], [1645481844574, "PLATINUM I", 29, 8], [1645484047288, "PLATINUM I", 86, 9], [1645487231042, "DIAMOND IV", 40, 10], [1645577239939, "DIAMOND IV", 0, 11], [1645579028015, "DIAMOND IV", 10, 12], [1646097428646, "DIAMOND IV", 0, 13], [1646099242187, "DIAMOND IV", 0, 14], [1646263627744, "DIAMOND IV", 10, 15], [1646266628512, "DIAMOND IV", 33, 16], [1646268447175, "DIAMOND IV", 71, 17], [1646270231877, "DIAMOND IV", 53, 18], [1646434037176, "DIAMOND IV", 19, 19], [1646435846995, "DIAMOND IV", 9, 20], [1646437651594, "DIAMOND IV", 0, 21], [1646439447837, "DIAMOND IV", 23, 22], [1647039152398, "DIAMOND IV", 13, 23], [1647042446062, "DIAMOND IV", 36, 24], [1647043381665, "DIAMOND IV", 2, 25], [1647045174364, "DIAMOND IV", 0, 26], [1647047829823, "DIAMOND IV", 10, 27], [1647103955245, "DIAMOND IV", 0, 28], [1647106108037, "DIAMOND IV", 20, 29], [1647109054447, "DIAMOND IV", 51, 30], [1647114442135, "DIAMOND IV", 71, 31], [1647116240289, "DIAMOND IV", 91, 32], [1647122319134, "DIAMOND III", 11, 33], [1647129527299, "DIAMOND III", 30, 34], [1647132756226, "DIAMOND III", 20, 35], [1647134564216, "DIAMOND III", 0, 36], [1647553629026, "DIAMOND IV", 75, 37], [1647555452566, "DIAMOND III", 21, 38], [1647557251407, "DIAMOND III", 1, 39], [1648163142394, "DIAMOND III", 0, 40], [1652470488782, "DIAMOND III", 43, 41], [1652555076265, "DIAMOND III", 62, 42], [1652557356938, "DIAMOND II", 7, 43], [1652735102006, "DIAMOND II", 0, 44], [1652737658112, "DIAMOND II", 30, 45], [1652740507318, "DIAMOND II", 60, 46], [1652743090003, "DIAMOND II", 70, 47], [1652819693975, "DIAMOND II", 80, 48], [1652821528148, "DIAMOND II", 90, 49], [1652823318453, "DIAMOND I", 1, 50], [1652904318127, "DIAMOND I", 11, 51], [1652906604494, "DIAMOND I", 27, 52], [1653431730145, "DIAMOND I", 67, 53], [1653693252551, "DIAMOND I", 85, 54], [1653695568222, "MASTER I", 4, 55]], "seasonStats": {"games": 212, "avgPlace": 3.693396226415094, "top4": 142, "win": 34, "topCarry": "TFT6b_Vi", "lastMatchId": "NA1_4321971859"}, "queueSeasonStats": {"1090": {"games": 101, "avgPlace": 3.772277227722772, "top4": 64, "win": 15, "topCarry": "TFT6_Jhin", "lastMatchId": "NA1_4321971859"}, "1100": {"games": 55, "avgPlace": 3.8181818181818183, "top4": 37, "win": 9, "topCarry": "TFT6_Irelia", "lastMatchId": "NA1_4321971859"}, "1130": {"games": 48, "avgPlace": 3.5833333333333335, "top4": 33, "win": 10, "topCarry": "TFT6_Sivir", "lastMatchId": "NA1_4321971859"}, "1150": {"games": 8, "avgPlace": 2.5, "top4": 8, "win": 0, "topCarry": "TFT6_Irelia", "lastMatchId": "NA1_4321971859"}}}