{"matches": [], "playerInfo": {"tier": "MASTER", "rank": "I", "leaguePoints": 0, "profileIconId": 983, "name": "daCableguy", "region": "na1", "localRank": [18258, 0.019458325739918344], "globalRank": [93439, 0.018053434797401933]}, "rankHistory": [[1648526460453, "DIAMOND III", 34, 5], [1648529250547, "DIAMOND III", 47, 6], [1648531823724, "DIAMOND III", 66, 7], [1648534636823, "DIAMOND III", 93, 8], [1648538266023, "DIAMOND II", 39, 9], [1648694830390, "DIAMOND II", 49, 10], [1648697451584, "DIAMOND II", 67, 11], [1648701041800, "DIAMOND II", 26, 12], [1648704217379, "DIAMOND II", 51, 13], [1648706448993, "DIAMOND II", 15, 14], [1648709622482, "DIAMOND II", 49, 15], [1648713216674, "DIAMOND II", 34, 16], [1648714665920, "DIAMOND II", 9, 17], [1648717588705, "DIAMOND II", 0, 18], [1648719070392, "DIAMOND III", 75, 19], [1648769041574, "DIAMOND III", 53, 20], [1648774426362, "DIAMOND III", 43, 21], [1648776983119, "DIAMOND III", 61, 22], [1648779833354, "DIAMOND II", 20, 23], [1648785210511, "DIAMOND II", 60, 24], [1648790237532, "DIAMOND I", 21, 25], [1651711264331, "DIAMOND I", 0, 26], [1651713086477, "DIAMOND II", 75, 27], [1651715699311, "DIAMOND II", 97, 28], [1651718488526, "DIAMOND I", 15, 29], [1651720295243, "DIAMOND I", 25, 30], [1651722925728, "DIAMOND I", 45, 31], [1651724748553, "DIAMOND I", 0, 32], [1651727017278, "DIAMOND I", 51, 33], [1651729291288, "DIAMOND I", 61, 34], [1651731436397, "DIAMOND I", 71, 35], [1651733709887, "DIAMOND I", 93, 36], [1651736459223, "MASTER I", 33, 37], [1651738631967, "MASTER I", 55, 38], [1651741412905, "MASTER I", 105, 39], [1652330537097, "MASTER I", 95, 40], [1652334432933, "MASTER I", 133, 41], [1652339832779, "MASTER I", 197, 42], [1652341632833, "MASTER I", 161, 43], [1652344444732, "MASTER I", 189, 44], [1652346246216, "MASTER I", 170, 45], [1652348831845, "MASTER I", 186, 46], [1652351114836, "MASTER I", 207, 47], [1652352913294, "MASTER I", 172, 48], [1652355712966, "MASTER I", 227, 49], [1652357832233, "MASTER I", 249, 50], [1652360646704, "MASTER I", 225, 51], [1652363232329, "MASTER I", 240, 52], [1652365514480, "MASTER I", 290, 53], [1652367314578, "MASTER I", 272, 54], [1652370114610, "MASTER I", 326, 55], [1653288937581, "MASTER I", 76, 55], [1653375339917, "MASTER I", 0, 55]], "seasonStats": {"games": 55, "avgPlace": 3.909090909090909, "top4": 36, "win": 9, "topCarry": "TFT6_Jinx", "lastMatchId": "NA1_4305100888"}, "queueSeasonStats": {"1090": {"games": 0, "avgPlace": 0, "top4": 0, "win": 0, "topCarry": "TFT6_Veigar", "lastMatchId": "NA1_4305100888"}, "1100": {"games": 55, "avgPlace": 3.909090909090909, "top4": 36, "win": 9, "topCarry": "TFT6_Tryndamere", "lastMatchId": "NA1_4305100888"}, "1130": {"games": 0, "avgPlace": 0, "top4": 0, "win": 0, "topCarry": "TFT6_Veigar", "lastMatchId": "NA1_4305100888"}, "1150": {"games": 0, "avgPlace": 0, "top4": 0, "win": 0, "topCarry": "TFT6_Veigar", "lastMatchId": "NA1_4305100888"}}}