{"matches": [], "playerInfo": {"tier": "MASTER", "rank": "I", "leaguePoints": 0, "profileIconId": 4804, "name": "darers", "region": "na1", "localRank": [8415, 0.008962577643720764], "globalRank": [45702, 0.008824549943511836], "hyperrollLeague": ["PURPLE", 3866]}, "rankHistory": [[1649470082704, "DIAMOND II", 1, 5], [1649477852594, "DIAMOND II", 0, 6], [1649479664521, "DIAMOND III", 75, 7], [1649486859080, "DIAMOND III", 27, 8], [1649489067635, "DIAMOND III", 17, 9], [1649491667029, "DIAMOND III", 7, 10], [1649494035653, "DIAMOND III", 17, 11], [1649541702292, "DIAMOND III", 42, 12], [1649543878210, "DIAMOND III", 22, 13], [1649567867273, "DIAMOND III", 45, 14], [1649570065037, "DIAMOND III", 66, 15], [1649577705017, "DIAMOND III", 32, 16], [1649579871455, "DIAMOND III", 0, 17], [1649640248073, "DIAMOND III", 26, 18], [1649642874628, "DIAMOND III", 16, 19], [1649645258953, "DIAMOND III", 39, 20], [1649647932355, "DIAMOND III", 59, 21], [1649652850690, "DIAMOND III", 69, 22], [1649656439720, "DIAMOND III", 48, 23], [1649658713315, "DIAMOND III", 86, 24], [1649729835144, "DIAMOND III", 96, 25], [1649737912164, "DIAMOND II", 32, 26], [1649742459031, "DIAMOND II", 42, 27], [1649743715294, "DIAMOND II", 0, 28], [1649746053201, "DIAMOND III", 75, 29], [1649748304853, "DIAMOND III", 85, 30], [1649750917363, "DIAMOND II", 8, 31], [1649789262035, "DIAMOND II", 63, 32], [1649805850681, "DIAMOND II", 73, 33], [1649808487874, "DIAMOND II", 54, 34], [1649810845757, "DIAMOND II", 64, 35], [1649813532762, "DIAMOND II", 85, 36], [1649828842779, "DIAMOND II", 75, 37], [1649830632514, "DIAMOND II", 57, 38], [1649832885532, "DIAMOND II", 67, 39], [1649914320992, "DIAMOND II", 77, 40], [1649916501426, "DIAMOND II", 87, 41], [1649919260780, "DIAMOND II", 70, 42], [1649922458329, "DIAMOND I", 18, 43], [1649924261035, "DIAMOND I", 8, 44], [1649983651675, "DIAMOND I", 0, 45], [1649986342857, "DIAMOND I", 49, 46], [1649989919008, "DIAMOND I", 3, 47], [1649992103576, "DIAMOND I", 22, 48], [1650000757335, "DIAMOND I", 4, 49], [1650003470293, "DIAMOND I", 22, 50], [1650008835850, "DIAMOND I", 55, 51], [1650053866831, "DIAMOND I", 7, 52], [1650056072142, "DIAMOND I", 43, 53], [1650163152694, "DIAMOND I", 9, 54], [1650165447618, "DIAMOND I", 56, 55], [1650168163167, "DIAMOND I", 76, 56], [1650170863430, "DIAMOND I", 86, 57], [1650173055507, "MASTER I", 19, 58], [1651042481106, "MASTER I", 0, 58]], "seasonStats": {"games": 209, "avgPlace": 3.8947368421052633, "top4": 126, "win": 53, "topCarry": "TFT6_Warwick", "lastMatchId": "NA1_4317428291"}, "queueSeasonStats": {"1090": {"games": 10, "avgPlace": 1.5, "top4": 9, "win": 8, "topCarry": "TFT6_Warwick", "lastMatchId": "NA1_4317428291"}, "1100": {"games": 58, "avgPlace": 4.172413793103448, "top4": 35, "win": 5, "topCarry": "TFT6_Warwick", "lastMatchId": "NA1_4317428291"}, "1130": {"games": 64, "avgPlace": 4.09375, "top4": 37, "win": 14, "topCarry": "TFT6_Warwick", "lastMatchId": "NA1_4317428291"}, "1150": {"games": 77, "avgPlace": 3.831168831168831, "top4": 45, "win": 26, "topCarry": "TFT6_Warwick", "lastMatchId": "NA1_4317428291"}}}