{"matches": [], "playerInfo": {"tier": "MASTER", "rank": "I", "leaguePoints": 0, "profileIconId": 6, "name": "darkarim", "region": "na1", "localRank": [11528, 0.012275661435383466], "globalRank": [60686, 0.011716314822626778]}, "rankHistory": [[1645125430682, "DIAMOND III", 79, 5], [1645141874028, "DIAMOND III", 33, 6], [1645145230354, "DIAMOND III", 74, 7], [1645147025856, "DIAMOND III", 55, 8], [1645148828118, "DIAMOND III", 2, 9], [1645150741878, "DIAMOND III", 12, 10], [1645154229892, "DIAMOND III", 22, 11], [1645226229779, "DIAMOND III", 32, 12], [1645228033682, "DIAMOND III", 22, 13], [1645235367374, "DIAMOND III", 0, 14], [1645278429747, "DIAMOND IV", 75, 15], [1645282035324, "DIAMOND IV", 85, 16], [1645289233343, "DIAMOND III", 8, 17], [1645291027094, "DIAMOND III", 0, 18], [1645293186545, "DIAMOND III", 52, 19], [1645302334538, "DIAMOND III", 62, 20], [1645309029428, "DIAMOND III", 29, 21], [1645312636594, "DIAMOND III", 0, 22], [1645314428629, "DIAMOND III", 54, 23], [1645404427287, "DIAMOND III", 64, 24], [1645406412391, "DIAMOND III", 54, 25], [1645408601681, "DIAMOND III", 76, 26], [1645411638710, "DIAMOND II", 24, 27], [1645417032722, "DIAMOND II", 60, 28], [1645483626481, "DIAMOND II", 70, 29], [1645485426975, "DIAMOND II", 80, 30], [1645487671621, "DIAMOND I", 29, 31], [1645492642295, "DIAMOND I", 51, 32], [1645544831806, "DIAMOND I", 5, 33], [1645546626979, "DIAMOND I", 0, 34], [1645548431392, "DIAMOND II", 75, 35], [1645550424002, "DIAMOND II", 43, 36], [1645552668102, "DIAMOND II", 33, 37], [1645555634467, "DIAMOND II", 1, 38], [1645557427914, "DIAMOND II", 36, 39], [1645568239616, "DIAMOND II", 84, 40], [1645571838174, "DIAMOND I", 17, 41], [1645582629768, "DIAMOND I", 0, 42], [1645584633917, "DIAMOND I", 34, 43], [1645674438048, "DIAMOND I", 44, 44], [1645737439429, "DIAMOND I", 63, 45], [1645739912574, "MASTER I", 5, 46], [1645986066098, "MASTER I", 0, 47], [1645991225264, "MASTER I", 20, 48], [1645993577458, "MASTER I", 30, 49], [1646000777035, "MASTER I", 20, 50], [1646003825487, "MASTER I", 51, 51], [1646009775290, "MASTER I", 29, 52], [1646012825035, "MASTER I", 39, 53], [1646014869113, "MASTER I", 18, 54], [1646016670963, "MASTER I", 0, 55], [1646090224739, "MASTER I", 0, 56], [1646092587379, "MASTER I", 0, 57]], "seasonStats": {"games": 77, "avgPlace": 4.181818181818182, "top4": 46, "win": 16, "topCarry": "TFT6_Sivir", "lastMatchId": "NA1_4236911582"}, "queueSeasonStats": {"1090": {"games": 0, "avgPlace": 0, "top4": 0, "win": 0, "topCarry": "TFT6_Veigar", "lastMatchId": "NA1_4236911582"}, "1100": {"games": 57, "avgPlace": 4.473684210526316, "top4": 31, "win": 8, "topCarry": "TFT6_Sivir", "lastMatchId": "NA1_4236911582"}, "1130": {"games": 0, "avgPlace": 0, "top4": 0, "win": 0, "topCarry": "TFT6_Veigar", "lastMatchId": "NA1_4236911582"}, "1150": {"games": 20, "avgPlace": 3.35, "top4": 15, "win": 8, "topCarry": "TFT6_Sivir", "lastMatchId": "NA1_4236911582"}}}