{"matches": [], "playerInfo": {"tier": "MASTER", "rank": "I", "leaguePoints": 0, "profileIconId": 20, "name": "Douyu12318", "region": "na1", "localRank": [7146, 0.0076069345948397175], "globalRank": [39488, 0.0076222698914355435]}, "rankHistory": [[1645064238747, "PLATINUM IV", 97, 5], [1645066040095, "PLATINUM III", 50, 6], [1645071443952, "PLATINUM II", 16, 7], [1645082237817, "PLATINUM II", 80, 8], [1645084032829, "PLATINUM II", 61, 9], [1645085852433, "PLATINUM II", 51, 10], [1645165048054, "PLATINUM II", 7, 11], [1645228343939, "PLATINUM II", 0, 12], [1647065863077, "PLATINUM II", 25, 13], [1647067730232, "PLATINUM II", 6, 14], [1647069468320, "PLATINUM II", 16, 15], [1647071839964, "PLATINUM II", 29, 16], [1648275526154, "PLATINUM II", 52, 17], [1648326507453, "PLATINUM II", 96, 18], [1648329514325, "PLATINUM II", 80, 19], [1648331295481, "PLATINUM II", 90, 20], [1648338549180, "PLATINUM I", 3, 21], [1648340917936, "PLATINUM I", 16, 22], [1648349337367, "PLATINUM I", 6, 23], [1648351802746, "PLATINUM I", 62, 24], [1648354630472, "DIAMOND IV", 1, 25], [1648454035012, "DIAMOND IV", 54, 26], [1648456220393, "DIAMOND IV", 90, 27], [1648701062200, "DIAMOND IV", 73, 28], [1648703175329, "DIAMOND IV", 95, 29], [1648705659315, "DIAMOND III", 5, 30], [1648707823684, "DIAMOND III", 27, 31], [1648709627980, "DIAMOND III", 37, 32], [1648711857821, "DIAMOND III", 73, 33], [1648757859350, "DIAMOND III", 37, 34], [1648759654300, "DIAMOND III", 27, 35], [1649040464308, "DIAMOND III", 62, 36], [1649042647853, "DIAMOND II", 11, 37], [1649056645116, "DIAMOND II", 0, 38], [1649058454670, "DIAMOND III", 75, 39], [1649060641393, "DIAMOND III", 55, 40], [1649134434064, "DIAMOND III", 75, 41], [1649136661190, "DIAMOND III", 41, 42], [1649138829109, "DIAMOND III", 92, 43], [1649141258737, "DIAMOND II", 2, 44], [1649222649234, "DIAMOND II", 25, 45], [1649224879317, "DIAMOND II", 15, 46], [1649227662938, "DIAMOND II", 63, 47], [1649229833712, "DIAMOND I", 9, 48], [1649281659747, "DIAMOND I", 0, 49], [1649283836927, "DIAMOND I", 51, 50], [1649287064302, "DIAMOND I", 19, 51], [1649288864267, "DIAMOND I", 9, 52], [1649290651221, "DIAMOND I", 0, 53], [1649292433277, "DIAMOND II", 75, 54], [1649294641577, "DIAMOND I", 10, 55], [1649305453521, "DIAMOND I", 29, 56], [1649307699893, "DIAMOND I", 61, 57], [1649309870212, "DIAMOND I", 71, 58], [1649312228484, "MASTER I", 5, 59], [1650178459701, "MASTER I", 0, 59]], "seasonStats": {"games": 59, "avgPlace": 3.8813559322033897, "top4": 36, "win": 9, "topCarry": "TFT6_Irelia", "lastMatchId": "NA1_4269718307"}, "queueSeasonStats": {"1090": {"games": 0, "avgPlace": 0, "top4": 0, "win": 0, "topCarry": "TFT6_Veigar", "lastMatchId": "NA1_4269718307"}, "1100": {"games": 59, "avgPlace": 3.8813559322033897, "top4": 36, "win": 9, "topCarry": "TFT6_Irelia", "lastMatchId": "NA1_4269718307"}, "1130": {"games": 0, "avgPlace": 0, "top4": 0, "win": 0, "topCarry": "TFT6_Veigar", "lastMatchId": "NA1_4269718307"}, "1150": {"games": 0, "avgPlace": 0, "top4": 0, "win": 0, "topCarry": "TFT6_Veigar", "lastMatchId": "NA1_4269718307"}}}