{"matches": [], "playerInfo": {"tier": "MASTER", "rank": "I", "leaguePoints": 0, "profileIconId": 1429, "name": "duyu", "region": "na1", "localRank": [17058, 0.018168881769128026], "globalRank": [87682, 0.016930867523038528]}, "rankHistory": [[1645067829309, "DIAMOND III", 77, 5], [1645071427153, "DIAMOND II", 37, 6], [1645073225726, "DIAMOND II", 0, 7], [1645073298061, "DIAMOND III", 75, 8], [1645075202407, "DIAMOND III", 55, 9], [1645078629325, "DIAMOND III", 81, 10], [1645080427745, "DIAMOND II", 38, 11], [1645125425614, "DIAMOND II", 91, 12], [1645127228739, "DIAMOND I", 30, 13], [1645129028400, "DIAMOND I", 11, 14], [1645130825230, "DIAMOND I", 0, 15], [1645132625818, "DIAMOND I", 39, 16], [1645134761213, "DIAMOND I", 49, 17], [1645138027516, "DIAMOND I", 39, 18], [1645138273403, "DIAMOND I", 6, 19], [1645141627597, "DIAMOND I", 48, 20], [1645143679447, "DIAMOND I", 38, 21], [1645147026736, "DIAMOND I", 58, 22], [1645148831860, "DIAMOND I", 24, 23], [1645150630357, "DIAMOND I", 14, 24], [1645152431999, "DIAMOND I", 50, 25], [1645154501061, "DIAMOND I", 4, 26], [1645156402311, "DIAMOND I", 14, 27], [1645159630313, "DIAMOND I", 24, 28], [1645161427203, "DIAMOND I", 0, 29], [1645163225771, "DIAMOND II", 75, 30], [1645165029352, "DIAMOND I", 30, 31], [1645219346563, "DIAMOND I", 20, 32], [1645220964113, "DIAMOND I", 0, 33], [1645223064401, "DIAMOND I", 10, 34], [1645226232379, "DIAMOND I", 20, 35], [1645228038883, "DIAMOND I", 69, 36], [1645238965954, "MASTER I", 3, 37], [1645241074960, "MASTER I", 0, 38], [1645244225936, "MASTER I", 10, 39], [1645246024832, "MASTER I", 0, 40], [1645247824780, "MASTER I", 0, 41], [1645307592326, "MASTER I", 0, 42], [1645309392928, "MASTER I", 0, 43], [1645311191109, "MASTER I", 0, 44], [1645312625136, "MASTER I", 0, 45], [1646981895272, "MASTER I", 40, 46], [1646984828409, "MASTER I", 69, 47], [1646986628238, "MASTER I", 59, 48], [1646988428200, "MASTER I", 36, 49], [1646990228465, "MASTER I", 81, 50], [1647068572713, "MASTER I", 71, 51], [1647071228631, "MASTER I", 113, 52], [1647118027712, "MASTER I", 132, 53], [1647119828086, "MASTER I", 175, 54], [1647151385786, "MASTER I", 151, 55], [1647154028988, "MASTER I", 183, 56], [1647155828090, "MASTER I", 158, 57], [1647157628703, "MASTER I", 122, 58], [1647236828640, "MASTER I", 166, 59], [1647238628782, "MASTER I", 116, 60], [1647241120243, "MASTER I", 162, 61], [1648191186748, "MASTER I", 0, 61]], "seasonStats": {"games": 64, "avgPlace": 4.3125, "top4": 31, "win": 14, "topCarry": "TFT6_Irelia", "lastMatchId": "NA1_4246630812"}, "queueSeasonStats": {"1090": {"games": 1, "avgPlace": 1, "top4": 1, "win": 1, "topCarry": "TFT6_Ashe", "lastMatchId": "NA1_4246630812"}, "1100": {"games": 61, "avgPlace": 4.377049180327869, "top4": 29, "win": 12, "topCarry": "TFT6_Irelia", "lastMatchId": "NA1_4246630812"}, "1130": {"games": 1, "avgPlace": 1, "top4": 1, "win": 1, "topCarry": "TFT6_Irelia", "lastMatchId": "NA1_4246630812"}, "1150": {"games": 1, "avgPlace": 7, "top4": 0, "win": 0, "topCarry": "TFT6_Ahri", "lastMatchId": "NA1_4246630812"}}}