{"matches": [], "playerInfo": {"tier": "MASTER", "rank": "I", "leaguePoints": 0, "profileIconId": 5292, "name": "EgoKNA", "region": "na1", "localRank": [12995, 0.013841106862504926], "globalRank": [67697, 0.013071826012271455]}, "rankHistory": [[1650675509304, "SILVER I", 1, 5], [1650722251228, "SILVER I", 91, 6], [1650725431209, "GOLD IV", 59, 7], [1650727458816, "GOLD III", 45, 8], [1650734583947, "GOLD II", 3, 9], [1650738012464, "GOLD II", 14, 10], [1650739842702, "GOLD I", 5, 11], [1650741835641, "GOLD I", 89, 12], [1650743417308, "GOLD I", 48, 13], [1650756053636, "GOLD I", 80, 14], [1651076346578, "PLATINUM IV", 34, 15], [1651080647440, "PLATINUM IV", 44, 16], [1651083553703, "PLATINUM IV", 78, 17], [1651099716933, "PLATINUM IV", 57, 18], [1651161732067, "PLATINUM III", 7, 19], [1651164588002, "PLATINUM III", 31, 20], [1651167107845, "PLATINUM III", 74, 21], [1651171723671, "PLATINUM II", 33, 22], [1651186150281, "PLATINUM II", 61, 23], [1651188721895, "PLATINUM I", 27, 24], [1651342732003, "PLATINUM I", 73, 25], [1651344607777, "PLATINUM I", 83, 26], [1651347144218, "PLATINUM I", 93, 27], [1651349437787, "DIAMOND IV", 20, 28], [1651354418626, "DIAMOND IV", 62, 29], [1651362035706, "DIAMOND IV", 52, 30], [1651364266865, "DIAMOND IV", 62, 31], [1651367036977, "DIAMOND III", 24, 32], [1651411077477, "DIAMOND III", 44, 33], [1651413829698, "DIAMOND III", 31, 34], [1651416907536, "DIAMOND III", 63, 35], [1651420064470, "DIAMOND III", 27, 36], [1651963651262, "DIAMOND III", 60, 37], [1651967242504, "DIAMOND II", 20, 38], [1651967726734, "DIAMOND II", 10, 39], [1652010138419, "DIAMOND II", 35, 40], [1652013724981, "DIAMOND II", 45, 41], [1652021264265, "DIAMOND II", 55, 42], [1652027685927, "DIAMOND II", 65, 43], [1652045657870, "DIAMOND I", 21, 44], [1652050042351, "DIAMOND I", 72, 46], [1652053648180, "DIAMOND I", 53, 47], [1652096540233, "DIAMOND I", 94, 48], [1652099151028, "DIAMOND I", 49, 49], [1652106468909, "DIAMOND I", 75, 50], [1652109122625, "DIAMOND I", 65, 51], [1652123545865, "DIAMOND I", 75, 52], [1652125645757, "DIAMOND I", 45, 53], [1653000214885, "DIAMOND I", 99, 54], [1653001966631, "DIAMOND I", 55, 55], [1653088633302, "MASTER I", 10, 56], [1653091976526, "MASTER I", 0, 57], [1653153179903, "MASTER I", 0, 58], [1653172980374, "MASTER I", 0, 59], [1653178634664, "MASTER I", 0, 60], [1653263232533, "MASTER I", 0, 61], [1653267902540, "MASTER I", 0, 62]], "seasonStats": {"games": 62, "avgPlace": 3.4516129032258065, "top4": 45, "win": 12, "topCarry": "TFT6_Jinx", "lastMatchId": "NA1_4316702929"}, "queueSeasonStats": {"1090": {"games": 0, "avgPlace": 0, "top4": 0, "win": 0, "topCarry": "TFT6_Veigar", "lastMatchId": "NA1_4316702929"}, "1100": {"games": 62, "avgPlace": 3.4516129032258065, "top4": 45, "win": 12, "topCarry": "TFT6_Jinx", "lastMatchId": "NA1_4316702929"}, "1130": {"games": 0, "avgPlace": 0, "top4": 0, "win": 0, "topCarry": "TFT6_Veigar", "lastMatchId": "NA1_4316702929"}, "1150": {"games": 0, "avgPlace": 0, "top4": 0, "win": 0, "topCarry": "TFT6_Veigar", "lastMatchId": "NA1_4316702929"}}}