{"matches": [], "playerInfo": {"tier": "MASTER", "rank": "I", "leaguePoints": 0, "profileIconId": 4659, "name": "Elkay LZS8WSLK ", "region": "na1", "localRank": [8276, 0.008805079624475482], "globalRank": [44704, 0.008627098011274821]}, "rankHistory": [[1651617258591, "DIAMOND III", 4, 5], [1651641930152, "DIAMOND III", 0, 6], [1651684686217, "DIAMOND IV", 75, 7], [1651764301676, "DIAMOND IV", 97, 8], [1651952884585, "DIAMOND III", 21, 9], [1651955113299, "DIAMOND III", 0, 10], [1651960045005, "DIAMOND IV", 75, 11], [1651967239433, "DIAMOND IV", 52, 12], [1652028432570, "DIAMOND III", 7, 13], [1652034354936, "DIAMOND III", 44, 14], [1652040270355, "DIAMOND III", 34, 15], [1652123073254, "DIAMOND III", 71, 16], [1652207693518, "DIAMOND III", 25, 17], [1652219716233, "DIAMOND III", 2, 18], [1652372267722, "DIAMOND III", 0, 19], [1652383533693, "DIAMOND III", 49, 20], [1652463286308, "DIAMOND II", 1, 21], [1652481272418, "DIAMOND II", 0, 22], [1652540703224, "DIAMOND II", 10, 23], [1652545551010, "DIAMOND II", 30, 24], [1652656393336, "DIAMOND II", 51, 25], [1652730199999, "DIAMOND II", 41, 26], [1652759769527, "DIAMOND II", 19, 27], [1652979375611, "DIAMOND II", 29, 28], [1653013541768, "DIAMOND II", 19, 29], [1653067534604, "DIAMOND II", 0, 30], [1653069370607, "DIAMOND II", 10, 31], [1653073510773, "DIAMOND II", 30, 32], [1653085552941, "DIAMOND II", 0, 33], [1653087904609, "DIAMOND II", 49, 34], [1653095864808, "DIAMOND II", 59, 35], [1653173275526, "DIAMOND II", 24, 36], [1653179149780, "DIAMOND II", 34, 37], [1653181991958, "DIAMOND II", 44, 38], [1653187395504, "DIAMOND II", 78, 39], [1653235533745, "DIAMOND I", 9, 40], [1653238585793, "DIAMOND I", 29, 41], [1653240362703, "DIAMOND I", 0, 42], [1653242152487, "DIAMOND II", 75, 43], [1653249361451, "DIAMOND II", 26, 44], [1653251188917, "DIAMOND II", 45, 45], [1653257599256, "DIAMOND II", 77, 46], [1653264822868, "DIAMOND II", 96, 47], [1653275644901, "DIAMOND I", 41, 48], [1653335008342, "DIAMOND I", 51, 49], [1653345853394, "DIAMOND I", 41, 50], [1653409562320, "DIAMOND I", 90, 51], [1653427554015, "MASTER I", 1, 52], [1653497744998, "MASTER I", 0, 53]], "seasonStats": {"games": 55, "avgPlace": 4.181818181818182, "top4": 31, "win": 9, "topCarry": "TFT6_Draven", "lastMatchId": "NA1_4319743342"}, "queueSeasonStats": {"1090": {"games": 1, "avgPlace": 1, "top4": 1, "win": 1, "topCarry": "TFT6_Braum", "lastMatchId": "NA1_4319743342"}, "1100": {"games": 54, "avgPlace": 4.2407407407407405, "top4": 30, "win": 8, "topCarry": "TFT6_Draven", "lastMatchId": "NA1_4319743342"}, "1130": {"games": 0, "avgPlace": 0, "top4": 0, "win": 0, "topCarry": "TFT6_Veigar", "lastMatchId": "NA1_4319743342"}, "1150": {"games": 0, "avgPlace": 0, "top4": 0, "win": 0, "topCarry": "TFT6_Veigar", "lastMatchId": "NA1_4319743342"}}}