{"matches": [], "playerInfo": {"tier": "MASTER", "rank": "I", "leaguePoints": 0, "profileIconId": 1381, "name": "EndofSky", "region": "na1", "localRank": [20358, 0.02165532735094012], "globalRank": [103111, 0.019896829254596862]}, "rankHistory": [[1651376027952, "DIAMOND IV", 59, 5], [1651378274030, "DIAMOND IV", 69, 6], [1651389932638, "DIAMOND IV", 44, 7], [1651392210623, "DIAMOND IV", 54, 8], [1651438560343, "DIAMOND IV", 78, 9], [1651455648499, "DIAMOND III", 2, 10], [1651457878536, "DIAMOND III", 12, 11], [1651459645362, "DIAMOND III", 0, 12], [1651466448363, "DIAMOND IV", 75, 13], [1651468648320, "DIAMOND IV", 85, 14], [1651546891807, "DIAMOND III", 27, 15], [1651549639360, "DIAMOND III", 78, 16], [1651551434469, "DIAMOND III", 33, 17], [1651553739742, "DIAMOND III", 22, 18], [1651561424511, "DIAMOND III", 0, 19], [1651610842255, "DIAMOND III", 59, 20], [1651624895498, "DIAMOND III", 91, 21], [1651627068044, "DIAMOND III", 68, 22], [1651645506836, "DIAMOND III", 78, 23], [1651647863601, "DIAMOND II", 28, 24], [1651705905243, "DIAMOND II", 67, 25], [1651707697576, "DIAMOND II", 77, 26], [1651713947332, "DIAMOND II", 31, 27], [1651734696538, "DIAMOND II", 70, 28], [1651740111723, "DIAMOND II", 80, 29], [1651804883714, "DIAMOND II", 90, 30], [1651814279850, "DIAMOND II", 80, 31], [1651820123884, "DIAMOND II", 70, 32], [1651882673304, "DIAMOND I", 6, 33], [1651884941545, "DIAMOND I", 0, 34], [1651886755042, "DIAMOND II", 75, 35], [1651891651284, "DIAMOND II", 55, 36], [1651899827437, "DIAMOND II", 74, 37], [1651902097031, "DIAMOND II", 39, 38], [1651956925881, "DIAMOND II", 49, 39], [1651996036581, "DIAMOND II", 59, 40], [1651996510627, "DIAMOND II", 69, 41], [1652054646179, "DIAMOND I", 2, 42], [1652058725669, "DIAMOND I", 22, 43], [1652063133193, "DIAMOND I", 2, 44], [1652072111263, "DIAMOND I", 0, 45], [1652149060857, "DIAMOND I", 36, 46], [1652151359309, "DIAMOND I", 87, 47], [1652153659370, "DIAMOND I", 77, 48], [1652158084205, "DIAMOND I", 58, 49], [1652219753723, "DIAMOND I", 95, 50], [1652254935424, "DIAMOND I", 58, 51], [1652317908468, "MASTER I", 9, 52], [1652326454441, "MASTER I", 0, 53], [1652338032943, "MASTER I", 0, 54], [1652392031515, "MASTER I", 0, 55], [1652407445386, "MASTER I", 0, 56], [1652409718328, "MASTER I", 0, 57]], "seasonStats": {"games": 57, "avgPlace": 4.385964912280702, "top4": 31, "win": 5, "topCarry": "TFT6_Zeri", "lastMatchId": "NA1_4305584230"}, "queueSeasonStats": {"1090": {"games": 0, "avgPlace": 0, "top4": 0, "win": 0, "topCarry": "TFT6_Veigar", "lastMatchId": "NA1_4305584230"}, "1100": {"games": 57, "avgPlace": 4.385964912280702, "top4": 31, "win": 5, "topCarry": "TFT6_Sivir", "lastMatchId": "NA1_4305584230"}, "1130": {"games": 0, "avgPlace": 0, "top4": 0, "win": 0, "topCarry": "TFT6_Veigar", "lastMatchId": "NA1_4305584230"}, "1150": {"games": 0, "avgPlace": 0, "top4": 0, "win": 0, "topCarry": "TFT6_Veigar", "lastMatchId": "NA1_4305584230"}}}