{"matches": [], "playerInfo": {"tier": "MASTER", "rank": "I", "leaguePoints": 0, "profileIconId": 1099, "name": "Enek", "region": "na1", "localRank": [7597, 0.008091917881466237], "globalRank": [41783, 0.00806830649948307]}, "rankHistory": [[1645946245361, "DIAMOND II", 36, 5], [1646020034320, "DIAMOND II", 46, 6], [1646108238256, "DIAMOND II", 99, 7], [1646371032326, "DIAMOND I", 9, 8], [1646525833960, "DIAMOND I", 19, 9], [1646527641016, "DIAMOND I", 0, 10], [1646529710357, "DIAMOND I", 54, 11], [1646800092096, "DIAMOND I", 73, 12], [1646882228902, "DIAMOND I", 55, 13], [1646884049453, "DIAMOND I", 35, 14], [1646885855499, "DIAMOND I", 0, 15], [1646971105940, "DIAMOND I", 39, 16], [1646972915856, "DIAMOND I", 4, 17], [1646974718564, "DIAMOND I", 0, 18], [1646977651493, "DIAMOND I", 52, 19], [1647055043760, "DIAMOND I", 98, 20], [1647056852175, "DIAMOND I", 88, 21], [1647058654927, "DIAMOND I", 57, 22], [1647060449272, "DIAMOND I", 37, 23], [1647062986371, "DIAMOND I", 85, 24], [1647123433003, "DIAMOND I", 54, 25], [1647125240906, "DIAMOND I", 20, 26], [1647127345566, "DIAMOND I", 0, 27], [1647128855984, "DIAMOND II", 75, 28], [1647131322472, "DIAMOND I", 23, 29], [1647133115468, "DIAMOND I", 0, 30], [1647136037720, "DIAMOND I", 37, 31], [1647137849338, "DIAMOND I", 7, 32], [1647139633518, "DIAMOND I", 17, 33], [1647141429418, "DIAMOND I", 0, 34], [1647143553338, "DIAMOND I", 10, 35], [1647145732474, "DIAMOND I", 20, 36], [1647147532372, "DIAMOND I", 1, 37], [1647149602501, "DIAMOND I", 11, 38], [1647152248486, "DIAMOND I", 0, 39], [1647153196753, "DIAMOND II", 75, 40], [1647155836866, "DIAMOND II", 95, 41], [1647205139902, "DIAMOND II", 44, 42], [1647207214289, "DIAMOND II", 34, 43], [1647210152014, "DIAMOND II", 57, 44], [1647211637103, "DIAMOND II", 20, 45], [1647311348283, "DIAMOND II", 40, 46], [1647314247052, "DIAMOND II", 84, 47], [1647397370241, "DIAMOND II", 63, 48], [1647399823635, "DIAMOND I", 13, 49], [1647485231595, "DIAMOND I", 45, 50], [1647487035387, "DIAMOND I", 0, 51], [1647489172931, "DIAMOND I", 10, 52], [1647490970096, "DIAMOND I", 0, 53], [1647493161590, "DIAMOND I", 46, 54], [1647569856650, "DIAMOND I", 78, 55], [1647571962077, "MASTER I", 21, 56], [1647758061831, "MASTER I", 11, 57], [1648536800898, "MASTER I", 0, 57]], "seasonStats": {"games": 64, "avgPlace": 4.71875, "top4": 30, "win": 11, "topCarry": "TFT6_Ahri", "lastMatchId": "NA1_4252942965"}, "queueSeasonStats": {"1090": {"games": 7, "avgPlace": 7.285714285714286, "top4": 0, "win": 0, "topCarry": "TFT6_Ezreal", "lastMatchId": "NA1_4252942965"}, "1100": {"games": 57, "avgPlace": 4.4035087719298245, "top4": 30, "win": 11, "topCarry": "TFT6_Kaisa", "lastMatchId": "NA1_4252942965"}, "1130": {"games": 0, "avgPlace": 0, "top4": 0, "win": 0, "topCarry": "TFT6_Veigar", "lastMatchId": "NA1_4252942965"}, "1150": {"games": 0, "avgPlace": 0, "top4": 0, "win": 0, "topCarry": "TFT6_Veigar", "lastMatchId": "NA1_4252942965"}}}