{"matches": [], "playerInfo": {"tier": "MASTER", "rank": "I", "leaguePoints": 0, "profileIconId": 522, "name": "Feignir", "region": "na1", "localRank": [13321, 0.014177098255240982], "globalRank": [69106, 0.013338122545279574]}, "rankHistory": [[1645242432319, "DIAMOND IV", 55, 5], [1645247827388, "DIAMOND IV", 34, 6], [1645298586561, "DIAMOND IV", 0, 7], [1645301829354, "DIAMOND IV", 44, 8], [1645302192244, "DIAMOND IV", 12, 9], [1645397633394, "DIAMOND IV", 0, 10], [1645399026395, "DIAMOND IV", 0, 11], [1645400826367, "DIAMOND IV", 0, 12], [1645403037370, "DIAMOND IV", 0, 13], [1645409831794, "DIAMOND IV", 10, 14], [1645411634552, "DIAMOND IV", 62, 15], [1645483637829, "DIAMOND IV", 16, 16], [1645485437436, "DIAMOND IV", 0, 17], [1645487227611, "DIAMOND IV", 0, 18], [1645489026477, "DIAMOND IV", 0, 19], [1645490830473, "DIAMOND IV", 0, 20], [1645508827168, "DIAMOND IV", 0, 21], [1645510629189, "DIAMOND IV", 0, 22], [1645687522387, "DIAMOND IV", 30, 23], [1645689506451, "DIAMOND IV", 0, 24], [1645692438073, "DIAMOND IV", 44, 25], [1645755658721, "DIAMOND IV", 19, 26], [1646080001810, "DIAMOND IV", 60, 27], [1646083589105, "DIAMOND IV", 79, 28], [1646085404527, "DIAMOND IV", 38, 29], [1646087402095, "DIAMOND IV", 48, 30], [1646092033157, "DIAMOND IV", 91, 31], [1646095636623, "DIAMOND III", 34, 32], [1646108478697, "DIAMOND III", 10, 33], [1646110604111, "DIAMOND III", 55, 34], [1646187445968, "DIAMOND III", 34, 35], [1646189230104, "DIAMOND III", 0, 36], [1646191030633, "DIAMOND IV", 75, 37], [1646192841718, "DIAMOND IV", 65, 38], [1646353870589, "DIAMOND IV", 55, 39], [1646356640230, "DIAMOND IV", 65, 40], [1646358427902, "DIAMOND IV", 43, 41], [1646360840274, "DIAMOND IV", 76, 42], [1646369823587, "DIAMOND IV", 95, 43], [1646371643586, "DIAMOND III", 5, 44], [1646374637093, "DIAMOND III", 15, 45], [1646376702527, "DIAMOND III", 0, 46], [1646379066084, "DIAMOND III", 20, 47], [1646381837945, "DIAMOND III", 30, 48], [1646383643969, "DIAMOND III", 73, 49], [1646426836586, "DIAMOND II", 16, 50], [1646704691394, "DIAMOND II", 46, 51], [1646714851236, "DIAMOND II", 63, 52], [1646716642040, "DIAMOND I", 6, 53], [1646789546826, "DIAMOND I", 48, 54], [1646792546044, "DIAMOND I", 77, 55], [1646806651997, "DIAMOND I", 94, 56], [1646808725265, "MASTER I", 36, 57], [1647646154708, "MASTER I", 0, 58], [1647648249399, "MASTER I", 30, 59], [1647845571415, "MASTER I", 0, 59]], "seasonStats": {"games": 292, "avgPlace": 4.215753424657534, "top4": 168, "win": 23, "topCarry": "TFT6_TahmKench", "lastMatchId": "NA1_4315704737"}, "queueSeasonStats": {"1090": {"games": 5, "avgPlace": 3.8, "top4": 3, "win": 1, "topCarry": "TFT6_Irelia", "lastMatchId": "NA1_4315704737"}, "1100": {"games": 59, "avgPlace": 4.440677966101695, "top4": 30, "win": 11, "topCarry": "TFT6b_Vi", "lastMatchId": "NA1_4315704737"}, "1130": {"games": 31, "avgPlace": 3, "top4": 24, "win": 8, "topCarry": "TFT6_Ezreal", "lastMatchId": "NA1_4315704737"}, "1150": {"games": 197, "avgPlace": 4.350253807106599, "top4": 111, "win": 3, "topCarry": "TFT6_TahmKench", "lastMatchId": "NA1_4315704737"}}}