{"matches": [], "playerInfo": {"tier": "MASTER", "rank": "I", "leaguePoints": 0, "profileIconId": 1625, "name": "FelicityChtholly", "region": "na1", "localRank": [16094, 0.017130716714104155], "globalRank": [82633, 0.015949782495947074]}, "rankHistory": [[1645818492286, "PLATINUM II", 34, 5], [1645820249588, "PLATINUM II", 85, 6], [1645822520667, "PLATINUM I", 37, 7], [1645838715694, "PLATINUM I", 5, 8], [1645840085800, "PLATINUM I", 0, 9], [1645842295059, "PLATINUM II", 75, 10], [1645844137308, "PLATINUM II", 65, 11], [1645845938097, "PLATINUM II", 20, 12], [1645847274775, "PLATINUM II", 0, 13], [1645849046790, "PLATINUM II", 36, 14], [1645850894815, "PLATINUM II", 83, 15], [1645854491818, "PLATINUM I", 31, 16], [1645856252784, "PLATINUM I", 64, 17], [1645858027467, "DIAMOND IV", 10, 18], [1645926433362, "DIAMOND IV", 0, 19], [1645928478976, "DIAMOND IV", 19, 20], [1645930778023, "DIAMOND IV", 39, 21], [1645998438346, "DIAMOND IV", 0, 22], [1646000790055, "DIAMOND IV", 48, 23], [1646002588919, "DIAMOND IV", 58, 24], [1646005637489, "DIAMOND IV", 88, 25], [1646007433886, "DIAMOND III", 6, 26], [1646009233020, "DIAMOND III", 0, 27], [1646011800975, "DIAMOND IV", 75, 28], [1647492771945, "DIAMOND IV", 93, 29], [1651875124768, "DIAMOND IV", 29, 30], [1651878267555, "DIAMOND IV", 65, 31], [1651880067201, "DIAMOND IV", 46, 32], [1651903452708, "DIAMOND IV", 36, 33], [1651905261354, "DIAMOND IV", 55, 34], [1652224332041, "DIAMOND IV", 96, 35], [1652226951448, "DIAMOND III", 11, 36], [1652229275499, "DIAMOND III", 21, 37], [1652300234229, "DIAMOND III", 31, 38], [1652302551509, "DIAMOND III", 57, 39], [1652304349882, "DIAMOND III", 43, 40], [1652306645565, "DIAMOND III", 56, 41], [1652309281608, "DIAMOND III", 94, 42], [1652311538414, "DIAMOND III", 78, 43], [1652379169671, "DIAMOND III", 37, 44], [1652381277085, "DIAMOND III", 81, 45], [1652383564394, "DIAMOND II", 25, 46], [1652385882672, "DIAMOND II", 35, 47], [1652388130499, "DIAMOND II", 63, 48], [1652390729513, "DIAMOND I", 1, 49], [1652458674208, "DIAMOND I", 20, 50], [1652460448524, "DIAMOND I", 0, 51], [1652463276428, "DIAMOND I", 32, 52], [1652465575964, "DIAMOND I", 74, 53], [1652467646568, "DIAMOND I", 84, 54], [1652469917275, "MASTER I", 14, 55], [1653375339175, "MASTER I", 0, 55]], "seasonStats": {"games": 56, "avgPlace": 3.5535714285714284, "top4": 38, "win": 16, "topCarry": "TFT6_Morgana", "lastMatchId": "NA1_4306219583"}, "queueSeasonStats": {"1090": {"games": 1, "avgPlace": 1, "top4": 1, "win": 1, "topCarry": "TFT6_Gangplank", "lastMatchId": "NA1_4306219583"}, "1100": {"games": 55, "avgPlace": 3.6, "top4": 37, "win": 15, "topCarry": "TFT6_Morgana", "lastMatchId": "NA1_4306219583"}, "1130": {"games": 0, "avgPlace": 0, "top4": 0, "win": 0, "topCarry": "TFT6_Veigar", "lastMatchId": "NA1_4306219583"}, "1150": {"games": 0, "avgPlace": 0, "top4": 0, "win": 0, "topCarry": "TFT6_Veigar", "lastMatchId": "NA1_4306219583"}}}