{"matches": [], "playerInfo": {"tier": "MASTER", "rank": "I", "leaguePoints": 0, "profileIconId": 4834, "name": "Frocis", "region": "na1", "localRank": [18251, 0.01942463653973052], "globalRank": [93243, 0.01799693459760755]}, "rankHistory": [[1645586428156, "DIAMOND IV", 0, 5], [1645592096702, "DIAMOND IV", 27, 6], [1645595241562, "DIAMOND IV", 0, 7], [1645656436669, "DIAMOND IV", 10, 8], [1646266630861, "DIAMOND IV", 68, 9], [1646336826649, "DIAMOND III", 25, 10], [1646371048423, "DIAMOND III", 0, 11], [1646428633280, "DIAMOND III", 55, 12], [1646432227625, "DIAMOND III", 95, 13], [1646434315832, "DIAMOND III", 66, 14], [1646462828928, "DIAMOND II", 5, 15], [1646515046183, "DIAMOND II", 42, 16], [1646542041580, "DIAMOND II", 64, 17], [1646548071407, "DIAMOND II", 74, 18], [1646596664979, "DIAMOND I", 24, 19], [1646605668213, "DIAMOND I", 74, 20], [1646617630469, "DIAMOND I", 40, 21], [1646626649711, "DIAMOND I", 61, 22], [1646634485738, "DIAMOND I", 14, 23], [1646677700782, "DIAMOND I", 24, 24], [1646689642013, "DIAMOND I", 43, 25], [1646693527976, "DIAMOND I", 64, 26], [1646704031707, "DIAMOND I", 44, 27], [1646707652357, "DIAMOND I", 63, 28], [1646710327255, "DIAMOND I", 17, 29], [1646720249594, "DIAMOND I", 0, 30], [1646762293565, "DIAMOND I", 21, 31], [1646795839296, "DIAMOND I", 70, 32], [1646853454727, "DIAMOND I", 26, 33], [1646863090289, "DIAMOND I", 16, 34], [1646867829116, "DIAMOND I", 26, 35], [1646893032897, "DIAMOND I", 36, 36], [1646932649040, "DIAMOND I", 16, 37], [1646976522503, "DIAMOND I", 63, 38], [1646979427579, "MASTER I", 8, 39], [1647035228467, "MASTER I", 0, 40], [1647464339982, "MASTER I", 0, 41], [1649211820525, "MASTER I", 0, 42], [1649291826600, "MASTER I", 0, 43], [1649296423076, "MASTER I", 44, 44], [1649381025944, "MASTER I", 5, 45], [1649515049536, "MASTER I", 0, 46], [1649687868217, "MASTER I", 0, 47], [1649903888088, "MASTER I", 0, 48], [1649984510837, "MASTER I", 10, 49], [1650084429635, "MASTER I", 0, 50], [1650669868859, "MASTER I", 18, 51], [1650783273736, "MASTER I", 0, 51], [1651506035696, "MASTER I", 0, 52], [1651542889221, "MASTER I", 0, 53], [1651619006226, "MASTER I", 39, 54], [1651628832400, "MASTER I", 67, 55], [1651708032687, "MASTER I", 104, 56], [1651750860471, "MASTER I", 78, 57], [1651791818704, "MASTER I", 33, 58], [1651835835266, "MASTER I", 0, 59], [1652321509953, "MASTER I", 40, 60], [1652424916180, "MASTER I", 0, 60]], "seasonStats": {"games": 79, "avgPlace": 4.0886075949367084, "top4": 45, "win": 17, "topCarry": "TFT6_Irelia", "lastMatchId": "NA1_4305562210"}, "queueSeasonStats": {"1090": {"games": 9, "avgPlace": 2.6666666666666665, "top4": 7, "win": 3, "topCarry": "TFT6_Seraphine", "lastMatchId": "NA1_4305562210"}, "1100": {"games": 60, "avgPlace": 4.416666666666667, "top4": 30, "win": 12, "topCarry": "TFT6b_Vi", "lastMatchId": "NA1_4305562210"}, "1130": {"games": 10, "avgPlace": 3.4, "top4": 8, "win": 2, "topCarry": "TFT6_Jinx", "lastMatchId": "NA1_4305562210"}, "1150": {"games": 0, "avgPlace": 0, "top4": 0, "win": 0, "topCarry": "TFT6_Veigar", "lastMatchId": "NA1_4305562210"}}}