{"matches": [], "playerInfo": {"tier": "MASTER", "rank": "I", "leaguePoints": 0, "profileIconId": 977, "name": "furbo", "region": "na1", "localRank": [11618, 0.012365454636406887], "globalRank": [60940, 0.011762423746430401], "hyperrollLeague": ["PURPLE", 3562]}, "rankHistory": [[1645399585863, "DIAMOND III", 93, 5], [1645426602978, "DIAMOND III", 52, 6], [1645429630463, "DIAMOND III", 96, 7], [1645573834001, "DIAMOND III", 86, 8], [1645634831755, "DIAMOND II", 8, 9], [1645751832810, "DIAMOND II", 50, 10], [1645754139426, "DIAMOND II", 90, 11], [1645816860461, "DIAMOND I", 36, 12], [1645850828381, "DIAMOND I", 76, 13], [1645856237489, "DIAMOND I", 35, 14], [1645858031069, "DIAMOND I", 45, 15], [1645859839470, "DIAMOND I", 0, 16], [1645862154039, "DIAMOND II", 75, 17], [1645865237177, "DIAMOND I", 4, 18], [1645867562043, "DIAMOND I", 19, 19], [1645931830428, "DIAMOND I", 29, 20], [1645994831191, "DIAMOND I", 0, 21], [1646020034320, "DIAMOND II", 75, 22], [1646023885296, "DIAMOND II", 85, 23], [1646102847597, "DIAMOND I", 27, 24], [1646108238256, "DIAMOND I", 0, 25], [1646417830992, "DIAMOND I", 20, 26], [1646437629367, "DIAMOND I", 30, 27], [1646439447332, "DIAMOND I", 0, 28], [1646442078693, "DIAMOND I", 42, 29], [1646603233803, "DIAMOND I", 77, 30], [1646605679615, "DIAMOND I", 99, 31], [1646711252118, "DIAMOND I", 83, 32], [1646713672824, "DIAMOND I", 95, 33], [1646764354696, "DIAMOND I", 66, 34], [1646779946467, "DIAMOND I", 17, 35], [1646954551243, "DIAMOND I", 0, 36], [1646978585580, "DIAMOND I", 32, 37], [1647026243517, "DIAMOND I", 75, 38], [1647062239589, "DIAMOND I", 65, 39], [1647091055402, "DIAMOND I", 55, 40], [1647150446424, "DIAMOND I", 86, 41], [1647152542083, "MASTER I", 16, 42], [1647395228639, "MASTER I", 0, 43], [1647948179091, "MASTER I", 43, 44], [1648000031646, "MASTER I", 5, 45], [1648149428625, "MASTER I", 0, 46], [1648792029504, "MASTER I", 46, 47], [1648862609968, "MASTER I", 75, 48], [1648883829512, "MASTER I", 40, 49], [1649055216874, "MASTER I", 0, 49], [1649766238994, "MASTER I", 0, 50], [1649768497836, "MASTER I", 32, 51], [1650005645978, "MASTER I", 0, 51], [1650145629667, "MASTER I", 0, 52], [1650329658618, "MASTER I", 0, 53], [1651036631971, "MASTER I", 33, 54], [1651128882775, "MASTER I", 0, 54], [1651250831642, "MASTER I", 19, 55], [1651253589626, "MASTER I", 68, 56], [1651474489332, "MASTER I", 0, 56], [1652334432933, "MASTER I", 0, 57]], "seasonStats": {"games": 198, "avgPlace": 3.3737373737373737, "top4": 136, "win": 54, "topCarry": "TFT6_Leona", "lastMatchId": "NA1_4324681428"}, "queueSeasonStats": {"1090": {"games": 0, "avgPlace": 0, "top4": 0, "win": 0, "topCarry": "TFT6_Veigar", "lastMatchId": "NA1_4324681428"}, "1100": {"games": 57, "avgPlace": 3.807017543859649, "top4": 33, "win": 13, "topCarry": "TFT6_Irelia", "lastMatchId": "NA1_4324681428"}, "1130": {"games": 89, "avgPlace": 3.0898876404494384, "top4": 67, "win": 24, "topCarry": "TFT6_Leona", "lastMatchId": "NA1_4324681428"}, "1150": {"games": 52, "avgPlace": 3.3846153846153846, "top4": 36, "win": 17, "topCarry": "TFT6_Jhin", "lastMatchId": "NA1_4324681428"}}}