{"matches": [], "playerInfo": {"tier": "MASTER", "rank": "I", "leaguePoints": 0, "profileIconId": 5184, "name": "Gandora", "region": "na1", "localRank": [18215, 0.019408217193027318], "globalRank": [93205, 0.01800333971078375]}, "rankHistory": [[1645159630595, "DIAMOND III", 49, 5], [1645301827355, "DIAMOND II", 2, 6], [1645304134865, "DIAMOND II", 0, 7], [1645307237533, "DIAMOND II", 23, 8], [1645309028626, "DIAMOND II", 77, 9], [1645310832474, "DIAMOND II", 44, 10], [1645480475111, "DIAMOND II", 24, 11], [1645483633029, "DIAMOND II", 34, 12], [1645485428315, "DIAMOND II", 84, 13], [1645487236219, "DIAMOND II", 52, 14], [1645499831669, "DIAMOND II", 20, 15], [1645525039072, "DIAMOND II", 10, 16], [1645609626197, "DIAMOND II", 0, 17], [1645611425874, "DIAMOND II", 20, 18], [1645615027907, "DIAMOND II", 70, 19], [1645620909991, "DIAMOND I", 5, 20], [1645622438429, "DIAMOND I", 0, 21], [1645670836838, "DIAMOND I", 34, 22], [1645672638702, "DIAMOND I", 44, 23], [1645676234184, "DIAMOND I", 92, 24], [1645678039224, "DIAMOND I", 73, 25], [1645746426602, "DIAMOND I", 52, 26], [1645748236908, "DIAMOND I", 7, 27], [1645750247215, "DIAMOND I", 27, 28], [1645786039648, "DIAMOND I", 37, 29], [1645854429029, "DIAMOND I", 27, 30], [1645856458234, "DIAMOND I", 17, 31], [1645996633786, "DIAMOND I", 0, 32], [1645998446440, "DIAMOND II", 75, 33], [1646000490841, "DIAMOND II", 97, 34], [1646002780159, "DIAMOND I", 16, 35], [1646031074119, "DIAMOND I", 26, 36], [1646202403629, "DIAMOND I", 48, 37], [1646205438112, "DIAMOND I", 58, 38], [1646207231946, "DIAMOND I", 77, 39], [1646209288485, "DIAMOND I", 31, 40], [1646279246738, "DIAMOND I", 12, 41], [1646320641172, "DIAMOND I", 0, 42], [1646330442646, "DIAMOND I", 35, 43], [1646405231419, "DIAMOND I", 45, 44], [1646413264963, "DIAMOND I", 23, 45], [1646526694816, "DIAMOND I", 42, 46], [1646529436336, "DIAMOND I", 32, 47], [1647130647781, "DIAMOND I", 63, 48], [1647199029581, "DIAMOND I", 19, 49], [1647217040642, "DIAMOND I", 29, 50], [1647650837511, "DIAMOND I", 62, 51], [1647653357926, "DIAMOND I", 95, 52], [1647655447678, "MASTER I", 39, 53], [1647681427645, "MASTER I", 49, 54], [1647683954443, "MASTER I", 83, 55], [1647733970500, "MASTER I", 48, 56], [1648623203228, "MASTER I", 0, 56]], "seasonStats": {"games": 121, "avgPlace": 3.6859504132231407, "top4": 82, "win": 24, "topCarry": "TFT6b_Vi", "lastMatchId": "NA1_4290815187"}, "queueSeasonStats": {"1090": {"games": 28, "avgPlace": 2.6785714285714284, "top4": 23, "win": 15, "topCarry": "TFT6b_Vi", "lastMatchId": "NA1_4290815187"}, "1100": {"games": 56, "avgPlace": 4.267857142857143, "top4": 32, "win": 7, "topCarry": "TFT6_Talon", "lastMatchId": "NA1_4290815187"}, "1130": {"games": 3, "avgPlace": 1.3333333333333333, "top4": 3, "win": 2, "topCarry": "TFT6_Jayce", "lastMatchId": "NA1_4290815187"}, "1150": {"games": 34, "avgPlace": 3.764705882352941, "top4": 24, "win": 0, "topCarry": "TFT6_Jinx", "lastMatchId": "NA1_4290815187"}}}