{"matches": [], "playerInfo": {"tier": "MASTER", "rank": "I", "leaguePoints": 0, "profileIconId": 685, "name": "Gangplank Beta", "region": "na1", "localRank": [14628, 0.015565212579858436], "globalRank": [75326, 0.014537550868690362]}, "rankHistory": [[1648322305603, "PLATINUM IV", 88, 5], [1648351101336, "PLATINUM III", 10, 6], [1648409317638, "PLATINUM III", 0, 7], [1648411190302, "PLATINUM IV", 75, 8], [1648491540892, "PLATINUM IV", 65, 9], [1648493274583, "PLATINUM IV", 75, 10], [1648668608666, "PLATINUM IV", 43, 11], [1648849740351, "PLATINUM III", 8, 12], [1648949337687, "PLATINUM III", 0, 13], [1649269155329, "PLATINUM III", 26, 14], [1649361659858, "PLATINUM III", 51, 15], [1649724529558, "PLATINUM II", 19, 16], [1649782088066, "PLATINUM II", 52, 17], [1649786402211, "PLATINUM II", 15, 18], [1649789384751, "PLATINUM II", 76, 19], [1649791827989, "PLATINUM I", 40, 20], [1649805546391, "PLATINUM I", 94, 21], [1649809033996, "DIAMOND IV", 53, 22], [1651170820995, "DIAMOND IV", 33, 23], [1651434929847, "DIAMOND IV", 43, 24], [1651520034609, "DIAMOND IV", 53, 25], [1651780079297, "DIAMOND IV", 67, 26], [1651801645769, "DIAMOND III", 3, 27], [1653003826269, "DIAMOND III", 63, 28], [1653017709714, "DIAMOND II", 13, 29], [1653153469996, "DIAMOND II", 50, 30], [1653178442306, "DIAMOND II", 71, 31], [1653180456304, "DIAMOND I", 18, 32], [1653194595295, "DIAMOND I", 0, 33], [1653235552743, "DIAMOND II", 75, 34], [1653239120237, "DIAMOND II", 30, 35], [1653242192285, "DIAMOND II", 86, 36], [1653254022960, "DIAMOND II", 52, 37], [1653256064137, "DIAMOND II", 72, 38], [1653269725896, "DIAMOND II", 92, 39], [1653321942674, "DIAMOND I", 10, 40], [1653324213578, "DIAMOND I", 42, 41], [1653326014659, "DIAMOND I", 10, 42], [1653331430680, "DIAMOND I", 58, 43], [1653349426507, "DIAMOND I", 68, 44], [1653351939229, "MASTER I", 3, 45], [1653453817889, "MASTER I", 0, 46], [1653456355871, "MASTER I", 33, 47], [1653458717061, "MASTER I", 50, 48], [1653507307742, "MASTER I", 97, 49], [1653521709713, "MASTER I", 60, 50], [1653523510174, "MASTER I", 70, 51], [1653680624190, "MASTER I", 49, 52], [1653761116048, "MASTER I", 98, 53], [1653845722981, "MASTER I", 51, 54], [1653870922479, "MASTER I", 1, 55], [1653972955078, "MASTER I", 0, 56]], "seasonStats": {"games": 138, "avgPlace": 3.6884057971014492, "top4": 89, "win": 40, "topCarry": "TFT6_Sivir", "lastMatchId": "NA1_4325863921"}, "queueSeasonStats": {"1090": {"games": 62, "avgPlace": 3.967741935483871, "top4": 37, "win": 19, "topCarry": "TFT6_Viktor", "lastMatchId": "NA1_4325863921"}, "1100": {"games": 56, "avgPlace": 3.642857142857143, "top4": 38, "win": 14, "topCarry": "TFT6_Morgana", "lastMatchId": "NA1_4325863921"}, "1130": {"games": 0, "avgPlace": 0, "top4": 0, "win": 0, "topCarry": "TFT6_Veigar", "lastMatchId": "NA1_4325863921"}, "1150": {"games": 20, "avgPlace": 2.95, "top4": 14, "win": 7, "topCarry": "TFT6_Sivir", "lastMatchId": "NA1_4325863921"}}}