{"matches": [], "playerInfo": {"tier": "MASTER", "rank": "I", "leaguePoints": 0, "profileIconId": 3799, "name": "GARBShotz", "region": "na1", "localRank": [20472, 0.02177867706664454], "globalRank": [103682, 0.02000802389646819]}, "rankHistory": [[1646696905505, "PLATINUM I", 80, 5], [1646698703760, "PLATINUM I", 49, 6], [1646776646583, "PLATINUM I", 85, 7], [1646779650200, "DIAMOND IV", 41, 8], [1646783233792, "DIAMOND IV", 98, 9], [1646786830734, "DIAMOND III", 8, 10], [1646788654449, "DIAMOND III", 18, 11], [1646791102090, "DIAMOND III", 71, 12], [1646794049433, "DIAMOND II", 22, 13], [1646796482762, "DIAMOND II", 72, 14], [1646798546077, "DIAMOND II", 62, 15], [1646801234880, "DIAMOND II", 72, 16], [1646803044579, "DIAMOND I", 6, 17], [1646805134005, "DIAMOND I", 42, 18], [1646807280919, "DIAMOND I", 63, 19], [1646809337966, "DIAMOND I", 53, 20], [1646812036987, "DIAMOND I", 22, 21], [1646864538732, "DIAMOND I", 0, 22], [1646866697451, "DIAMOND II", 75, 23], [1649563691030, "DIAMOND II", 97, 24], [1649565479011, "DIAMOND I", 17, 25], [1649567843084, "DIAMOND I", 7, 26], [1649570059134, "DIAMOND I", 28, 27], [1649571867104, "DIAMOND I", 0, 28], [1649642072942, "DIAMOND II", 75, 29], [1649644308662, "DIAMOND II", 95, 30], [1649646094620, "DIAMOND I", 18, 31], [1649648279784, "DIAMOND I", 38, 32], [1649650665889, "DIAMOND I", 0, 33], [1649652878163, "DIAMOND II", 75, 34], [1649655116830, "DIAMOND I", 22, 35], [1649691128916, "DIAMOND I", 0, 36], [1649726235400, "DIAMOND II", 75, 37], [1651113641371, "DIAMOND II", 85, 38], [1651115834584, "DIAMOND II", 95, 39], [1651118117744, "DIAMOND I", 40, 40], [1651120430271, "DIAMOND I", 70, 41], [1651123031753, "MASTER I", 2, 42], [1651201810152, "MASTER I", 0, 43], [1651204031741, "MASTER I", 0, 44], [1651205831837, "MASTER I", 0, 45], [1651207217262, "MASTER I", 0, 46], [1651209882727, "MASTER I", 39, 47], [1651256682464, "MASTER I", 49, 48], [1651327820932, "MASTER I", 19, 49], [1651330485335, "MASTER I", 37, 50], [1651335429895, "MASTER I", 67, 51], [1651337686691, "MASTER I", 42, 52], [1651340424841, "MASTER I", 75, 53], [1651344883915, "MASTER I", 13, 54], [1652252106033, "MASTER I", 0, 54], [1653029233450, "MASTER I", 0, 55], [1653031533053, "MASTER I", 32, 56], [1653202536867, "MASTER I", 0, 56]], "seasonStats": {"games": 75, "avgPlace": 3.9066666666666667, "top4": 47, "win": 18, "topCarry": "TFT6_Irelia", "lastMatchId": "NA1_4317972112"}, "queueSeasonStats": {"1090": {"games": 4, "avgPlace": 2, "top4": 4, "win": 1, "topCarry": "TFT6_Zeri", "lastMatchId": "NA1_4317972112"}, "1100": {"games": 56, "avgPlace": 4.178571428571429, "top4": 34, "win": 9, "topCarry": "TFT6_Irelia", "lastMatchId": "NA1_4317972112"}, "1130": {"games": 0, "avgPlace": 0, "top4": 0, "win": 0, "topCarry": "TFT6_Veigar", "lastMatchId": "NA1_4317972112"}, "1150": {"games": 15, "avgPlace": 3.4, "top4": 9, "win": 8, "topCarry": "TFT6_Irelia", "lastMatchId": "NA1_4317972112"}}}