{"matches": [], "playerInfo": {"tier": "MASTER", "rank": "I", "leaguePoints": 55, "profileIconId": 29, "name": "gnokonyourdoor", "region": "na1", "localRank": [3419, 0.0036365299484567883], "globalRank": [19415, 0.003746275914234112]}, "rankHistory": [[1652785981118, "DIAMOND II", 11, 5], [1652787794200, "DIAMOND II", 0, 6], [1652789119410, "DIAMOND III", 75, 7], [1652792132536, "DIAMOND II", 33, 8], [1652803969241, "DIAMOND II", 67, 9], [1652808359588, "DIAMOND II", 89, 10], [1652810677702, "DIAMOND I", 21, 11], [1652842536401, "DIAMOND I", 1, 12], [1652845673104, "DIAMOND I", 24, 13], [1652847944088, "DIAMOND I", 47, 14], [1652849778005, "DIAMOND I", 29, 15], [1652855135906, "DIAMOND I", 19, 16], [1652856490988, "DIAMOND I", 0, 17], [1652858742544, "DIAMOND I", 47, 18], [1652861093511, "DIAMOND I", 17, 19], [1652900695566, "DIAMOND I", 35, 20], [1652934895225, "DIAMOND I", 0, 21], [1652936704328, "DIAMOND II", 75, 22], [1652939005286, "DIAMOND I", 25, 23], [1652942108138, "DIAMOND I", 60, 24], [1652943878523, "DIAMOND I", 26, 25], [1652946204217, "DIAMOND I", 46, 26], [1652948260458, "DIAMOND I", 96, 27], [1652950075561, "DIAMOND I", 77, 28], [1652982225594, "DIAMOND I", 96, 29], [1652984278890, "DIAMOND I", 79, 30], [1652986528554, "MASTER I", 26, 31], [1653022032935, "MASTER I", 58, 32], [1653024333288, "MASTER I", 106, 33], [1653026680474, "MASTER I", 151, 34], [1653038233901, "MASTER I", 202, 35], [1653040528274, "MASTER I", 212, 36], [1653042883237, "MASTER I", 227, 37], [1653050083386, "MASTER I", 179, 38], [1653122087742, "MASTER I", 193, 39], [1653240898332, "MASTER I", 170, 40], [1653242693478, "MASTER I", 128, 41], [1653244500336, "MASTER I", 108, 42], [1653275093137, "MASTER I", 74, 43], [1653276895711, "MASTER I", 42, 44], [1653278135336, "MASTER I", 0, 45], [1653279940513, "MASTER I", 0, 46], [1653281741516, "MASTER I", 0, 47], [1653283540149, "MASTER I", 0, 48], [1653288431264, "MASTER I", 0, 49], [1653292537912, "MASTER I", 44, 50], [1653294897029, "MASTER I", 31, 51], [1653373542574, "MASTER I", 41, 52], [1653375897684, "MASTER I", 82, 53], [1653378433488, "MASTER I", 125, 54], [1653380743065, "MASTER I", 135, 55], [1653395701981, "MASTER I", 125, 56], [1653397503291, "MASTER I", 104, 57], [1653399800013, "MASTER I", 55, 58]], "seasonStats": {"games": 58, "avgPlace": 4.293103448275862, "top4": 29, "win": 13, "topCarry": "TFT6_Jinx", "lastMatchId": "NA1_4318470576"}, "queueSeasonStats": {"1090": {"games": 0, "avgPlace": 0, "top4": 0, "win": 0, "topCarry": "TFT6_Veigar", "lastMatchId": "NA1_4318470576"}, "1100": {"games": 58, "avgPlace": 4.293103448275862, "top4": 29, "win": 13, "topCarry": "TFT6_Jinx", "lastMatchId": "NA1_4318470576"}, "1130": {"games": 0, "avgPlace": 0, "top4": 0, "win": 0, "topCarry": "TFT6_Veigar", "lastMatchId": "NA1_4318470576"}, "1150": {"games": 0, "avgPlace": 0, "top4": 0, "win": 0, "topCarry": "TFT6_Veigar", "lastMatchId": "NA1_4318470576"}}}