{"matches": [], "playerInfo": {"tier": "MASTER", "rank": "I", "leaguePoints": 0, "profileIconId": 4220, "name": "Got Murked69", "region": "na1", "localRank": [11307, 0.012042880194270925], "globalRank": [59626, 0.011513242372037647]}, "rankHistory": [[1645388226331, "DIAMOND IV", 43, 5], [1645487668319, "DIAMOND IV", 88, 6], [1645665430556, "DIAMOND IV", 98, 7], [1645681633340, "DIAMOND III", 8, 8], [1645910227438, "DIAMOND III", 18, 9], [1646179247186, "DIAMOND III", 32, 10], [1646504864388, "DIAMOND III", 0, 11], [1646507838537, "DIAMOND IV", 75, 12], [1646536640569, "DIAMOND IV", 54, 13], [1646547432932, "DIAMOND IV", 37, 14], [1646549236062, "DIAMOND IV", 21, 15], [1646589467536, "DIAMOND IV", 63, 16], [1646619451942, "DIAMOND IV", 49, 17], [1646700449296, "DIAMOND IV", 59, 18], [1646759835200, "DIAMOND III", 11, 19], [1646791103878, "DIAMOND III", 23, 20], [1646793149575, "DIAMOND III", 33, 21], [1647191855653, "DIAMOND III", 23, 22], [1647300821806, "DIAMOND III", 83, 23], [1648337442132, "DIAMOND III", 40, 24], [1648340231877, "DIAMOND III", 69, 25], [1648343850832, "DIAMOND III", 52, 26], [1648594031752, "DIAMOND III", 99, 27], [1648618248051, "DIAMOND II", 52, 28], [1648767673790, "DIAMOND II", 87, 29], [1648867018315, "DIAMOND II", 41, 30], [1648874195797, "DIAMOND II", 51, 31], [1648923469160, "DIAMOND I", 4, 32], [1648926059141, "DIAMOND I", 0, 33], [1649114623286, "DIAMOND II", 75, 34], [1649116875204, "DIAMOND II", 95, 35], [1649138492175, "DIAMOND I", 5, 36], [1649141246040, "DIAMOND I", 40, 37], [1649200066765, "DIAMOND I", 50, 38], [1649203625176, "DIAMOND I", 19, 39], [1649222243683, "DIAMOND I", 41, 40], [1649226678775, "DIAMOND I", 22, 41], [1649228486848, "DIAMOND I", 0, 42], [1649376115848, "DIAMOND II", 75, 43], [1649491657565, "DIAMOND I", 7, 44], [1649520483641, "DIAMOND I", 17, 45], [1649610097346, "DIAMOND I", 7, 46], [1649614103910, "DIAMOND I", 43, 47], [1649718138280, "DIAMOND I", 53, 48], [1649978259335, "DIAMOND I", 15, 49], [1649980054358, "DIAMOND I", 0, 50], [1649981849480, "DIAMOND I", 21, 51], [1650052050067, "DIAMOND I", 31, 52], [1650058713405, "DIAMOND I", 74, 53], [1650063273097, "DIAMOND I", 84, 54], [1650087531942, "DIAMOND I", 94, 55], [1650127149324, "DIAMOND I", 45, 56], [1650132524758, "DIAMOND I", 75, 57], [1650212696291, "DIAMOND I", 65, 58], [1650250936408, "MASTER I", 10, 59], [1651128883114, "MASTER I", 0, 59]], "seasonStats": {"games": 110, "avgPlace": 4.027272727272727, "top4": 66, "win": 13, "topCarry": "TFT6_Talon", "lastMatchId": "NA1_4282120018"}, "queueSeasonStats": {"1090": {"games": 17, "avgPlace": 4, "top4": 11, "win": 2, "topCarry": "TFT6_Twitch", "lastMatchId": "NA1_4282120018"}, "1100": {"games": 59, "avgPlace": 4.101694915254237, "top4": 35, "win": 10, "topCarry": "TFT6_Talon", "lastMatchId": "NA1_4282120018"}, "1130": {"games": 4, "avgPlace": 2.5, "top4": 3, "win": 1, "topCarry": "TFT6_Talon", "lastMatchId": "NA1_4282120018"}, "1150": {"games": 30, "avgPlace": 4.1, "top4": 17, "win": 0, "topCarry": "TFT6_Twitch", "lastMatchId": "NA1_4282120018"}}}