{"matches": [], "playerInfo": {"tier": "MASTER", "rank": "I", "leaguePoints": 0, "profileIconId": 23, "name": "Gr4peDrank", "region": "na1", "localRank": [11366, 0.012105101161625359], "globalRank": [59897, 0.011565060876972868]}, "rankHistory": [[1647739131800, "PLATINUM II", 55, 5], [1647818949771, "PLATINUM II", 79, 6], [1648082937939, "PLATINUM II", 69, 7], [1648246733900, "PLATINUM I", 1, 8], [1648249193345, "PLATINUM I", 0, 9], [1648315710394, "PLATINUM I", 60, 10], [1648318756457, "PLATINUM I", 84, 11], [1648320486461, "PLATINUM I", 94, 12], [1648325876830, "PLATINUM I", 51, 13], [1648335941855, "DIAMOND IV", 16, 14], [1648514198163, "DIAMOND IV", 0, 15], [1648596229748, "DIAMOND IV", 0, 16], [1648772238068, "DIAMOND IV", 0, 17], [1649551667785, "DIAMOND IV", 54, 18], [1649618659715, "DIAMOND IV", 76, 19], [1649895881788, "DIAMOND III", 4, 20], [1649898150444, "DIAMOND III", 14, 21], [1650068675447, "DIAMOND III", 32, 22], [1650071332109, "DIAMOND III", 52, 23], [1650144740188, "DIAMOND III", 19, 24], [1650146911247, "DIAMOND III", 69, 25], [1650673047686, "DIAMOND III", 34, 26], [1650827856584, "DIAMOND III", 66, 27], [1650830591236, "DIAMOND II", 1, 28], [1650831916163, "DIAMOND II", 0, 29], [1651345876460, "DIAMOND II", 32, 30], [1651886719845, "DIAMOND II", 51, 31], [1651888529702, "DIAMOND II", 15, 32], [1653179720682, "DIAMOND II", 5, 33], [1653182028163, "DIAMOND II", 15, 34], [1653256549923, "DIAMOND II", 61, 35], [1653258398317, "DIAMOND II", 14, 36], [1653260158476, "DIAMOND II", 4, 37], [1653318339686, "DIAMOND II", 34, 38], [1653320638597, "DIAMOND II", 81, 39], [1653324446254, "DIAMOND II", 91, 40], [1653340684796, "DIAMOND I", 1, 41], [1653343534280, "DIAMOND I", 0, 42], [1653433002889, "DIAMOND II", 75, 43], [1653691478757, "DIAMOND I", 6, 44], [1653693982105, "DIAMOND I", 0, 45], [1653696349937, "DIAMOND I", 10, 46], [1653763490929, "DIAMOND I", 0, 47], [1653765443360, "DIAMOND I", 46, 48], [1653768885405, "DIAMOND I", 68, 49], [1653770687908, "DIAMOND I", 78, 50], [1653772459035, "DIAMOND I", 43, 51], [1653786322157, "DIAMOND I", 85, 52], [1653788662274, "DIAMOND I", 95, 53], [1653790439092, "MASTER I", 14, 54], [1653953728344, "MASTER I", 48, 55], [1653956050150, "MASTER I", 23, 56], [1654034151567, "MASTER I", 0, 57]], "seasonStats": {"games": 65, "avgPlace": 4.092307692307692, "top4": 38, "win": 9, "topCarry": "TFT6_Sivir", "lastMatchId": "NA1_4326377322"}, "queueSeasonStats": {"1090": {"games": 8, "avgPlace": 5.125, "top4": 2, "win": 1, "topCarry": "TFT6_Irelia", "lastMatchId": "NA1_4326377322"}, "1100": {"games": 57, "avgPlace": 3.9473684210526314, "top4": 36, "win": 8, "topCarry": "TFT6_Sivir", "lastMatchId": "NA1_4326377322"}, "1130": {"games": 0, "avgPlace": 0, "top4": 0, "win": 0, "topCarry": "TFT6_Veigar", "lastMatchId": "NA1_4326377322"}, "1150": {"games": 0, "avgPlace": 0, "top4": 0, "win": 0, "topCarry": "TFT6_Veigar", "lastMatchId": "NA1_4326377322"}}}