{"matches": [], "playerInfo": {"tier": "MASTER", "rank": "I", "leaguePoints": 0, "profileIconId": 4273, "name": "H4s21Qq", "region": "na1", "localRank": [16257, 0.017299428992212755], "globalRank": [83478, 0.016111005713290952]}, "rankHistory": [[1645048121355, "DIAMOND II", 40, 5], [1645051625874, "DIAMOND II", 30, 6], [1645066024921, "DIAMOND II", 65, 7], [1645069627513, "DIAMOND II", 99, 8], [1645073224933, "DIAMOND II", 89, 9], [1645076830200, "DIAMOND I", 24, 10], [1645111024952, "DIAMOND I", 0, 11], [1645113045436, "DIAMOND II", 75, 12], [1645127230245, "DIAMOND II", 28, 13], [1645152431455, "DIAMOND II", 47, 14], [1645159999974, "DIAMOND II", 57, 15], [1645163343340, "DIAMOND II", 67, 16], [1645166826610, "DIAMOND I", 14, 17], [1645508833166, "DIAMOND I", 0, 18], [1645572029777, "DIAMOND I", 20, 19], [1645582637142, "DIAMOND I", 66, 20], [1645584892156, "DIAMOND I", 31, 21], [1645588675773, "DIAMOND I", 21, 22], [1645592095504, "DIAMOND I", 11, 23], [1645640226695, "DIAMOND I", 30, 24], [1645642244591, "DIAMOND I", 0, 25], [1645649226123, "DIAMOND I", 32, 26], [1645651520713, "DIAMOND I", 64, 27], [1645655302474, "DIAMOND I", 54, 28], [1645687029395, "DIAMOND I", 97, 29], [1645688826432, "DIAMOND I", 47, 30], [1645730232281, "DIAMOND I", 57, 31], [1645732243684, "DIAMOND I", 89, 32], [1645741244198, "MASTER I", 32, 33], [1645757730247, "MASTER I", 63, 34], [1645760826047, "MASTER I", 44, 35], [1645764425603, "MASTER I", 78, 36], [1645768025436, "MASTER I", 111, 37], [1645771625472, "MASTER I", 159, 38], [1645775224795, "MASTER I", 169, 39], [1645802736489, "MASTER I", 136, 40], [1645808337299, "MASTER I", 126, 41], [1645811739983, "MASTER I", 106, 42], [1645815340649, "MASTER I", 61, 43], [1645822024985, "MASTER I", 13, 44], [1645910225182, "MASTER I", 0, 45], [1646110806450, "MASTER I", 20, 46], [1646113625785, "MASTER I", 10, 47], [1646169685564, "MASTER I", 0, 48], [1646238627966, "MASTER I", 19, 49], [1646243224927, "MASTER I", 63, 50], [1646257625587, "MASTER I", 14, 51], [1646516827683, "MASTER I", 0, 52], [1647015428005, "MASTER I", 18, 53], [1647025103316, "MASTER I", 0, 54], [1647035535046, "MASTER I", 45, 55], [1647038827963, "MASTER I", 25, 56], [1647061372965, "MASTER I", 0, 57], [1647121627876, "MASTER I", 44, 58], [1647125538166, "MASTER I", 90, 59], [1647129507443, "MASTER I", 69, 60], [1647150742432, "MASTER I", 22, 61], [1648018381065, "MASTER I", 0, 61]], "seasonStats": {"games": 62, "avgPlace": 4.193548387096774, "top4": 32, "win": 12, "topCarry": "TFT6_Jayce", "lastMatchId": "NA1_4245390076"}, "queueSeasonStats": {"1090": {"games": 1, "avgPlace": 2, "top4": 1, "win": 0, "topCarry": "TFT6_TahmKench", "lastMatchId": "NA1_4245390076"}, "1100": {"games": 61, "avgPlace": 4.229508196721311, "top4": 31, "win": 12, "topCarry": "TFT6_Jayce", "lastMatchId": "NA1_4245390076"}, "1130": {"games": 0, "avgPlace": 0, "top4": 0, "win": 0, "topCarry": "TFT6_Veigar", "lastMatchId": "NA1_4245390076"}, "1150": {"games": 0, "avgPlace": 0, "top4": 0, "win": 0, "topCarry": "TFT6_Veigar", "lastMatchId": "NA1_4245390076"}}}