{"matches": [], "playerInfo": {"tier": "MASTER", "rank": "I", "leaguePoints": 24, "profileIconId": 984, "name": "HatredxZ", "region": "na1", "localRank": [4922, 0.00524302518931667], "globalRank": [27356, 0.005282626096242434]}, "rankHistory": [[1646115489463, "PLATINUM I", 68, 5], [1646207226468, "DIAMOND IV", 13, 6], [1646285460552, "DIAMOND IV", 85, 7], [1646288233809, "DIAMOND III", 50, 8], [1646427435906, "DIAMOND II", 18, 9], [1646430444412, "DIAMOND II", 46, 10], [1646432241823, "DIAMOND I", 5, 11], [1646444831266, "DIAMOND I", 26, 12], [1646446646137, "DIAMOND I", 36, 13], [1646448444054, "DIAMOND I", 11, 14], [1646454120544, "DIAMOND I", 21, 15], [1646457721798, "DIAMOND I", 0, 16], [1646554638962, "DIAMOND II", 75, 17], [1646630247226, "DIAMOND II", 53, 18], [1646632056621, "DIAMOND II", 15, 19], [1646713040772, "DIAMOND II", 0, 20], [1646714838828, "DIAMOND III", 75, 21], [1646717293543, "DIAMOND III", 96, 22], [1646800084300, "DIAMOND II", 55, 23], [1646806637012, "DIAMOND II", 21, 24], [1646808752499, "DIAMOND II", 65, 25], [1646810899561, "DIAMOND II", 88, 26], [1646884050181, "DIAMOND II", 52, 27], [1646886142336, "DIAMOND II", 92, 28], [1646888302677, "DIAMOND I", 2, 29], [1646890358348, "DIAMOND I", 12, 30], [1646972251680, "DIAMOND I", 69, 31], [1647400651535, "DIAMOND I", 26, 32], [1647821836874, "DIAMOND I", 10, 33], [1647824393307, "DIAMOND I", 26, 34], [1647826176696, "DIAMOND I", 0, 35], [1647836974064, "DIAMOND II", 75, 36], [1647839076466, "DIAMOND II", 35, 37], [1647930580760, "DIAMOND II", 86, 38], [1648172132277, "DIAMOND I", 35, 39], [1648174652888, "DIAMOND I", 45, 40], [1648200622048, "DIAMOND I", 0, 41], [1648281631071, "DIAMOND II", 75, 42], [1648283739845, "DIAMOND II", 61, 43], [1648286231187, "DIAMOND I", 12, 44], [1648699240399, "DIAMOND I", 0, 45], [1649126219185, "DIAMOND I", 10, 46], [1649128663309, "DIAMOND I", 20, 47], [1649485051099, "DIAMOND I", 8, 48], [1649487236728, "DIAMOND I", 0, 49], [1649489528281, "DIAMOND II", 75, 50], [1649492259541, "DIAMOND I", 13, 51], [1649494053180, "DIAMOND I", 32, 52], [1649646471802, "DIAMOND I", 0, 53], [1649648296087, "DIAMOND II", 75, 54], [1650173064893, "DIAMOND II", 92, 55], [1650174863147, "DIAMOND I", 2, 56], [1650176692211, "DIAMOND I", 0, 57], [1650178943978, "DIAMOND I", 15, 58], [1653106415546, "DIAMOND I", 64, 59], [1653289499853, "DIAMOND I", 95, 60], [1653291291927, "MASTER I", 24, 61]], "seasonStats": {"games": 80, "avgPlace": 3.775, "top4": 51, "win": 18, "topCarry": "TFT6_Jayce", "lastMatchId": "NA1_4317111081"}, "queueSeasonStats": {"1090": {"games": 13, "avgPlace": 2.8461538461538463, "top4": 10, "win": 6, "topCarry": "TFT6_Leona", "lastMatchId": "NA1_4317111081"}, "1100": {"games": 61, "avgPlace": 4.049180327868853, "top4": 36, "win": 11, "topCarry": "TFT6b_Vi", "lastMatchId": "NA1_4317111081"}, "1130": {"games": 0, "avgPlace": 0, "top4": 0, "win": 0, "topCarry": "TFT6_Veigar", "lastMatchId": "NA1_4317111081"}, "1150": {"games": 6, "avgPlace": 3, "top4": 5, "win": 1, "topCarry": "TFT6_Jayce", "lastMatchId": "NA1_4317111081"}}}