{"matches": [], "playerInfo": {"tier": "MASTER", "rank": "I", "leaguePoints": 3, "profileIconId": 2073, "name": "hehe xd 69", "region": "na1", "localRank": [6241, 0.006643262852228117], "globalRank": [34848, 0.0067264236419275775]}, "rankHistory": [[1649830662714, "DIAMOND III", 43, 5], [1649908067892, "DIAMOND III", 53, 6], [1649910746954, "DIAMOND III", 92, 7], [1649913888047, "DIAMOND III", 47, 8], [1649916132395, "DIAMOND III", 57, 9], [1649918311272, "DIAMOND III", 80, 10], [1650063735523, "DIAMOND III", 33, 11], [1650065544988, "DIAMOND III", 0, 12], [1650068270815, "DIAMOND III", 36, 13], [1650345433291, "DIAMOND III", 0, 14], [1650516883201, "DIAMOND III", 48, 15], [1651030422748, "DIAMOND III", 74, 16], [1651556883130, "DIAMOND III", 28, 17], [1651558282571, "DIAMOND III", 0, 18], [1651636076981, "DIAMOND IV", 75, 19], [1651716228905, "DIAMOND IV", 65, 20], [1651806666075, "DIAMOND III", 12, 21], [1652162661179, "DIAMOND III", 58, 22], [1652209447125, "DIAMOND III", 13, 23], [1652212078714, "DIAMOND III", 50, 24], [1652234677347, "DIAMOND III", 70, 25], [1652244158106, "DIAMOND II", 1, 26], [1652247249408, "DIAMOND II", 47, 27], [1652323658783, "DIAMOND II", 37, 28], [1652402101523, "DIAMOND II", 16, 29], [1652403355586, "DIAMOND II", 0, 30], [1652409269957, "DIAMOND II", 30, 31], [1652418252033, "DIAMOND II", 0, 32], [1652677955611, "DIAMOND III", 75, 33], [1652744852975, "DIAMOND II", 8, 34], [1652758996863, "DIAMOND II", 0, 35], [1652761072131, "DIAMOND II", 19, 36], [1652763907602, "DIAMOND II", 61, 37], [1652820169895, "DIAMOND I", 4, 38], [1652823757802, "DIAMOND I", 0, 39], [1652825851846, "DIAMOND I", 10, 40], [1652828145261, "DIAMOND I", 0, 41], [1652830474441, "DIAMOND I", 10, 42], [1652836665482, "DIAMOND I", 28, 43], [1652924563285, "DIAMOND I", 2, 44], [1652926367326, "DIAMOND I", 0, 45], [1653348396126, "DIAMOND I", 29, 46], [1653452252287, "DIAMOND I", 47, 47], [1653515249930, "DIAMOND I", 21, 48], [1653525340737, "DIAMOND I", 11, 49], [1653533746104, "DIAMOND I", 31, 50], [1653537371861, "DIAMOND I", 49, 51], [1653539163176, "DIAMOND I", 67, 52], [1653541572767, "DIAMOND I", 57, 53], [1653628484199, "DIAMOND I", 86, 54], [1653631512553, "DIAMOND I", 96, 55], [1653633335973, "DIAMOND I", 70, 56], [1653698155603, "DIAMOND I", 45, 57], [1653704079628, "DIAMOND I", 74, 58], [1653706600576, "DIAMOND I", 93, 59], [1653708917917, "MASTER I", 3, 60]], "seasonStats": {"games": 61, "avgPlace": 4.459016393442623, "top4": 33, "win": 7, "topCarry": "TFT6_Ashe", "lastMatchId": "NA1_4322455188"}, "queueSeasonStats": {"1090": {"games": 1, "avgPlace": 8, "top4": 0, "win": 0, "topCarry": "TFT6_Ahri", "lastMatchId": "NA1_4322455188"}, "1100": {"games": 60, "avgPlace": 4.4, "top4": 33, "win": 7, "topCarry": "TFT6_Ashe", "lastMatchId": "NA1_4322455188"}, "1130": {"games": 0, "avgPlace": 0, "top4": 0, "win": 0, "topCarry": "TFT6_Veigar", "lastMatchId": "NA1_4322455188"}, "1150": {"games": 0, "avgPlace": 0, "top4": 0, "win": 0, "topCarry": "TFT6_Veigar", "lastMatchId": "NA1_4322455188"}}}