{"matches": [], "playerInfo": {"tier": "MASTER", "rank": "I", "leaguePoints": 0, "profileIconId": 23, "name": "hi im ivan", "region": "na1", "localRank": [8729, 0.009295416185248092], "globalRank": [47161, 0.009105199506985911]}, "rankHistory": [[1646360293540, "PLATINUM IV", 94, 5], [1646367502417, "PLATINUM IV", 84, 6], [1646527691740, "PLATINUM III", 7, 7], [1646529507499, "PLATINUM III", 0, 8], [1646725725329, "PLATINUM III", 23, 9], [1646728007089, "PLATINUM III", 61, 10], [1646788720724, "PLATINUM III", 40, 11], [1646994464068, "PLATINUM III", 8, 12], [1646997523215, "PLATINUM III", 0, 13], [1648028908574, "PLATINUM III", 54, 14], [1648070350530, "PLATINUM III", 8, 15], [1648072075609, "PLATINUM III", 0, 16], [1648745980082, "PLATINUM IV", 75, 17], [1648749588796, "PLATINUM IV", 42, 18], [1648751360322, "PLATINUM IV", 10, 19], [1648754301482, "PLATINUM IV", 33, 20], [1648843145680, "PLATINUM IV", 55, 21], [1648844998114, "PLATINUM IV", 91, 22], [1648861166842, "PLATINUM III", 27, 23], [1648954768903, "PLATINUM III", 49, 24], [1649051349657, "PLATINUM III", 39, 25], [1649055646122, "PLATINUM III", 90, 26], [1649125157082, "PLATINUM II", 1, 27], [1649130565167, "PLATINUM II", 36, 28], [1649144934707, "PLATINUM II", 84, 29], [1649299698166, "PLATINUM I", 35, 30], [1649302206928, "PLATINUM I", 82, 31], [1649304033452, "PLATINUM I", 62, 32], [1649305783924, "PLATINUM I", 84, 33], [1649308050404, "DIAMOND IV", 30, 34], [1649399478722, "DIAMOND IV", 77, 35], [1649402235023, "DIAMOND III", 23, 36], [1649404043257, "DIAMOND III", 0, 37], [1649405836256, "DIAMOND III", 21, 38], [1649545662340, "DIAMOND III", 0, 39], [1649725302509, "DIAMOND III", 10, 40], [1649744661695, "DIAMOND III", 0, 41], [1649906683343, "DIAMOND III", 46, 42], [1649908922838, "DIAMOND III", 92, 43], [1649911113379, "DIAMOND III", 56, 44], [1650344579921, "DIAMOND II", 2, 45], [1650347272982, "DIAMOND II", 47, 46], [1650437249526, "DIAMOND II", 37, 47], [1650439495910, "DIAMOND II", 69, 48], [1652151308911, "DIAMOND II", 79, 49], [1652153677270, "DIAMOND I", 25, 50], [1652155930064, "DIAMOND I", 69, 51], [1652158030281, "MASTER I", 11, 52], [1652424916620, "MASTER I", 0, 53], [1653100485009, "MASTER I", 29, 54], [1653202537197, "MASTER I", 0, 54]], "seasonStats": {"games": 192, "avgPlace": 3.7239583333333335, "top4": 124, "win": 43, "topCarry": "TFT6_Jinx", "lastMatchId": "NA1_4326842081"}, "queueSeasonStats": {"1090": {"games": 60, "avgPlace": 3.716666666666667, "top4": 40, "win": 13, "topCarry": "TFT6_Zeri", "lastMatchId": "NA1_4326842081"}, "1100": {"games": 54, "avgPlace": 3.7222222222222223, "top4": 32, "win": 16, "topCarry": "TFT6_Jinx", "lastMatchId": "NA1_4326842081"}, "1130": {"games": 36, "avgPlace": 4.138888888888889, "top4": 21, "win": 10, "topCarry": "TFT6_Senna", "lastMatchId": "NA1_4326842081"}, "1150": {"games": 42, "avgPlace": 3.380952380952381, "top4": 31, "win": 4, "topCarry": "TFT6_Jinx", "lastMatchId": "NA1_4326842081"}}}