{"matches": [], "playerInfo": {"tier": "MASTER", "rank": "I", "leaguePoints": 0, "profileIconId": 2074, "name": "HUGE WATERPARK", "region": "na1", "localRank": [19440, 0.020688091895993386], "globalRank": [98838, 0.019076400949129983]}, "rankHistory": [[1646378226667, "DIAMOND III", 82, 5], [1646380031485, "DIAMOND II", 23, 6], [1646383639568, "DIAMOND II", 46, 7], [1646666541520, "DIAMOND II", 0, 8], [1646669834494, "DIAMOND II", 41, 9], [1646755081414, "DIAMOND II", 31, 10], [1646874436125, "DIAMOND II", 68, 11], [1646945245177, "DIAMOND II", 58, 12], [1647482370002, "DIAMOND II", 19, 13], [1648070998261, "DIAMOND II", 6, 14], [1648085707704, "DIAMOND II", 0, 15], [1648707836572, "DIAMOND II", 21, 16], [1648997623741, "DIAMOND II", 0, 17], [1648999873185, "DIAMOND III", 75, 18], [1649032635073, "DIAMOND III", 65, 19], [1649213635733, "DIAMOND II", 5, 20], [1649225857208, "DIAMOND II", 0, 21], [1649228035637, "DIAMOND II", 60, 22], [1649827032088, "DIAMOND II", 70, 23], [1651499234020, "DIAMOND I", 17, 24], [1651533925735, "DIAMOND I", 70, 25], [1651536244272, "DIAMOND I", 80, 26], [1651558244787, "MASTER I", 17, 27], [1651560432059, "MASTER I", 41, 28], [1651606402542, "MASTER I", 7, 29], [1651608646598, "MASTER I", 28, 30], [1651611802644, "MASTER I", 18, 31], [1651614044319, "MASTER I", 0, 32], [1651621630316, "MASTER I", 0, 33], [1651623894655, "MASTER I", 21, 34], [1651646445740, "MASTER I", 67, 35], [1651693259318, "MASTER I", 57, 36], [1651799831435, "MASTER I", 37, 37], [1651818296812, "MASTER I", 47, 38], [1651820098758, "MASTER I", 2, 39], [1651902430247, "MASTER I", 12, 40], [1651907468534, "MASTER I", 31, 41], [1651909632024, "MASTER I", 0, 42], [1652417715347, "MASTER I", 10, 43], [1652577919606, "MASTER I", 0, 44], [1652589731626, "MASTER I", 46, 45], [1652642722003, "MASTER I", 78, 46], [1652654539948, "MASTER I", 112, 47], [1652661261647, "MASTER I", 168, 48], [1652705726025, "MASTER I", 138, 49], [1652802152808, "MASTER I", 123, 50], [1652836633494, "MASTER I", 93, 51], [1653254738965, "MASTER I", 103, 52], [1653369432914, "MASTER I", 136, 53], [1653807351188, "MASTER I", 0, 53]], "seasonStats": {"games": 52, "avgPlace": 4.211538461538462, "top4": 29, "win": 7, "topCarry": "TFT6_Ahri", "lastMatchId": "NA1_4318024369"}, "queueSeasonStats": {"1090": {"games": 0, "avgPlace": 0, "top4": 0, "win": 0, "topCarry": "TFT6_Veigar", "lastMatchId": "NA1_4318024369"}, "1100": {"games": 52, "avgPlace": 4.211538461538462, "top4": 29, "win": 7, "topCarry": "TFT6_Ahri", "lastMatchId": "NA1_4318024369"}, "1130": {"games": 0, "avgPlace": 0, "top4": 0, "win": 0, "topCarry": "TFT6_Veigar", "lastMatchId": "NA1_4318024369"}, "1150": {"games": 0, "avgPlace": 0, "top4": 0, "win": 0, "topCarry": "TFT6_Veigar", "lastMatchId": "NA1_4318024369"}}}