{"matches": [], "playerInfo": {"tier": "MASTER", "rank": "I", "leaguePoints": 0, "profileIconId": 28, "name": "i Iike the devil", "region": "na1", "localRank": [6488, 0.00691388125771258], "globalRank": [37136, 0.007174126933132215]}, "rankHistory": [[1650971846269, "DIAMOND III", 16, 5], [1650974579228, "DIAMOND III", 6, 6], [1650976400637, "DIAMOND III", 0, 7], [1651049712138, "DIAMOND IV", 75, 8], [1651078057049, "DIAMOND IV", 98, 9], [1651080282765, "DIAMOND IV", 88, 10], [1651082585918, "DIAMOND III", 8, 11], [1651084380866, "DIAMOND III", 0, 12], [1651204527821, "DIAMOND III", 33, 13], [1651207250171, "DIAMOND III", 67, 14], [1651226114662, "DIAMOND II", 1, 15], [1651228418075, "DIAMOND II", 11, 16], [1651230638465, "DIAMOND II", 21, 17], [1651236468392, "DIAMOND II", 0, 18], [1651301728962, "DIAMOND III", 75, 19], [1651314790477, "DIAMOND III", 93, 20], [1651352119555, "DIAMOND III", 47, 21], [1651354831568, "DIAMOND III", 95, 22], [1651479078086, "DIAMOND III", 85, 23], [1651483034780, "DIAMOND II", 31, 24], [1651485811527, "DIAMOND II", 41, 25], [1651490247673, "DIAMOND II", 70, 26], [1651492508901, "DIAMOND II", 80, 27], [1651505638264, "DIAMOND I", 12, 28], [1651510055568, "DIAMOND I", 2, 29], [1651512335248, "DIAMOND I", 12, 30], [1651516880033, "DIAMOND I", 22, 31], [1651561453053, "DIAMOND I", 40, 32], [1651563247114, "DIAMOND I", 21, 33], [1651610859455, "DIAMOND I", 53, 34], [1651619470857, "DIAMOND I", 86, 35], [1651623088888, "DIAMOND I", 48, 36], [1651654541550, "DIAMOND I", 38, 37], [1651656313997, "DIAMOND I", 28, 38], [1651658625920, "DIAMOND I", 18, 39], [1651660895300, "DIAMOND I", 8, 40], [1651664015571, "DIAMOND I", 18, 41], [1651694688697, "DIAMOND I", 0, 42], [1651697738750, "DIAMOND I", 32, 43], [1651700063658, "DIAMOND I", 50, 44], [1651742747935, "DIAMOND I", 40, 45], [1651745471893, "DIAMOND I", 71, 46], [1651748097649, "MASTER I", 1, 47], [1651842670523, "MASTER I", 49, 48], [1651943833477, "MASTER I", 39, 49], [1651946102829, "MASTER I", 69, 50], [1651953298917, "MASTER I", 18, 51], [1651959226384, "MASTER I", 28, 52], [1651961021235, "MASTER I", 0, 53], [1651963631404, "MASTER I", 31, 54], [1652045106080, "MASTER I", 75, 55], [1652047925257, "MASTER I", 55, 56], [1652058697578, "MASTER I", 5, 57], [1652060832010, "MASTER I", 15, 58], [1652921730607, "MASTER I", 0, 59], [1652924559029, "MASTER I", 21, 60], [1653099170053, "MASTER I", 0, 61]], "seasonStats": {"games": 107, "avgPlace": 3.710280373831776, "top4": 68, "win": 17, "topCarry": "TFT6_Jhin", "lastMatchId": "NA1_4317992237"}, "queueSeasonStats": {"1090": {"games": 5, "avgPlace": 3.4, "top4": 3, "win": 1, "topCarry": "TFT6_Ahri", "lastMatchId": "NA1_4317992237"}, "1100": {"games": 61, "avgPlace": 4.147540983606557, "top4": 35, "win": 4, "topCarry": "TFT6_KhaZix", "lastMatchId": "NA1_4317992237"}, "1130": {"games": 27, "avgPlace": 2.814814814814815, "top4": 21, "win": 12, "topCarry": "TFT6_Talon", "lastMatchId": "NA1_4317992237"}, "1150": {"games": 14, "avgPlace": 3.642857142857143, "top4": 9, "win": 0, "topCarry": "TFT6_Ahri", "lastMatchId": "NA1_4317992237"}}}