{"matches": [], "playerInfo": {"tier": "MASTER", "rank": "I", "leaguePoints": 0, "profileIconId": 3861, "name": "III Aurora III", "region": "na1", "localRank": [7394, 0.007880292873205512], "globalRank": [41599, 0.008037470972149687]}, "rankHistory": [[1649701792367, "PLATINUM I", 21, 5], [1649704725459, "PLATINUM I", 11, 6], [1649711967440, "PLATINUM I", 62, 7], [1649719132764, "PLATINUM I", 52, 8], [1649736019097, "PLATINUM I", 20, 9], [1649737792519, "PLATINUM I", 71, 10], [1649740714276, "PLATINUM I", 51, 11], [1649742588953, "PLATINUM I", 61, 12], [1649788335677, "DIAMOND IV", 34, 13], [1649790488054, "DIAMOND IV", 24, 14], [1649821641922, "DIAMOND IV", 72, 15], [1649823841744, "DIAMOND IV", 62, 16], [1649903531994, "DIAMOND IV", 90, 17], [1649905734977, "DIAMOND III", 1, 18], [1649908041993, "DIAMOND III", 0, 19], [1649910719604, "DIAMOND III", 10, 20], [1649912913318, "DIAMOND III", 70, 21], [1649916524420, "DIAMOND III", 97, 22], [1649975926725, "DIAMOND III", 87, 23], [1649978258835, "DIAMOND II", 13, 24], [1649980481934, "DIAMOND II", 3, 25], [1649982722922, "DIAMOND II", 32, 26], [1649985436745, "DIAMOND II", 0, 27], [1649994459772, "DIAMOND II", 10, 28], [1649997142379, "DIAMOND II", 49, 29], [1650075476031, "DIAMOND I", 3, 30], [1650131664310, "DIAMOND I", 39, 31], [1650133453070, "DIAMOND I", 28, 32], [1650135278399, "DIAMOND I", 0, 33], [1650137924473, "DIAMOND I", 42, 34], [1650140649727, "MASTER I", 2, 35], [1650155919010, "MASTER I", 0, 36], [1650215833622, "MASTER I", 0, 37], [1650218057017, "MASTER I", 0, 38], [1650221232399, "MASTER I", 36, 39], [1650223457650, "MASTER I", 4, 40], [1650226132063, "MASTER I", 0, 41], [1650227930634, "MASTER I", 0, 42], [1650230232615, "MASTER I", 35, 43], [1650233290910, "MASTER I", 0, 44], [1650235339461, "MASTER I", 0, 45], [1650237431313, "MASTER I", 0, 46], [1650309857750, "MASTER I", 19, 47], [1650311657691, "MASTER I", 0, 48], [1650313457563, "MASTER I", 0, 49], [1650315257958, "MASTER I", 0, 50], [1650317058037, "MASTER I", 0, 51], [1650319731723, "MASTER I", 10, 52], [1650322031378, "MASTER I", 31, 53], [1650323832027, "MASTER I", 0, 54], [1650326536545, "MASTER I", 18, 55], [1650394461191, "MASTER I", 47, 56], [1650396742072, "MASTER I", 37, 57], [1650398542436, "MASTER I", 57, 58], [1650400347273, "MASTER I", 0, 59], [1650402139076, "MASTER I", 0, 60], [1650558756089, "MASTER I", 0, 61], [1650560954724, "MASTER I", 0, 62]], "seasonStats": {"games": 76, "avgPlace": 4.078947368421052, "top4": 42, "win": 9, "topCarry": "TFT6_Jinx", "lastMatchId": "NA1_4313712406"}, "queueSeasonStats": {"1090": {"games": 12, "avgPlace": 2.5, "top4": 11, "win": 4, "topCarry": "TFT6_Jinx", "lastMatchId": "NA1_4313712406"}, "1100": {"games": 62, "avgPlace": 4.387096774193548, "top4": 29, "win": 5, "topCarry": "TFT6_Jinx", "lastMatchId": "NA1_4313712406"}, "1130": {"games": 0, "avgPlace": 0, "top4": 0, "win": 0, "topCarry": "TFT6_Veigar", "lastMatchId": "NA1_4313712406"}, "1150": {"games": 2, "avgPlace": 4, "top4": 2, "win": 0, "topCarry": "TFT6_Kaisa", "lastMatchId": "NA1_4313712406"}}}