{"matches": [], "playerInfo": {"tier": "MASTER", "rank": "I", "leaguePoints": 0, "profileIconId": 3211, "name": "IlIlllIllIllIlll", "region": "na1", "localRank": [8684, 0.009248451491424628], "globalRank": [46964, 0.009067870979202246]}, "rankHistory": [[1645638505254, "GOLD I", 97, 5], [1645642070042, "PLATINUM IV", 80, 6], [1645651043986, "PLATINUM IV", 53, 7], [1645652881134, "PLATINUM III", 31, 8], [1645656887056, "PLATINUM III", 0, 9], [1645660085167, "PLATINUM IV", 75, 10], [1645662299251, "PLATINUM III", 15, 11], [1645674897254, "PLATINUM III", 0, 12], [1645762700651, "PLATINUM IV", 75, 13], [1645764466165, "PLATINUM IV", 65, 14], [1645768081776, "PLATINUM IV", 55, 15], [1645769898733, "PLATINUM IV", 13, 16], [1645775253078, "PLATINUM IV", 85, 17], [1645778854307, "PLATINUM III", 60, 18], [1645780698910, "PLATINUM III", 92, 19], [1645862144187, "PLATINUM II", 64, 20], [1645865283179, "PLATINUM I", 29, 21], [1645946278258, "PLATINUM I", 74, 22], [1645949827286, "DIAMOND IV", 2, 23], [1645951626721, "DIAMOND IV", 0, 24], [1645953967213, "DIAMOND IV", 27, 25], [1646099244089, "DIAMOND IV", 87, 26], [1646101590899, "DIAMOND IV", 97, 27], [1646104644344, "DIAMOND III", 53, 28], [1646106427091, "DIAMOND III", 77, 29], [1646110289446, "DIAMOND III", 32, 30], [1646112408386, "DIAMOND III", 58, 31], [1646191035134, "DIAMOND III", 82, 32], [1646192851406, "DIAMOND III", 92, 33], [1646194643570, "DIAMOND II", 2, 34], [1646626650542, "DIAMOND II", 44, 35], [1646628727146, "DIAMOND II", 79, 36], [1646632047195, "DIAMOND I", 36, 37], [1646634129851, "DIAMOND I", 58, 38], [1646636509656, "DIAMOND I", 68, 39], [1646639227842, "MASTER I", 22, 40], [1647154342618, "MASTER I", 58, 41], [1647156141577, "MASTER I", 12, 42], [1647157941604, "MASTER I", 0, 43], [1647161542153, "MASTER I", 50, 44], [1647244996076, "MASTER I", 40, 45], [1647247629050, "MASTER I", 23, 46], [1647676755782, "MASTER I", 77, 47], [1647679628632, "MASTER I", 128, 48], [1647681763256, "MASTER I", 116, 49], [1647745169626, "MASTER I", 138, 50], [1647747260979, "MASTER I", 128, 51], [1647749828515, "MASTER I", 118, 52], [1647751628702, "MASTER I", 70, 53], [1647753428616, "MASTER I", 36, 54], [1648193711316, "MASTER I", 53, 55], [1648534629130, "MASTER I", 73, 56], [1648696629406, "MASTER I", 39, 57], [1648792407871, "MASTER I", 0, 58], [1648794978591, "MASTER I", 0, 59], [1648797429240, "MASTER I", 0, 60]], "seasonStats": {"games": 60, "avgPlace": 3.966666666666667, "top4": 35, "win": 14, "topCarry": "TFT6_Draven", "lastMatchId": "NA1_4263481891"}, "queueSeasonStats": {"1090": {"games": 0, "avgPlace": 0, "top4": 0, "win": 0, "topCarry": "TFT6_Veigar", "lastMatchId": "NA1_4263481891"}, "1100": {"games": 60, "avgPlace": 3.966666666666667, "top4": 35, "win": 14, "topCarry": "TFT6_Draven", "lastMatchId": "NA1_4263481891"}, "1130": {"games": 0, "avgPlace": 0, "top4": 0, "win": 0, "topCarry": "TFT6_Veigar", "lastMatchId": "NA1_4263481891"}, "1150": {"games": 0, "avgPlace": 0, "top4": 0, "win": 0, "topCarry": "TFT6_Veigar", "lastMatchId": "NA1_4263481891"}}}