{"matches": [], "playerInfo": {"tier": "MASTER", "rank": "I", "leaguePoints": 0, "profileIconId": 781, "name": "Incestion", "region": "na1", "localRank": [9215, 0.009808951639686285], "globalRank": [49401, 0.009535484603206405]}, "rankHistory": [[1645120254923, "DIAMOND II", 21, 5], [1645211830515, "DIAMOND II", 31, 6], [1645213625591, "DIAMOND II", 48, 7], [1645215852355, "DIAMOND II", 90, 8], [1645219029392, "DIAMOND II", 63, 9], [1645228359146, "DIAMOND II", 73, 10], [1645251433692, "DIAMOND I", 15, 11], [1645276625908, "DIAMOND I", 0, 12], [1645471026131, "DIAMOND I", 10, 13], [1645473428192, "DIAMOND I", 0, 14], [1645476437225, "DIAMOND I", 32, 15], [1645478225466, "DIAMOND I", 42, 16], [1645505226918, "DIAMOND I", 16, 17], [1645512431235, "DIAMOND I", 0, 18], [1645513053301, "DIAMOND II", 75, 19], [1645516040924, "DIAMOND I", 18, 20], [1645548428287, "DIAMOND I", 0, 21], [1645859836735, "DIAMOND II", 75, 22], [1646021841749, "DIAMOND II", 50, 23], [1646077626562, "DIAMOND II", 91, 24], [1646081238744, "DIAMOND I", 31, 25], [1646110026757, "DIAMOND I", 0, 26], [1646111834407, "DIAMOND II", 75, 27], [1646119821265, "DIAMOND II", 33, 28], [1646162505707, "DIAMOND II", 23, 29], [1646171245645, "DIAMOND II", 0, 30], [1646202642508, "DIAMOND II", 10, 31], [1646293891047, "DIAMOND II", 51, 32], [1646453829083, "DIAMOND II", 69, 33], [1646457430958, "DIAMOND I", 1, 34], [1646459504748, "DIAMOND I", 0, 35], [1646626642248, "DIAMOND II", 75, 36], [1646727449091, "DIAMOND II", 52, 37], [1646779650599, "DIAMOND II", 93, 38], [1647909000845, "DIAMOND I", 3, 39], [1647933451227, "DIAMOND I", 43, 40], [1648592258131, "DIAMOND I", 71, 41], [1648596204846, "DIAMOND I", 22, 42], [1648598438632, "DIAMOND I", 65, 43], [1648856828838, "MASTER I", 5, 44], [1648863043763, "MASTER I", 0, 45], [1649460231389, "MASTER I", 28, 46], [1649465630750, "MASTER I", 38, 47], [1649469228490, "MASTER I", 0, 48], [1649471486142, "MASTER I", 18, 49], [1650043451355, "MASTER I", 58, 50], [1650055631291, "MASTER I", 48, 51], [1650068649086, "MASTER I", 78, 52], [1650344059970, "MASTER I", 12, 53], [1650437662168, "MASTER I", 0, 53], [1650676632142, "MASTER I", 0, 54], [1651027631800, "MASTER I", 29, 55], [1651128883097, "MASTER I", 0, 55], [1651291824539, "MASTER I", 0, 56], [1651875433541, "MASTER I", 0, 57], [1652312042253, "MASTER I", 0, 58], [1654116958281, "MASTER I", 31, 59], [1654136755055, "MASTER I", 0, 60]], "seasonStats": {"games": 60, "avgPlace": 4.133333333333334, "top4": 33, "win": 13, "topCarry": "TFT6_Zeri", "lastMatchId": "NA1_4327859499"}, "queueSeasonStats": {"1090": {"games": 0, "avgPlace": 0, "top4": 0, "win": 0, "topCarry": "TFT6_Veigar", "lastMatchId": "NA1_4327859499"}, "1100": {"games": 60, "avgPlace": 4.133333333333334, "top4": 33, "win": 13, "topCarry": "TFT6_Sivir", "lastMatchId": "NA1_4327859499"}, "1130": {"games": 0, "avgPlace": 0, "top4": 0, "win": 0, "topCarry": "TFT6_Veigar", "lastMatchId": "NA1_4327859499"}, "1150": {"games": 0, "avgPlace": 0, "top4": 0, "win": 0, "topCarry": "TFT6_Veigar", "lastMatchId": "NA1_4327859499"}}}