{"matches": [], "playerInfo": {"tier": "MASTER", "rank": "I", "leaguePoints": 0, "profileIconId": 4902, "name": "Infinite SUCC", "region": "na1", "localRank": [11051, 0.011778674747207748], "globalRank": [58925, 0.011385936585791897]}, "rankHistory": [[1646254108395, "PLATINUM II", 30, 5], [1646254547986, "PLATINUM II", 0, 6], [1646348171590, "PLATINUM II", 27, 7], [1646432760306, "PLATINUM II", 37, 8], [1646437658005, "PLATINUM II", 0, 9], [1646439454434, "PLATINUM III", 75, 10], [1647478101561, "PLATINUM II", 20, 11], [1647547095978, "PLATINUM II", 81, 12], [1647554320288, "PLATINUM II", 71, 13], [1647643725035, "PLATINUM II", 26, 14], [1647646139679, "PLATINUM II", 36, 15], [1647728897369, "PLATINUM II", 59, 16], [1647821870591, "PLATINUM II", 83, 17], [1647899965869, "PLATINUM II", 50, 18], [1647982081313, "PLATINUM II", 76, 19], [1647984002670, "PLATINUM II", 33, 20], [1648068523378, "PLATINUM II", 14, 21], [1648070336732, "PLATINUM II", 71, 22], [1648076364728, "PLATINUM I", 15, 23], [1648079329555, "PLATINUM I", 25, 24], [1648084722612, "PLATINUM I", 83, 25], [1648098306942, "DIAMOND IV", 3, 26], [1648153036049, "DIAMOND IV", 13, 27], [1648417656352, "DIAMOND IV", 3, 28], [1648497714586, "DIAMOND IV", 0, 29], [1648599447233, "DIAMOND IV", 48, 30], [1648603039271, "DIAMOND IV", 98, 31], [1648610640211, "DIAMOND III", 33, 32], [1648660646582, "DIAMOND III", 54, 33], [1648671810643, "DIAMOND III", 74, 34], [1648749649773, "DIAMOND III", 84, 35], [1648767670957, "DIAMOND III", 37, 36], [1648778800281, "DIAMOND III", 83, 37], [1648789576333, "DIAMOND II", 2, 38], [1648853256891, "DIAMOND II", 0, 39], [1648858657224, "DIAMOND II", 32, 40], [1648861621736, "DIAMOND II", 52, 41], [1648927053756, "DIAMOND II", 18, 42], [1648931028859, "DIAMOND II", 28, 43], [1648949025896, "DIAMOND II", 57, 44], [1649105631868, "DIAMOND II", 75, 45], [1649114251961, "DIAMOND I", 19, 46], [1649124063058, "DIAMOND I", 9, 47], [1649125866535, "DIAMOND I", 19, 48], [1649189260723, "DIAMOND I", 38, 49], [1649191052684, "DIAMOND I", 28, 50], [1649193451294, "DIAMOND I", 0, 51], [1649196083374, "DIAMOND II", 75, 52], [1650304480961, "DIAMOND II", 95, 53], [1650321150639, "DIAMOND I", 38, 54], [1650324295971, "DIAMOND I", 70, 55], [1650335078368, "DIAMOND I", 80, 56], [1650336881925, "DIAMOND I", 57, 57], [1650389581685, "DIAMOND I", 89, 58], [1650391738966, "MASTER I", 9, 59], [1651301688470, "MASTER I", 0, 59]], "seasonStats": {"games": 60, "avgPlace": 4.083333333333333, "top4": 39, "win": 8, "topCarry": "TFT6_Viktor", "lastMatchId": "NA1_4282180274"}, "queueSeasonStats": {"1090": {"games": 1, "avgPlace": 2, "top4": 1, "win": 0, "topCarry": "TFT6_Draven", "lastMatchId": "NA1_4282180274"}, "1100": {"games": 59, "avgPlace": 4.11864406779661, "top4": 38, "win": 8, "topCarry": "TFT6_Viktor", "lastMatchId": "NA1_4282180274"}, "1130": {"games": 0, "avgPlace": 0, "top4": 0, "win": 0, "topCarry": "TFT6_Veigar", "lastMatchId": "NA1_4282180274"}, "1150": {"games": 0, "avgPlace": 0, "top4": 0, "win": 0, "topCarry": "TFT6_Veigar", "lastMatchId": "NA1_4282180274"}}}