{"matches": [], "playerInfo": {"tier": "MASTER", "rank": "I", "leaguePoints": 0, "profileIconId": 3478, "name": "intc", "region": "na1", "localRank": [8022, 0.008539684195622853], "globalRank": [43633, 0.008422416022916353]}, "rankHistory": [[1645421050514, "DIAMOND II", 25, 5], [1645423007361, "DIAMOND II", 15, 6], [1645426032133, "DIAMOND II", 25, 7], [1645430201116, "DIAMOND II", 50, 8], [1645919971153, "DIAMOND II", 29, 9], [1645922827017, "DIAMOND II", 19, 10], [1645942626467, "DIAMOND II", 29, 11], [1646007980053, "DIAMOND II", 49, 12], [1646011032080, "DIAMOND II", 71, 13], [1646012843235, "DIAMOND I", 12, 14], [1646016445191, "DIAMOND I", 22, 15], [1646023627180, "DIAMOND I", 32, 16], [1646025443249, "DIAMOND I", 0, 17], [1646027494105, "DIAMOND II", 75, 18], [1646112095015, "DIAMOND II", 97, 19], [1646115441856, "DIAMOND I", 20, 20], [1646117237846, "DIAMOND I", 31, 21], [1646119032651, "DIAMOND I", 12, 22], [1646121402766, "DIAMOND I", 69, 23], [1646632041819, "DIAMOND I", 59, 24], [1646634462603, "MASTER I", 11, 25], [1646637428079, "MASTER I", 1, 26], [1646801877451, "MASTER I", 0, 27], [1646804828235, "MASTER I", 12, 28], [1646806628273, "MASTER I", 2, 29], [1646843538803, "MASTER I", 41, 30], [1646846227390, "MASTER I", 75, 31], [1647065828723, "MASTER I", 129, 32], [1647067940726, "MASTER I", 116, 33], [1647071228511, "MASTER I", 126, 34], [1647073339903, "MASTER I", 109, 35], [1647075138398, "MASTER I", 79, 36], [1647115105399, "MASTER I", 69, 37], [1647117177727, "MASTER I", 49, 38], [1647123428182, "MASTER I", 71, 39], [1647125538050, "MASTER I", 61, 40], [1647127710301, "MASTER I", 98, 41], [1647129778175, "MASTER I", 118, 42], [1647132427841, "MASTER I", 128, 43], [1647147782666, "MASTER I", 118, 44], [1647149584990, "MASTER I", 83, 45], [1647152228186, "MASTER I", 65, 46], [1647154714092, "MASTER I", 116, 47], [1647197229026, "MASTER I", 126, 48], [1647208343765, "MASTER I", 163, 49], [1647211629147, "MASTER I", 173, 50], [1647213746555, "MASTER I", 199, 51], [1647217029328, "MASTER I", 180, 52], [1647219790927, "MASTER I", 219, 53], [1647233751099, "MASTER I", 245, 54], [1647235346206, "MASTER I", 198, 55], [1647237794977, "MASTER I", 236, 56], [1648104782758, "MASTER I", 0, 56], [1652329035646, "MASTER I", 0, 57], [1652334913130, "MASTER I", 56, 58], [1652511319773, "MASTER I", 0, 58], [1653102284084, "MASTER I", 33, 59], [1653202537166, "MASTER I", 0, 59]], "seasonStats": {"games": 64, "avgPlace": 3.84375, "top4": 40, "win": 6, "topCarry": "TFT6_Irelia", "lastMatchId": "NA1_4314452574"}, "queueSeasonStats": {"1090": {"games": 0, "avgPlace": 0, "top4": 0, "win": 0, "topCarry": "TFT6_Veigar", "lastMatchId": "NA1_4314452574"}, "1100": {"games": 59, "avgPlace": 3.9152542372881354, "top4": 36, "win": 6, "topCarry": "TFT6_Irelia", "lastMatchId": "NA1_4314452574"}, "1130": {"games": 0, "avgPlace": 0, "top4": 0, "win": 0, "topCarry": "TFT6_Veigar", "lastMatchId": "NA1_4314452574"}, "1150": {"games": 5, "avgPlace": 3, "top4": 4, "win": 0, "topCarry": "TFT6_Zeri", "lastMatchId": "NA1_4314452574"}}}