{"matches": [], "playerInfo": {"tier": "MASTER", "rank": "I", "leaguePoints": 0, "profileIconId": 29, "name": "Jeu de chance", "region": "na1", "localRank": [14696, 0.015666792816899155], "globalRank": [76102, 0.014707886060749896]}, "rankHistory": [[1648673751418, "SILVER I", 87, 5], [1648678913976, "GOLD IV", 80, 6], [1648727477359, "GOLD III", 40, 7], [1648741806564, "GOLD III", 50, 8], [1648745511617, "GOLD III", 86, 9], [1648747218259, "GOLD II", 68, 10], [1649064061426, "GOLD I", 22, 11], [1649071240940, "GOLD I", 97, 12], [1649089118198, "PLATINUM IV", 20, 13], [1649161122934, "PLATINUM IV", 94, 14], [1649171949422, "PLATINUM III", 49, 15], [1649252984745, "PLATINUM III", 93, 16], [1649255542427, "PLATINUM II", 15, 17], [1649337576786, "PLATINUM II", 68, 18], [1649339976483, "PLATINUM II", 94, 19], [1649351981483, "PLATINUM I", 18, 20], [1649362702912, "PLATINUM I", 87, 21], [1649368892813, "DIAMOND IV", 57, 22], [1649412100857, "DIAMOND IV", 94, 23], [1649416082651, "DIAMOND IV", 66, 24], [1649418846643, "DIAMOND III", 1, 25], [1649948910321, "DIAMOND III", 0, 26], [1650111456588, "DIAMOND III", 55, 27], [1650118135280, "DIAMOND III", 97, 28], [1650120434033, "DIAMOND II", 7, 29], [1650125855943, "DIAMOND II", 17, 30], [1650187051743, "DIAMOND II", 0, 31], [1650189755009, "DIAMOND II", 56, 32], [1650191991979, "DIAMOND II", 96, 33], [1650200111866, "DIAMOND I", 38, 34], [1650202379722, "DIAMOND I", 92, 35], [1650205054060, "DIAMOND I", 58, 36], [1650207307526, "DIAMOND I", 80, 37], [1650209942639, "MASTER I", 39, 38], [1650276134008, "MASTER I", 75, 39], [1650278330443, "MASTER I", 85, 40], [1650280631421, "MASTER I", 142, 41], [1650375539318, "MASTER I", 132, 42], [1650377831804, "MASTER I", 159, 43], [1650380540837, "MASTER I", 219, 44], [1650450743679, "MASTER I", 229, 45], [1650452547077, "MASTER I", 286, 46], [1650455231804, "MASTER I", 296, 47], [1650457463527, "MASTER I", 347, 48], [1650537158894, "MASTER I", 378, 49], [1650539360058, "MASTER I", 348, 50], [1650542068399, "MASTER I", 359, 51], [1651398028769, "MASTER I", 369, 52], [1651428195652, "MASTER I", 426, 53], [1651488431178, "MASTER I", 468, 54], [1651489836686, "MASTER I", 417, 55], [1651820098465, "MASTER I", 167, 55], [1651906499092, "MASTER I", 0, 55]], "seasonStats": {"games": 55, "avgPlace": 2.709090909090909, "top4": 48, "win": 18, "topCarry": "TFT6_Sivir", "lastMatchId": "NA1_4295366110"}, "queueSeasonStats": {"1090": {"games": 0, "avgPlace": 0, "top4": 0, "win": 0, "topCarry": "TFT6_Veigar", "lastMatchId": "NA1_4295366110"}, "1100": {"games": 55, "avgPlace": 2.709090909090909, "top4": 48, "win": 18, "topCarry": "TFT6_Sivir", "lastMatchId": "NA1_4295366110"}, "1130": {"games": 0, "avgPlace": 0, "top4": 0, "win": 0, "topCarry": "TFT6_Veigar", "lastMatchId": "NA1_4295366110"}, "1150": {"games": 0, "avgPlace": 0, "top4": 0, "win": 0, "topCarry": "TFT6_Veigar", "lastMatchId": "NA1_4295366110"}}}