{"matches": [], "playerInfo": {"tier": "MASTER", "rank": "I", "leaguePoints": 124, "profileIconId": 746, "name": "jpchurro", "region": "na1", "localRank": [2477, 0.002639616195329467], "globalRank": [13053, 0.0025217404239839094]}, "rankHistory": [[1645141631624, "DIAMOND IV", 73, 5], [1645163227006, "DIAMOND IV", 63, 6], [1645165029955, "DIAMOND III", 23, 7], [1645229828909, "DIAMOND III", 63, 8], [1645231631539, "DIAMOND III", 87, 9], [1645233432030, "DIAMOND III", 42, 10], [1645235226158, "DIAMOND III", 52, 11], [1648513060255, "DIAMOND III", 7, 12], [1648515220065, "DIAMOND III", 45, 13], [1648612055662, "DIAMOND III", 14, 14], [1648613859010, "DIAMOND III", 54, 15], [1648698839373, "DIAMOND II", 13, 16], [1648790248230, "DIAMOND II", 35, 17], [1649738831619, "DIAMOND II", 57, 18], [1649909856006, "DIAMOND II", 86, 19], [1650234981832, "DIAMOND II", 68, 20], [1650236974024, "DIAMOND II", 21, 21], [1650254539440, "DIAMOND II", 70, 22], [1650258184347, "DIAMOND II", 85, 23], [1650423281591, "DIAMOND I", 13, 24], [1651457463815, "DIAMOND I", 34, 25], [1651541098278, "DIAMOND I", 54, 26], [1651543441810, "DIAMOND I", 90, 27], [1651544731488, "DIAMOND I", 43, 28], [1651547018737, "DIAMOND I", 65, 29], [1651549246148, "DIAMOND I", 75, 30], [1651551891337, "MASTER I", 1, 31], [1651862472264, "MASTER I", 46, 32], [1651869225622, "MASTER I", 92, 33], [1651872814835, "MASTER I", 111, 34], [1651939422562, "MASTER I", 101, 35], [1651941739342, "MASTER I", 91, 36], [1651944304664, "MASTER I", 81, 37], [1652160311144, "MASTER I", 59, 38], [1652162105604, "MASTER I", 14, 39], [1652164890801, "MASTER I", 47, 40], [1652322843355, "MASTER I", 84, 41], [1652324647361, "MASTER I", 64, 42], [1652422322731, "MASTER I", 87, 43], [1652507719929, "MASTER I", 108, 44], [1652664858805, "MASTER I", 61, 45], [1652674632381, "MASTER I", 43, 46], [1653283539891, "MASTER I", 61, 47], [1653447346110, "MASTER I", 51, 48], [1653449706827, "MASTER I", 70, 49], [1653756233097, "MASTER I", 106, 50], [1653761635816, "MASTER I", 96, 51], [1653763430656, "MASTER I", 86, 52], [1653875753395, "MASTER I", 134, 53], [1653962156245, "MASTER I", 124, 54]], "seasonStats": {"games": 57, "avgPlace": 3.8771929824561404, "top4": 34, "win": 8, "topCarry": "TFT6_Sivir", "lastMatchId": "NA1_4325396070"}, "queueSeasonStats": {"1090": {"games": 2, "avgPlace": 1.5, "top4": 2, "win": 1, "topCarry": "TFT6_Zeri", "lastMatchId": "NA1_4325396070"}, "1100": {"games": 54, "avgPlace": 4, "top4": 31, "win": 7, "topCarry": "TFT6_Sivir", "lastMatchId": "NA1_4325396070"}, "1130": {"games": 0, "avgPlace": 0, "top4": 0, "win": 0, "topCarry": "TFT6_Veigar", "lastMatchId": "NA1_4325396070"}, "1150": {"games": 1, "avgPlace": 2, "top4": 1, "win": 0, "topCarry": "TFT6_Draven", "lastMatchId": "NA1_4325396070"}}}