{"matches": [], "playerInfo": {"tier": "MASTER", "rank": "I", "leaguePoints": 0, "profileIconId": 29, "name": "JudyZhouIsDaBomb", "region": "na1", "localRank": [18997, 0.020240646012975236], "globalRank": [96911, 0.018718082435199134]}, "rankHistory": [[1649294809281, "SILVER I", 16, 5], [1649305709024, "SILVER I", 81, 6], [1649372194415, "SILVER I", 94, 7], [1649379108553, "GOLD IV", 93, 8], [1649487199634, "GOLD III", 3, 9], [1649490730434, "GOLD III", 0, 10], [1649578869633, "GOLD III", 67, 11], [1649580680679, "GOLD III", 31, 12], [1649656241787, "GOLD III", 91, 13], [1649976637419, "GOLD II", 21, 14], [1650043213920, "GOLD II", 79, 15], [1650599596093, "GOLD I", 10, 16], [1650615692249, "GOLD I", 68, 17], [1650951091163, "PLATINUM IV", 20, 18], [1650953897434, "PLATINUM IV", 0, 19], [1651042151527, "PLATINUM IV", 0, 20], [1651210338491, "PLATINUM IV", 31, 21], [1651460483760, "PLATINUM IV", 21, 22], [1651463312977, "PLATINUM IV", 93, 23], [1651528130979, "PLATINUM III", 40, 24], [1651547991214, "PLATINUM III", 70, 25], [1651646886147, "PLATINUM II", 15, 26], [1651690907541, "PLATINUM II", 0, 27], [1651699144125, "PLATINUM II", 42, 28], [1651701017958, "PLATINUM II", 32, 29], [1651706297994, "PLATINUM II", 73, 30], [1651720718819, "PLATINUM I", 31, 31], [1651731521804, "PLATINUM I", 41, 32], [1651736995813, "PLATINUM I", 30, 33], [1651800016603, "PLATINUM I", 87, 34], [1651809828686, "DIAMOND IV", 33, 35], [1651811679489, "DIAMOND IV", 23, 36], [1651817869612, "DIAMOND IV", 47, 37], [1651820131280, "DIAMOND IV", 88, 38], [1651884107138, "DIAMOND III", 45, 39], [1651968253991, "DIAMOND III", 35, 40], [1651987519199, "DIAMOND III", 45, 41], [1651989862995, "DIAMOND III", 55, 42], [1652046101634, "DIAMOND II", 5, 43], [1652079847426, "DIAMOND II", 15, 44], [1652123500195, "DIAMOND II", 53, 45], [1652138289043, "DIAMOND II", 63, 46], [1652144148317, "DIAMOND II", 86, 47], [1652166236412, "DIAMOND II", 96, 48], [1652240070658, "DIAMOND I", 37, 49], [1652241875324, "DIAMOND I", 58, 50], [1652310741228, "DIAMOND I", 94, 51], [1652313840479, "MASTER I", 35, 52], [1653202536833, "MASTER I", 0, 52]], "seasonStats": {"games": 54, "avgPlace": 3.092592592592593, "top4": 42, "win": 11, "topCarry": "TFT6_Talon", "lastMatchId": "NA1_4304479432"}, "queueSeasonStats": {"1090": {"games": 1, "avgPlace": 1, "top4": 1, "win": 1, "topCarry": "TFT6_Leona", "lastMatchId": "NA1_4304479432"}, "1100": {"games": 52, "avgPlace": 3.076923076923077, "top4": 41, "win": 10, "topCarry": "TFT6_Talon", "lastMatchId": "NA1_4304479432"}, "1130": {"games": 0, "avgPlace": 0, "top4": 0, "win": 0, "topCarry": "TFT6_Veigar", "lastMatchId": "NA1_4304479432"}, "1150": {"games": 1, "avgPlace": 6, "top4": 0, "win": 0, "topCarry": "TFT6_Viktor", "lastMatchId": "NA1_4304479432"}}}