{"matches": [], "playerInfo": {"tier": "GRANDMASTER", "rank": "I", "leaguePoints": 575, "profileIconId": 29, "name": "JukeTwo", "region": "na1", "localRank": [663, 0.000705081371494932], "globalRank": [3194, 0.0006162670578052326]}, "rankHistory": [[1652234655304, "DIAMOND II", 14, 5], [1652237709765, "DIAMOND II", 66, 6], [1652244147976, "DIAMOND II", 16, 7], [1652593635154, "DIAMOND II", 67, 8], [1652595937211, "DIAMOND I", 23, 9], [1652638349991, "DIAMOND I", 79, 10], [1652661738291, "MASTER I", 19, 11], [1652665336218, "MASTER I", 71, 12], [1652668460083, "MASTER I", 61, 13], [1652672063110, "MASTER I", 71, 14], [1652681539818, "MASTER I", 125, 15], [1652736323746, "MASTER I", 115, 16], [1652738125960, "MASTER I", 74, 17], [1652762070225, "MASTER I", 98, 18], [1652765127080, "MASTER I", 138, 19], [1652847433681, "MASTER I", 196, 20], [1652914032764, "MASTER I", 157, 21], [1652916941201, "MASTER I", 217, 22], [1652934876206, "MASTER I", 249, 23], [1652937168315, "MASTER I", 213, 24], [1653064970769, "MASTER I", 273, 25], [1653075772000, "MASTER I", 313, 26], [1653084769568, "MASTER I", 266, 27], [1653196380917, "MASTER I", 286, 28], [1653198934423, "MASTER I", 320, 29], [1653240898210, "MASTER I", 363, 30], [1653246299968, "MASTER I", 420, 31], [1653249896007, "MASTER I", 481, 32], [1653255295506, "MASTER I", 518, 33], [1653259396898, "MASTER I", 501, 34], [1653261937394, "MASTER I", 548, 35], [1653264294429, "MASTER I", 558, 36], [1653273295825, "MASTER I", 514, 37], [1653275592487, "MASTER I", 485, 38], [1653280989997, "MASTER I", 463, 39], [1653284095307, "MASTER I", 415, 40], [1653285895500, "MASTER I", 396, 41], [1653288192288, "MASTER I", 414, 42], [1653327297333, "MASTER I", 372, 43], [1653340399126, "MASTER I", 419, 44], [1653343494561, "MASTER I", 457, 45], [1653347099983, "MASTER I", 479, 46], [1653352493848, "MASTER I", 504, 47], [1653362234473, "MASTER I", 558, 48], [1653369195893, "MASTER I", 595, 49], [1653375332802, "GRANDMASTER I", 595, 49], [1653618904377, "GRANDMASTER I", 585, 50], [1653621251527, "GRANDMASTER I", 546, 51], [1653634551064, "MASTER I", 546, 51], [1653774951659, "MASTER I", 569, 52], [1653784522928, "MASTER I", 591, 53], [1653799437472, "MASTER I", 575, 54], [1653807342358, "GRANDMASTER I", 575, 54]], "seasonStats": {"games": 61, "avgPlace": 3.377049180327869, "top4": 42, "win": 20, "topCarry": "TFT6_Draven", "lastMatchId": "NA1_4323526996"}, "queueSeasonStats": {"1090": {"games": 0, "avgPlace": 0, "top4": 0, "win": 0, "topCarry": "TFT6_Veigar", "lastMatchId": "NA1_4323526996"}, "1100": {"games": 54, "avgPlace": 3.5555555555555554, "top4": 36, "win": 15, "topCarry": "TFT6_Draven", "lastMatchId": "NA1_4323526996"}, "1130": {"games": 0, "avgPlace": 0, "top4": 0, "win": 0, "topCarry": "TFT6_Veigar", "lastMatchId": "NA1_4323526996"}, "1150": {"games": 7, "avgPlace": 2, "top4": 6, "win": 5, "topCarry": "TFT6_Irelia", "lastMatchId": "NA1_4323526996"}}}