{"matches": [], "playerInfo": {"tier": "MASTER", "rank": "I", "leaguePoints": 10, "profileIconId": 659, "name": "Kanye North", "region": "na1", "localRank": [5933, 0.006314610879266726], "globalRank": [32930, 0.0063558765898377], "hyperrollLeague": ["BLUE", 2730]}, "rankHistory": [[1645044426655, "DIAMOND III", 20, 5], [1645046224987, "DIAMOND III", 44, 6], [1645048150685, "DIAMOND III", 84, 7], [1645051625010, "DIAMOND III", 74, 8], [1645055225252, "DIAMOND III", 99, 9], [1645058825471, "DIAMOND II", 40, 10], [1645064226068, "DIAMOND II", 8, 11], [1645071426684, "DIAMOND II", 62, 12], [1645073224930, "DIAMOND II", 72, 13], [1645120254695, "DIAMOND II", 98, 14], [1645134425659, "DIAMOND I", 50, 15], [1645136475095, "DIAMOND I", 31, 16], [1645141627327, "DIAMOND I", 41, 17], [1645143426880, "DIAMOND I", 51, 18], [1645159628215, "DIAMOND I", 33, 19], [1645213631490, "DIAMOND I", 0, 20], [1645215426027, "DIAMOND II", 75, 21], [1645321626524, "DIAMOND II", 65, 22], [1645323434814, "DIAMOND II", 46, 23], [1645472838286, "DIAMOND II", 27, 24], [1645633237382, "DIAMOND II", 85, 25], [1645643828398, "DIAMOND I", 39, 26], [1645647644000, "DIAMOND I", 61, 27], [1645649892539, "DIAMOND I", 37, 28], [1645664309203, "DIAMOND I", 75, 29], [1645732025144, "MASTER I", 9, 30], [1645822734797, "MASTER I", 0, 31], [1645994825591, "MASTER I", 0, 32], [1646104625853, "MASTER I", 10, 33], [1646108791488, "MASTER I", 48, 34], [1646162487323, "MASTER I", 15, 35], [1646167625983, "MASTER I", 0, 36], [1646420228321, "MASTER I", 34, 37], [1646680919375, "MASTER I", 24, 38], [1646683065410, "MASTER I", 0, 39], [1646767673986, "MASTER I", 0, 40], [1646855542084, "MASTER I", 0, 41], [1646967756330, "MASTER I", 0, 42], [1647031628157, "MASTER I", 0, 43], [1647400956422, "MASTER I", 0, 44], [1647539559168, "MASTER I", 0, 45], [1647542043358, "MASTER I", 42, 46], [1647886628314, "MASTER I", 57, 47], [1648018381028, "MASTER I", 0, 47], [1648406829089, "MASTER I", 17, 48], [1648517767432, "MASTER I", 0, 49], [1648842428419, "MASTER I", 0, 50], [1649464277419, "MASTER I", 10, 51], [1649573631865, "MASTER I", 0, 51], [1650600559361, "MASTER I", 0, 52], [1652802926680, "MASTER I", 10, 53], [1652943329013, "MASTER I", 0, 53], [1654024631054, "MASTER I", 10, 54]], "seasonStats": {"games": 100, "avgPlace": 4.31, "top4": 57, "win": 8, "topCarry": "TFT6_Sivir", "lastMatchId": "NA1_4326279603"}, "queueSeasonStats": {"1090": {"games": 30, "avgPlace": 4.466666666666667, "top4": 17, "win": 0, "topCarry": "TFT6_Irelia", "lastMatchId": "NA1_4326279603"}, "1100": {"games": 54, "avgPlace": 4.537037037037037, "top4": 27, "win": 5, "topCarry": "TFT6_Sivir", "lastMatchId": "NA1_4326279603"}, "1130": {"games": 8, "avgPlace": 3.125, "top4": 6, "win": 2, "topCarry": "TFT6_Leona", "lastMatchId": "NA1_4326279603"}, "1150": {"games": 8, "avgPlace": 3.375, "top4": 7, "win": 1, "topCarry": "TFT6_Gnar", "lastMatchId": "NA1_4326279603"}}}