{"matches": [], "playerInfo": {"tier": "MASTER", "rank": "I", "leaguePoints": 109, "profileIconId": 29, "name": "khuwho", "region": "na1", "localRank": [2648, 0.0028182475140779337], "globalRank": [13807, 0.0026648956025651866]}, "rankHistory": [[1651780552931, "SILVER I", 82, 5], [1651791114656, "GOLD II", 15, 9], [1651794845066, "GOLD I", 4, 10], [1651805525274, "GOLD I", 80, 11], [1651807192565, "PLATINUM IV", 62, 12], [1651809724538, "PLATINUM III", 32, 13], [1651811589709, "PLATINUM III", 42, 14], [1651814398852, "PLATINUM III", 31, 15], [1651816124929, "PLATINUM III", 79, 16], [1651818752358, "PLATINUM II", 67, 17], [1651890018864, "PLATINUM II", 95, 18], [1653157227782, "PLATINUM II", 85, 19], [1653161603500, "PLATINUM I", 38, 20], [1653164358379, "PLATINUM I", 16, 21], [1653166222178, "PLATINUM I", 6, 22], [1653168037690, "PLATINUM I", 16, 23], [1653170590874, "PLATINUM I", 6, 24], [1653172396627, "PLATINUM I", 0, 25], [1653179604980, "PLATINUM I", 62, 26], [1653182001257, "DIAMOND IV", 23, 27], [1653184577350, "DIAMOND IV", 69, 28], [1653187689207, "DIAMOND III", 28, 29], [1653190538762, "DIAMOND III", 80, 30], [1653245277332, "DIAMOND II", 41, 31], [1653251225659, "DIAMOND II", 51, 32], [1653256040136, "DIAMOND II", 61, 33], [1653263027747, "DIAMOND I", 28, 34], [1653267401343, "DIAMOND I", 18, 35], [1653269704523, "DIAMOND I", 0, 36], [1653272779677, "DIAMOND I", 55, 37], [1653274544670, "DIAMOND I", 34, 38], [1653276909240, "DIAMOND I", 57, 39], [1653278718865, "DIAMOND I", 10, 40], [1653280550432, "DIAMOND I", 0, 41], [1653282842824, "DIAMOND II", 75, 42], [1653284841228, "DIAMOND I", 11, 43], [1653287199891, "DIAMOND I", 60, 44], [1653329638653, "DIAMOND I", 96, 45], [1653332140039, "MASTER I", 33, 46], [1653334504231, "MASTER I", 13, 47], [1653337538535, "MASTER I", 0, 48], [1653339901516, "MASTER I", 25, 49], [1653341695341, "MASTER I", 35, 50], [1653343992675, "MASTER I", 58, 51], [1653346034330, "MASTER I", 78, 52], [1653347833166, "MASTER I", 68, 53], [1653358393328, "MASTER I", 31, 54], [1653360940089, "MASTER I", 41, 55], [1653362742845, "MASTER I", 51, 56], [1653364540807, "MASTER I", 41, 57], [1653366898906, "MASTER I", 31, 58], [1653368696882, "MASTER I", 41, 59], [1653371740997, "MASTER I", 75, 60], [1653373542603, "MASTER I", 54, 61], [1653526032535, "MASTER I", 103, 62], [1653529417077, "MASTER I", 153, 63], [1653531945587, "MASTER I", 109, 64]], "seasonStats": {"games": 64, "avgPlace": 3.3125, "top4": 44, "win": 21, "topCarry": "TFT6_Morgana", "lastMatchId": "NA1_4320165669"}, "queueSeasonStats": {"1090": {"games": 0, "avgPlace": 0, "top4": 0, "win": 0, "topCarry": "TFT6_Veigar", "lastMatchId": "NA1_4320165669"}, "1100": {"games": 64, "avgPlace": 3.3125, "top4": 44, "win": 21, "topCarry": "TFT6_Morgana", "lastMatchId": "NA1_4320165669"}, "1130": {"games": 0, "avgPlace": 0, "top4": 0, "win": 0, "topCarry": "TFT6_Veigar", "lastMatchId": "NA1_4320165669"}, "1150": {"games": 0, "avgPlace": 0, "top4": 0, "win": 0, "topCarry": "TFT6_Veigar", "lastMatchId": "NA1_4320165669"}}}