{"matches": [], "playerInfo": {"tier": "MASTER", "rank": "I", "leaguePoints": 0, "profileIconId": 522, "name": "killawala", "region": "na1", "localRank": [12972, 0.01381219587508119], "globalRank": [67570, 0.013044252970863845], "hyperrollLeague": ["GREEN", 2202]}, "rankHistory": [[1645323459396, "PLATINUM II", 73, 5], [1645325263458, "PLATINUM II", 94, 6], [1645352274989, "PLATINUM I", 4, 7], [1645357642498, "PLATINUM I", 31, 8], [1645361266598, "PLATINUM I", 57, 9], [1645364861352, "PLATINUM I", 83, 10], [1645366635098, "DIAMOND IV", 8, 11], [1645800437526, "DIAMOND IV", 32, 12], [1645802243651, "DIAMOND IV", 69, 13], [1645804556562, "DIAMOND IV", 79, 14], [1645806545762, "DIAMOND IV", 89, 15], [1645883228279, "DIAMOND IV", 99, 16], [1645885026061, "DIAMOND III", 10, 17], [1645955232058, "DIAMOND III", 0, 18], [1645968066091, "DIAMOND IV", 75, 19], [1645971433568, "DIAMOND III", 12, 20], [1645973241635, "DIAMOND III", 0, 21], [1645975577678, "DIAMOND III", 26, 22], [1646059633866, "DIAMOND III", 63, 23], [1646061684377, "DIAMOND III", 99, 24], [1646232689639, "DIAMOND III", 64, 25], [1646236035746, "DIAMOND III", 74, 26], [1646237842221, "DIAMOND II", 9, 27], [1647008233931, "DIAMOND II", 19, 28], [1647009174144, "DIAMOND II", 0, 29], [1647011834311, "DIAMOND II", 23, 30], [1647084147143, "DIAMOND II", 44, 31], [1647095581881, "DIAMOND II", 54, 32], [1647098555004, "DIAMOND II", 77, 33], [1647100986555, "DIAMOND II", 98, 34], [1647102790879, "DIAMOND II", 55, 35], [1647161256735, "DIAMOND II", 87, 36], [1647163029959, "DIAMOND I", 7, 37], [1647165520775, "DIAMOND I", 0, 38], [1647175651069, "DIAMOND II", 75, 39], [1647177445572, "DIAMOND II", 85, 40], [1647179550385, "DIAMOND II", 95, 41], [1647181737268, "DIAMOND I", 5, 42], [1647264540558, "DIAMOND I", 0, 43], [1647267453769, "DIAMOND I", 30, 44], [1647269247055, "DIAMOND I", 49, 45], [1647416835199, "DIAMOND I", 0, 46], [1647420444369, "DIAMOND I", 32, 47], [1647422233139, "DIAMOND I", 42, 48], [1647424744546, "DIAMOND I", 72, 49], [1647434828927, "MASTER I", 11, 50], [1648036785628, "MASTER I", 0, 51], [1648302789983, "MASTER I", 0, 52]], "seasonStats": {"games": 82, "avgPlace": 3.475609756097561, "top4": 59, "win": 17, "topCarry": "TFT6_Irelia", "lastMatchId": "NA1_4305020498"}, "queueSeasonStats": {"1090": {"games": 25, "avgPlace": 3.04, "top4": 19, "win": 6, "topCarry": "TFT6_Ahri", "lastMatchId": "NA1_4305020498"}, "1100": {"games": 52, "avgPlace": 3.673076923076923, "top4": 36, "win": 11, "topCarry": "TFT6_Irelia", "lastMatchId": "NA1_4305020498"}, "1130": {"games": 5, "avgPlace": 3.6, "top4": 4, "win": 0, "topCarry": "TFT6_Vex", "lastMatchId": "NA1_4305020498"}, "1150": {"games": 0, "avgPlace": 0, "top4": 0, "win": 0, "topCarry": "TFT6_Veigar", "lastMatchId": "NA1_4305020498"}}}