{"matches": [], "playerInfo": {"tier": "MASTER", "rank": "I", "leaguePoints": 0, "profileIconId": 4642, "name": "KonPeko", "region": "na1", "localRank": [11250, 0.011989027641902131], "globalRank": [59890, 0.011570527669383908]}, "rankHistory": [[1646243262674, "PLATINUM IV", 21, 5], [1646384180000, "PLATINUM IV", 11, 6], [1646504326072, "PLATINUM IV", 61, 7], [1646506061424, "PLATINUM IV", 44, 8], [1646507868077, "PLATINUM IV", 54, 9], [1646511525883, "PLATINUM III", 3, 10], [1646515054164, "PLATINUM III", 70, 11], [1646518672569, "PLATINUM III", 80, 12], [1646520461060, "PLATINUM II", 23, 13], [1646522821628, "PLATINUM II", 85, 14], [1646528180802, "PLATINUM II", 66, 15], [1646540775656, "PLATINUM II", 35, 16], [1646657280739, "PLATINUM II", 92, 17], [1646660876287, "PLATINUM I", 51, 18], [1646663258818, "PLATINUM I", 41, 19], [1646666284605, "PLATINUM I", 80, 20], [1646725927515, "DIAMOND IV", 40, 21], [1648967038898, "DIAMOND IV", 92, 22], [1648969281533, "DIAMOND III", 47, 23], [1648972053163, "DIAMOND III", 98, 24], [1649019681802, "DIAMOND III", 65, 25], [1649022446962, "DIAMOND II", 20, 26], [1649031459619, "DIAMOND II", 30, 27], [1649035444705, "DIAMOND II", 0, 28], [1649108240375, "DIAMOND II", 51, 29], [1649110640720, "DIAMOND II", 86, 30], [1649112432544, "DIAMOND II", 76, 31], [1649115084978, "DIAMOND II", 66, 32], [1649117238455, "DIAMOND II", 45, 33], [1649134440967, "DIAMOND II", 80, 34], [1649136247030, "DIAMOND II", 45, 35], [1649193449035, "DIAMOND II", 95, 36], [1649195662155, "DIAMOND II", 85, 37], [1649202840839, "DIAMOND I", 19, 38], [1649204664444, "DIAMOND I", 0, 39], [1649213256364, "DIAMOND II", 75, 40], [1649215070946, "DIAMOND II", 65, 41], [1649218668091, "DIAMOND II", 98, 42], [1649220468004, "DIAMOND I", 18, 43], [1649229467454, "DIAMOND I", 64, 44], [1649231250335, "DIAMOND I", 54, 45], [1649233051581, "DIAMOND I", 64, 46], [1649235260883, "DIAMOND I", 54, 47], [1649283463276, "DIAMOND I", 91, 48], [1649285242792, "DIAMOND I", 47, 49], [1649287426559, "DIAMOND I", 94, 50], [1649289694418, "DIAMOND I", 84, 51], [1649291468347, "MASTER I", 16, 52], [1650178460013, "MASTER I", 0, 52]], "seasonStats": {"games": 61, "avgPlace": 3.622950819672131, "top4": 36, "win": 18, "topCarry": "TFT6b_Vi", "lastMatchId": "NA1_4269420459"}, "queueSeasonStats": {"1090": {"games": 1, "avgPlace": 1, "top4": 1, "win": 1, "topCarry": "TFT6_Braum", "lastMatchId": "NA1_4269420459"}, "1100": {"games": 52, "avgPlace": 3.6346153846153846, "top4": 30, "win": 14, "topCarry": "TFT6_Sivir", "lastMatchId": "NA1_4269420459"}, "1130": {"games": 0, "avgPlace": 0, "top4": 0, "win": 0, "topCarry": "TFT6_Veigar", "lastMatchId": "NA1_4269420459"}, "1150": {"games": 8, "avgPlace": 3.875, "top4": 5, "win": 3, "topCarry": "TFT6b_Vi", "lastMatchId": "NA1_4269420459"}}}