{"matches": [], "playerInfo": {"tier": "MASTER", "rank": "I", "leaguePoints": 0, "profileIconId": 907, "name": "kuponomi", "region": "na1", "localRank": [11968, 0.012746464847639912], "globalRank": [62826, 0.012130681417752393]}, "rankHistory": [[1650576592034, "SILVER I", 32, 5], [1650586883257, "GOLD IV", 18, 6], [1650644446649, "GOLD IV", 56, 7], [1650648092741, "GOLD III", 44, 8], [1650657050166, "GOLD II", 30, 9], [1650660783879, "GOLD I", 10, 10], [1650664458190, "GOLD I", 40, 11], [1650667998183, "GOLD I", 50, 12], [1650672052743, "PLATINUM IV", 30, 13], [1650674887695, "PLATINUM IV", 53, 14], [1650676733052, "PLATINUM III", 28, 15], [1650739701602, "PLATINUM III", 79, 16], [1650748793856, "PLATINUM II", 54, 17], [1650753034179, "PLATINUM II", 67, 18], [1650758528826, "PLATINUM I", 32, 19], [1650761353102, "PLATINUM I", 55, 20], [1650772976559, "DIAMOND IV", 0, 23], [1650817053581, "DIAMOND IV", 64, 24], [1650819320186, "DIAMOND III", 23, 25], [1650821600262, "DIAMOND III", 0, 26], [1650824258607, "DIAMOND III", 27, 27], [1650829209787, "DIAMOND III", 48, 28], [1650831892199, "DIAMOND III", 75, 29], [1650840908312, "DIAMOND III", 85, 30], [1650844965812, "DIAMOND II", 10, 31], [1650847664466, "DIAMOND II", 46, 32], [1650849900909, "DIAMOND II", 59, 33], [1650854862118, "DIAMOND I", 26, 34], [1650895810437, "DIAMOND I", 2, 35], [1650898060354, "DIAMOND I", 0, 36], [1650900298418, "DIAMOND I", 23, 37], [1650902588698, "DIAMOND I", 33, 38], [1650905707444, "DIAMOND I", 58, 39], [1650908000772, "DIAMOND I", 84, 40], [1650918275461, "MASTER I", 24, 41], [1650920572022, "MASTER I", 34, 42], [1650933585886, "MASTER I", 74, 43], [1650936276137, "MASTER I", 84, 44], [1650938983974, "MASTER I", 113, 45], [1650989831077, "MASTER I", 175, 46], [1650992079180, "MASTER I", 200, 47], [1650994795814, "MASTER I", 189, 48], [1650997474379, "MASTER I", 251, 49], [1651006472804, "MASTER I", 227, 50], [1651008778554, "MASTER I", 268, 51], [1651021378110, "MASTER I", 258, 52], [1651023170155, "MASTER I", 203, 53], [1651025397210, "MASTER I", 192, 54], [1651027631637, "MASTER I", 202, 55], [1651029880969, "MASTER I", 189, 56], [1651032176197, "MASTER I", 210, 57], [1651033982734, "MASTER I", 220, 58], [1651036631944, "MASTER I", 249, 59], [1651037998912, "MASTER I", 203, 60], [1651040231301, "MASTER I", 157, 61], [1651041602277, "MASTER I", 120, 62], [1651906499365, "MASTER I", 0, 62]], "seasonStats": {"games": 62, "avgPlace": 3.2580645161290325, "top4": 49, "win": 18, "topCarry": "TFT6_Viktor", "lastMatchId": "NA1_4289991332"}, "queueSeasonStats": {"1090": {"games": 0, "avgPlace": 0, "top4": 0, "win": 0, "topCarry": "TFT6_Veigar", "lastMatchId": "NA1_4289991332"}, "1100": {"games": 62, "avgPlace": 3.2580645161290325, "top4": 49, "win": 18, "topCarry": "TFT6_Viktor", "lastMatchId": "NA1_4289991332"}, "1130": {"games": 0, "avgPlace": 0, "top4": 0, "win": 0, "topCarry": "TFT6_Veigar", "lastMatchId": "NA1_4289991332"}, "1150": {"games": 0, "avgPlace": 0, "top4": 0, "win": 0, "topCarry": "TFT6_Veigar", "lastMatchId": "NA1_4289991332"}}}