{"matches": [], "playerInfo": {"tier": "MASTER", "rank": "I", "leaguePoints": 0, "profileIconId": 5379, "name": "LegendaryONEEE", "region": "na1", "localRank": [19381, 0.02061440083048987], "globalRank": [98582, 0.019022277108317494]}, "rankHistory": [[1645228033282, "DIAMOND IV", 84, 5], [1645237025532, "DIAMOND III", 9, 6], [1645238828436, "DIAMOND III", 0, 7], [1645240637455, "DIAMOND III", 38, 8], [1645246028829, "DIAMOND III", 18, 9], [1645325227610, "DIAMOND III", 28, 10], [1645337833003, "DIAMOND III", 53, 11], [1645379230471, "DIAMOND II", 7, 12], [1645411814566, "DIAMOND II", 17, 13], [1645415236888, "DIAMOND II", 69, 14], [1645417030140, "DIAMOND II", 59, 15], [1645422848760, "DIAMOND II", 96, 16], [1645485431634, "DIAMOND II", 74, 17], [1645487235810, "DIAMOND II", 64, 18], [1645489038470, "DIAMOND II", 18, 19], [1645491027411, "DIAMOND II", 8, 20], [1645573629634, "DIAMOND II", 18, 21], [1650596589009, "DIAMOND II", 8, 22], [1650945790160, "DIAMOND II", 0, 23], [1651196860144, "DIAMOND III", 75, 24], [1651254909333, "DIAMOND II", 9, 25], [1651257644624, "DIAMOND II", 42, 26], [1651266230527, "DIAMOND II", 52, 27], [1651292701432, "DIAMOND II", 71, 28], [1651295001057, "DIAMOND II", 94, 29], [1651376477900, "DIAMOND I", 5, 30], [1651378632796, "DIAMOND I", 15, 31], [1651427724791, "DIAMOND I", 5, 32], [1651429513201, "DIAMOND I", 0, 33], [1651431315643, "DIAMOND II", 75, 34], [1651433620832, "DIAMOND I", 25, 35], [1651466031212, "DIAMOND I", 56, 36], [1651516843327, "DIAMOND I", 66, 37], [1651521833710, "DIAMOND I", 29, 38], [1651523624376, "DIAMOND I", 0, 39], [1651525862772, "DIAMOND I", 34, 40], [1651527656682, "DIAMOND I", 0, 41], [1651530823103, "DIAMOND I", 46, 42], [1651541128276, "DIAMOND I", 56, 43], [1651543425110, "DIAMOND I", 66, 44], [1651545212360, "DIAMOND I", 16, 45], [1651547450516, "DIAMOND I", 26, 46], [1651548823711, "DIAMOND I", 0, 47], [1651551461396, "DIAMOND I", 45, 48], [1651553732438, "DIAMOND I", 25, 49], [1651556049598, "DIAMOND I", 15, 50], [1651638854054, "DIAMOND I", 0, 51], [1651697278707, "DIAMOND I", 10, 52], [1651699503689, "DIAMOND I", 53, 53], [1651702278477, "DIAMOND I", 74, 54], [1651704432895, "MASTER I", 5, 55], [1652560930979, "MASTER I", 0, 56], [1652922275912, "MASTER I", 0, 57]], "seasonStats": {"games": 59, "avgPlace": 4.305084745762712, "top4": 32, "win": 6, "topCarry": "TFT6_Sivir", "lastMatchId": "NA1_4312515506"}, "queueSeasonStats": {"1090": {"games": 2, "avgPlace": 4, "top4": 1, "win": 0, "topCarry": "TFT6b_Vi", "lastMatchId": "NA1_4312515506"}, "1100": {"games": 57, "avgPlace": 4.315789473684211, "top4": 31, "win": 6, "topCarry": "TFT6_Sivir", "lastMatchId": "NA1_4312515506"}, "1130": {"games": 0, "avgPlace": 0, "top4": 0, "win": 0, "topCarry": "TFT6_Veigar", "lastMatchId": "NA1_4312515506"}, "1150": {"games": 0, "avgPlace": 0, "top4": 0, "win": 0, "topCarry": "TFT6_Veigar", "lastMatchId": "NA1_4312515506"}}}