{"matches": [], "playerInfo": {"tier": "MASTER", "rank": "I", "leaguePoints": 0, "profileIconId": 3789, "name": "Leung Yue HotPot", "region": "na1", "localRank": [19349, 0.020591227577282285], "globalRank": [98482, 0.019007543803508296]}, "rankHistory": [[1645307231551, "DIAMOND IV", 39, 5], [1646083589135, "DIAMOND IV", 0, 6], [1646094620990, "DIAMOND IV", 39, 7], [1646163029792, "DIAMOND IV", 82, 8], [1646180227846, "DIAMOND III", 21, 9], [1646185628289, "DIAMOND III", 44, 10], [1646187439271, "DIAMOND III", 0, 11], [1646189236486, "DIAMOND III", 44, 12], [1646191295868, "DIAMOND III", 54, 13], [1646193636776, "DIAMOND II", 3, 14], [1646268436443, "DIAMOND II", 46, 15], [1646270227160, "DIAMOND II", 56, 16], [1646276228733, "DIAMOND II", 84, 17], [1646338660609, "DIAMOND I", 32, 18], [1646344046371, "DIAMOND I", 0, 19], [1646345829855, "DIAMOND I", 51, 20], [1646355664187, "DIAMOND I", 17, 21], [1646358440809, "DIAMOND I", 50, 22], [1646360246440, "DIAMOND I", 17, 23], [1646362631362, "DIAMOND I", 52, 24], [1646365632280, "DIAMOND I", 85, 25], [1646367443819, "DIAMOND I", 49, 26], [1646368269331, "DIAMOND I", 3, 27], [1646371034223, "DIAMOND I", 0, 28], [1646372847119, "DIAMOND I", 33, 29], [1646425036901, "DIAMOND I", 0, 30], [1646426844777, "DIAMOND II", 75, 31], [1646437630412, "DIAMOND II", 94, 32], [1646438465595, "DIAMOND II", 47, 33], [1646612521619, "DIAMOND II", 29, 34], [1646683333211, "DIAMOND II", 0, 35], [1646774880955, "DIAMOND II", 49, 36], [1646861296099, "DIAMOND II", 39, 37], [1646947043257, "DIAMOND II", 75, 38], [1646950953292, "DIAMOND II", 95, 39], [1646961736442, "DIAMOND I", 14, 40], [1646976522599, "DIAMOND I", 0, 41], [1646979435755, "DIAMOND I", 47, 42], [1647030785498, "DIAMOND I", 57, 43], [1647033428050, "MASTER I", 1, 44], [1647731828651, "MASTER I", 0, 45], [1647733627870, "MASTER I", 0, 46], [1647822572792, "MASTER I", 0, 47], [1647829028833, "MASTER I", 0, 48], [1647834428382, "MASTER I", 0, 49], [1648185430758, "MASTER I", 43, 50], [1648450400299, "MASTER I", 0, 50], [1648774029817, "MASTER I", 19, 51], [1648777629047, "MASTER I", 0, 52], [1648842808652, "MASTER I", 41, 53], [1648844610673, "MASTER I", 31, 54], [1649141620511, "MASTER I", 0, 54], [1653680833410, "MASTER I", 10, 55], [1653807350994, "MASTER I", 0, 55]], "seasonStats": {"games": 64, "avgPlace": 3.734375, "top4": 40, "win": 17, "topCarry": "TFT6b_Vi", "lastMatchId": "NA1_4321782179"}, "queueSeasonStats": {"1090": {"games": 4, "avgPlace": 2.25, "top4": 3, "win": 3, "topCarry": "TFT6b_Vi", "lastMatchId": "NA1_4321782179"}, "1100": {"games": 55, "avgPlace": 4.0181818181818185, "top4": 32, "win": 11, "topCarry": "TFT6b_Vi", "lastMatchId": "NA1_4321782179"}, "1130": {"games": 5, "avgPlace": 1.8, "top4": 5, "win": 3, "topCarry": "TFT6_Kaisa", "lastMatchId": "NA1_4321782179"}, "1150": {"games": 0, "avgPlace": 0, "top4": 0, "win": 0, "topCarry": "TFT6_Veigar", "lastMatchId": "NA1_4321782179"}}}