{"matches": [], "playerInfo": {"tier": "MASTER", "rank": "I", "leaguePoints": 0, "profileIconId": 1109, "name": "LooksamRhdgurwns", "region": "na1", "localRank": [13798, 0.014688130057760396], "globalRank": [71521, 0.013805541094556404]}, "rankHistory": [[1646211361546, "PLATINUM I", 16, 5], [1646632591889, "PLATINUM I", 37, 6], [1646635717288, "PLATINUM I", 27, 7], [1646648266800, "PLATINUM I", 0, 8], [1646717256558, "PLATINUM I", 53, 9], [1647042528327, "PLATINUM I", 21, 10], [1647044292064, "PLATINUM I", 31, 11], [1647046694075, "PLATINUM I", 53, 12], [1647048414530, "PLATINUM I", 20, 13], [1647062396220, "PLATINUM I", 56, 14], [1647064114211, "PLATINUM I", 11, 15], [1647308872055, "PLATINUM I", 35, 16], [1647310668374, "PLATINUM I", 58, 17], [1647320613100, "DIAMOND IV", 11, 18], [1647413968633, "DIAMOND IV", 0, 19], [1647416848701, "DIAMOND IV", 10, 20], [1647418660501, "DIAMOND IV", 0, 21], [1647420774780, "DIAMOND IV", 49, 22], [1647597184260, "DIAMOND IV", 98, 23], [1647829047626, "DIAMOND III", 44, 24], [1647831176784, "DIAMOND III", 34, 25], [1647841650900, "DIAMOND III", 81, 26], [1647844503465, "DIAMOND III", 34, 27], [1647847036744, "DIAMOND III", 67, 28], [1647901384478, "DIAMOND II", 1, 29], [1647903617432, "DIAMOND II", 0, 30], [1648197003549, "DIAMOND II", 10, 31], [1648199835414, "DIAMOND II", 41, 32], [1648266464042, "DIAMOND II", 59, 33], [1648268253352, "DIAMOND II", 21, 34], [1648270403345, "DIAMOND II", 11, 35], [1648272203730, "DIAMOND II", 0, 36], [1648279810051, "DIAMOND II", 10, 37], [1648281639375, "DIAMOND II", 0, 38], [1648432416204, "DIAMOND II", 31, 39], [1648434628120, "DIAMOND II", 21, 40], [1648436447759, "DIAMOND II", 11, 41], [1648448617314, "DIAMOND II", 40, 42], [1648450825290, "DIAMOND II", 30, 43], [1648531839022, "DIAMOND II", 0, 44], [1648534658128, "DIAMOND II", 21, 45], [1648618599637, "DIAMOND II", 52, 46], [1648624648701, "DIAMOND II", 94, 47], [1648697440679, "DIAMOND I", 23, 48], [1648703853235, "DIAMOND I", 33, 49], [1648708263763, "DIAMOND I", 23, 50], [1648710404902, "DIAMOND I", 37, 51], [1648800386180, "DIAMOND I", 47, 52], [1648964226744, "DIAMOND I", 57, 53], [1648966648261, "DIAMOND I", 96, 54], [1648968816506, "MASTER I", 23, 55], [1649919243478, "MASTER I", 0, 55]], "seasonStats": {"games": 172, "avgPlace": 3.808139534883721, "top4": 109, "win": 40, "topCarry": "TFT6_Jinx", "lastMatchId": "NA1_4326781289"}, "queueSeasonStats": {"1090": {"games": 4, "avgPlace": 3.5, "top4": 3, "win": 2, "topCarry": "TFT6_Vex", "lastMatchId": "NA1_4326781289"}, "1100": {"games": 55, "avgPlace": 3.9454545454545453, "top4": 34, "win": 8, "topCarry": "TFT6_Jinx", "lastMatchId": "NA1_4326781289"}, "1130": {"games": 15, "avgPlace": 3.2666666666666666, "top4": 11, "win": 5, "topCarry": "TFT6_Morgana", "lastMatchId": "NA1_4326781289"}, "1150": {"games": 98, "avgPlace": 3.826530612244898, "top4": 61, "win": 25, "topCarry": "TFT6_Jinx", "lastMatchId": "NA1_4326781289"}}}