{"matches": [], "playerInfo": {"tier": "MASTER", "rank": "I", "leaguePoints": 0, "profileIconId": 1110, "name": "Luke Duke", "region": "na1", "localRank": [8948, 0.009537595050853673], "globalRank": [48889, 0.009447208175973262]}, "rankHistory": [[1646698634459, "DIAMOND III", 22, 5], [1646700453849, "DIAMOND III", 2, 6], [1646702244336, "DIAMOND III", 58, 7], [1646704929104, "DIAMOND II", 10, 8], [1646707631406, "DIAMOND II", 0, 9], [1646708527705, "DIAMOND III", 75, 10], [1647142389232, "DIAMOND III", 56, 11], [1647145053193, "DIAMOND II", 7, 12], [1647148970343, "DIAMOND II", 43, 13], [1647150754668, "DIAMOND II", 11, 14], [1647152242928, "DIAMOND II", 0, 15], [1647154037469, "DIAMOND III", 75, 16], [1647155829400, "DIAMOND III", 85, 17], [1647157955715, "DIAMOND III", 75, 18], [1647160411284, "DIAMOND II", 8, 19], [1647206932426, "DIAMOND II", 0, 20], [1647209016244, "DIAMOND III", 75, 21], [1647210807658, "DIAMOND III", 85, 22], [1647213454961, "DIAMOND II", 20, 23], [1647221617001, "DIAMOND II", 40, 24], [1647224252661, "DIAMOND II", 88, 25], [1647291532662, "DIAMOND II", 55, 26], [1647293337019, "DIAMOND II", 24, 27], [1647295429482, "DIAMOND II", 74, 28], [1647298044009, "DIAMOND II", 94, 29], [1647306235886, "DIAMOND II", 61, 30], [1647308832131, "DIAMOND II", 94, 31], [1647310658997, "DIAMOND II", 47, 32], [1647312447342, "DIAMOND II", 25, 33], [1647314254795, "DIAMOND II", 7, 34], [1647388374807, "DIAMOND II", 54, 35], [1647390557687, "DIAMOND II", 75, 36], [1647406049632, "DIAMOND II", 43, 37], [1647407840927, "DIAMOND II", 0, 38], [1647424055139, "DIAMOND II", 18, 39], [1647429108177, "DIAMOND II", 58, 41], [1647466171329, "DIAMOND II", 78, 42], [1647467943780, "DIAMOND II", 44, 43], [1647469766690, "DIAMOND II", 93, 44], [1647474764453, "DIAMOND II", 83, 45], [1647476577572, "DIAMOND II", 37, 46], [1647478751504, "DIAMOND II", 47, 47], [1647480167950, "DIAMOND II", 13, 48], [1647501767698, "DIAMOND II", 58, 49], [1647503957625, "DIAMOND II", 68, 50], [1647506835499, "DIAMOND II", 85, 51], [1647542832136, "DIAMOND I", 20, 52], [1647544646832, "DIAMOND I", 0, 53], [1647546452101, "DIAMOND II", 75, 54], [1647548948678, "DIAMOND II", 95, 55], [1647551065427, "DIAMOND I", 42, 56], [1647581671599, "DIAMOND I", 52, 57], [1647584239924, "DIAMOND I", 71, 58], [1647586043636, "DIAMOND I", 81, 59], [1647587827800, "MASTER I", 25, 60], [1648536800748, "MASTER I", 0, 60]], "seasonStats": {"games": 75, "avgPlace": 4.253333333333333, "top4": 44, "win": 15, "topCarry": "TFT6_Ahri", "lastMatchId": "NA1_4305960757"}, "queueSeasonStats": {"1090": {"games": 10, "avgPlace": 3.2, "top4": 9, "win": 3, "topCarry": "TFT6_Jinx", "lastMatchId": "NA1_4305960757"}, "1100": {"games": 60, "avgPlace": 4.35, "top4": 33, "win": 11, "topCarry": "TFT6_Ahri", "lastMatchId": "NA1_4305960757"}, "1130": {"games": 5, "avgPlace": 5.2, "top4": 2, "win": 1, "topCarry": "TFT6_Vex", "lastMatchId": "NA1_4305960757"}, "1150": {"games": 0, "avgPlace": 0, "top4": 0, "win": 0, "topCarry": "TFT6_Veigar", "lastMatchId": "NA1_4305960757"}}}