{"matches": [], "playerInfo": {"tier": "MASTER", "rank": "I", "leaguePoints": 48, "profileIconId": 4764, "name": "M K", "region": "na1", "localRank": [3629, 0.0038593409024200377], "globalRank": [20678, 0.003989748364922861]}, "rankHistory": [[1652884275118, "SILVER II", 53, 5], [1652889615323, "SILVER I", 56, 6], [1652890898677, "GOLD IV", 50, 7], [1652894654400, "GOLD IV", 40, 8], [1652896363274, "GOLD IV", 54, 9], [1652898085784, "GOLD III", 52, 10], [1652900091168, "GOLD II", 38, 11], [1652910908766, "GOLD II", 95, 12], [1652914342789, "GOLD II", 77, 13], [1652916119239, "GOLD I", 39, 14], [1652937574571, "PLATINUM IV", 23, 15], [1652940259701, "PLATINUM IV", 33, 16], [1652944822542, "PLATINUM IV", 94, 17], [1652947358989, "PLATINUM IV", 84, 18], [1652949154100, "PLATINUM IV", 66, 19], [1652951921003, "PLATINUM III", 55, 20], [1652954625436, "PLATINUM III", 85, 21], [1652955610309, "PLATINUM III", 38, 22], [1652961000068, "PLATINUM II", 8, 23], [1653061784409, "PLATINUM II", 18, 24], [1653064428731, "PLATINUM II", 90, 25], [1653067206155, "PLATINUM II", 53, 26], [1653068924654, "PLATINUM I", 1, 27], [1653070731343, "PLATINUM I", 0, 28], [1653075150613, "PLATINUM I", 66, 29], [1653077969309, "PLATINUM I", 97, 30], [1653080577304, "PLATINUM I", 63, 31], [1653082398706, "PLATINUM I", 90, 32], [1653084779197, "DIAMOND IV", 1, 33], [1653290034931, "DIAMOND IV", 0, 34], [1653292590118, "DIAMOND IV", 65, 35], [1653295408942, "DIAMOND IV", 55, 36], [1653297968292, "DIAMOND IV", 42, 37], [1653301047859, "DIAMOND IV", 82, 38], [1653303399197, "DIAMOND III", 22, 39], [1653305755848, "DIAMOND III", 32, 40], [1653314742541, "DIAMOND III", 94, 41], [1653365871755, "DIAMOND III", 66, 42], [1653368722160, "DIAMOND II", 10, 43], [1653371012792, "DIAMOND II", 30, 44], [1653373060334, "DIAMOND II", 49, 45], [1653375919169, "DIAMOND II", 18, 46], [1653377763048, "DIAMOND II", 0, 47], [1653379514106, "DIAMOND III", 75, 48], [1653382085339, "DIAMOND II", 18, 49], [1653384944804, "DIAMOND II", 55, 50], [1653387242009, "DIAMOND I", 1, 51], [1653389242049, "DIAMOND I", 0, 52], [1653391096996, "DIAMOND I", 10, 53], [1653392620196, "DIAMOND I", 0, 54], [1653395176844, "DIAMOND I", 55, 55], [1653398051065, "DIAMOND I", 94, 56], [1653399799821, "MASTER I", 48, 57]], "seasonStats": {"games": 57, "avgPlace": 3.3859649122807016, "top4": 39, "win": 16, "topCarry": "TFT6_Jayce", "lastMatchId": "NA1_4318440159"}, "queueSeasonStats": {"1090": {"games": 0, "avgPlace": 0, "top4": 0, "win": 0, "topCarry": "TFT6_Veigar", "lastMatchId": "NA1_4318440159"}, "1100": {"games": 57, "avgPlace": 3.3859649122807016, "top4": 39, "win": 16, "topCarry": "TFT6_Jayce", "lastMatchId": "NA1_4318440159"}, "1130": {"games": 0, "avgPlace": 0, "top4": 0, "win": 0, "topCarry": "TFT6_Veigar", "lastMatchId": "NA1_4318440159"}, "1150": {"games": 0, "avgPlace": 0, "top4": 0, "win": 0, "topCarry": "TFT6_Veigar", "lastMatchId": "NA1_4318440159"}}}