{"matches": [], "playerInfo": {"tier": "MASTER", "rank": "I", "leaguePoints": 0, "profileIconId": 1114, "name": "Mabanana", "region": "na1", "localRank": [18552, 0.01977645948927869], "globalRank": [94821, 0.01832462301283232]}, "rankHistory": [[1646950693777, "PLATINUM II", 90, 5], [1647290903459, "PLATINUM II", 44, 6], [1647292674633, "PLATINUM II", 67, 7], [1647322124005, "PLATINUM I", 4, 8], [1647463750687, "PLATINUM I", 14, 9], [1647465487368, "PLATINUM I", 0, 10], [1647490715854, "PLATINUM I", 52, 11], [1647502435204, "DIAMOND IV", 7, 12], [1648160247240, "DIAMOND IV", 56, 13], [1648239432774, "DIAMOND IV", 16, 14], [1648279058580, "DIAMOND IV", 6, 15], [1648604835845, "DIAMOND IV", 0, 16], [1648607038264, "DIAMOND IV", 36, 17], [1648609597899, "DIAMOND IV", 55, 18], [1648612041822, "DIAMOND IV", 24, 19], [1648613862070, "DIAMOND IV", 4, 20], [1648615656077, "DIAMOND IV", 14, 21], [1648839668714, "DIAMOND IV", 0, 22], [1649017876652, "DIAMOND IV", 33, 23], [1649022459558, "DIAMOND IV", 43, 24], [1649024243068, "DIAMOND IV", 22, 25], [1649045236710, "DIAMOND IV", 67, 26], [1649047656232, "DIAMOND IV", 99, 27], [1649558265856, "DIAMOND III", 44, 28], [1649560648693, "DIAMOND III", 54, 29], [1649563306313, "DIAMOND III", 86, 30], [1649565130855, "DIAMOND II", 18, 31], [1649572290513, "DIAMOND II", 0, 32], [1649629038998, "DIAMOND III", 75, 33], [1649630868725, "DIAMOND III", 41, 34], [1649632669115, "DIAMOND III", 31, 35], [1649640253037, "DIAMOND III", 64, 36], [1649642079642, "DIAMOND III", 54, 37], [1649645270465, "DIAMOND III", 74, 38], [1649646497601, "DIAMOND III", 20, 39], [1650392272602, "DIAMOND III", 50, 40], [1650427752720, "DIAMOND III", 79, 41], [1651121234808, "DIAMOND III", 57, 42], [1651123500264, "DIAMOND II", 1, 43], [1651215805299, "DIAMOND II", 31, 44], [1651886723544, "DIAMOND II", 11, 45], [1651889849363, "DIAMOND II", 21, 46], [1652040244352, "DIAMOND II", 65, 47], [1652122556832, "DIAMOND II", 96, 48], [1652125645858, "DIAMOND I", 6, 49], [1652127475177, "DIAMOND I", 36, 50], [1652128947672, "DIAMOND I", 46, 51], [1652130718583, "DIAMOND I", 20, 52], [1652133318289, "DIAMOND I", 36, 53], [1652140526566, "DIAMOND I", 11, 54], [1652143316157, "DIAMOND I", 29, 55], [1652145095860, "DIAMOND I", 61, 56], [1652147766880, "DIAMOND I", 79, 57], [1652149570790, "DIAMOND I", 69, 58], [1652151828726, "MASTER I", 12, 59], [1653000167425, "MASTER I", 0, 60]], "seasonStats": {"games": 163, "avgPlace": 3.871165644171779, "top4": 102, "win": 10, "topCarry": "TFT6_Jhin", "lastMatchId": "NA1_4321237803"}, "queueSeasonStats": {"1090": {"games": 8, "avgPlace": 3.75, "top4": 5, "win": 1, "topCarry": "TFT6_Zilean", "lastMatchId": "NA1_4321237803"}, "1100": {"games": 60, "avgPlace": 3.8833333333333333, "top4": 37, "win": 9, "topCarry": "TFT6_Jhin", "lastMatchId": "NA1_4321237803"}, "1130": {"games": 0, "avgPlace": 0, "top4": 0, "win": 0, "topCarry": "TFT6_Veigar", "lastMatchId": "NA1_4321237803"}, "1150": {"games": 95, "avgPlace": 3.873684210526316, "top4": 60, "win": 0, "topCarry": "TFT6_Jhin", "lastMatchId": "NA1_4321237803"}}}