{"matches": [], "playerInfo": {"tier": "MASTER", "rank": "I", "leaguePoints": 0, "profileIconId": 4569, "name": "MisterWong", "region": "na1", "localRank": [13460, 0.014325382001317595], "globalRank": [69790, 0.013470200920042323]}, "rankHistory": [[1645316238035, "DIAMOND II", 33, 5], [1645319993340, "DIAMOND II", 1, 6], [1645465816346, "DIAMOND II", 0, 7], [1645577692788, "DIAMOND III", 75, 8], [1645820240793, "DIAMOND III", 40, 9], [1645822030181, "DIAMOND III", 8, 10], [1646259692722, "DIAMOND III", 66, 11], [1646446914793, "DIAMOND III", 76, 12], [1646776697327, "DIAMOND II", 17, 13], [1646778499722, "DIAMOND II", 0, 14], [1646787145960, "DIAMOND II", 37, 15], [1646797932549, "DIAMOND II", 73, 16], [1647272840011, "DIAMOND II", 22, 17], [1647284346051, "DIAMOND II", 0, 18], [1647286429146, "DIAMOND II", 37, 19], [1647454985707, "DIAMOND II", 74, 20], [1647460035980, "DIAMOND I", 10, 21], [1647462550902, "DIAMOND I", 60, 22], [1647466156854, "DIAMOND I", 93, 23], [1647468226144, "MASTER I", 15, 24], [1647542828094, "MASTER I", 51, 25], [1647544628671, "MASTER I", 6, 26], [1647550027791, "MASTER I", 27, 27], [1647631366074, "MASTER I", 0, 28], [1647634628532, "MASTER I", 35, 29], [1648324028683, "MASTER I", 82, 30], [1648326606746, "MASTER I", 72, 31], [1648486819872, "MASTER I", 39, 32], [1648489004235, "MASTER I", 49, 33], [1648503022901, "MASTER I", 14, 34], [1648582223272, "MASTER I", 4, 35], [1648589759469, "MASTER I", 36, 36], [1648592228616, "MASTER I", 0, 37], [1648676829471, "MASTER I", 0, 38], [1648678628738, "MASTER I", 0, 39], [1649215028834, "MASTER I", 10, 40], [1649217221339, "MASTER I", 0, 41], [1649646463571, "MASTER I", 10, 42], [1649746438099, "MASTER I", 0, 42], [1649903888308, "MASTER I", 10, 43], [1649964709168, "MASTER I", 0, 44], [1649995315298, "MASTER I", 10, 45], [1650054247302, "MASTER I", 27, 46], [1650227535666, "MASTER I", 0, 47], [1650921877166, "MASTER I", 17, 48], [1650924587468, "MASTER I", 7, 49], [1650940787410, "MASTER I", 49, 50], [1650943968303, "MASTER I", 59, 51], [1651007831398, "MASTER I", 18, 52], [1651010080183, "MASTER I", 0, 53], [1651026774656, "MASTER I", 18, 54], [1651063202792, "MASTER I", 60, 55], [1651072200537, "MASTER I", 17, 56], [1651282825184, "MASTER I", 7, 57], [1651285030111, "MASTER I", 17, 58], [1651506889956, "MASTER I", 34, 59], [1651797216945, "MASTER I", 52, 60], [1652079308742, "MASTER I", 0, 60]], "seasonStats": {"games": 68, "avgPlace": 4.294117647058823, "top4": 39, "win": 7, "topCarry": "TFT6_Tryndamere", "lastMatchId": "NA1_4298399578"}, "queueSeasonStats": {"1090": {"games": 0, "avgPlace": 0, "top4": 0, "win": 0, "topCarry": "TFT6_Veigar", "lastMatchId": "NA1_4298399578"}, "1100": {"games": 60, "avgPlace": 4.416666666666667, "top4": 33, "win": 6, "topCarry": "TFT6_Ahri", "lastMatchId": "NA1_4298399578"}, "1130": {"games": 2, "avgPlace": 1.5, "top4": 2, "win": 1, "topCarry": "TFT6b_Vi", "lastMatchId": "NA1_4298399578"}, "1150": {"games": 6, "avgPlace": 4, "top4": 4, "win": 0, "topCarry": "TFT6_Jayce", "lastMatchId": "NA1_4298399578"}}}