{"matches": [], "playerInfo": {"tier": "MASTER", "rank": "I", "leaguePoints": 0, "profileIconId": 558, "name": "mlgmochi", "region": "na1", "localRank": [17843, 0.01899448358381823], "globalRank": [91381, 0.017639148056616837]}, "rankHistory": [[1645078624959, "DIAMOND III", 31, 5], [1645080424151, "DIAMOND III", 82, 6], [1645084025697, "DIAMOND II", 6, 7], [1645085824926, "DIAMOND II", 16, 8], [1645159625740, "DIAMOND II", 52, 9], [1645161424855, "DIAMOND II", 42, 10], [1645163224810, "DIAMOND II", 93, 11], [1645210025117, "DIAMOND II", 60, 12], [1645211824916, "DIAMOND II", 38, 13], [1645296425218, "DIAMOND II", 48, 14], [1645303625430, "DIAMOND II", 85, 15], [1645320194697, "DIAMOND I", 20, 16], [1645321997654, "DIAMOND I", 0, 17], [1645323940361, "DIAMOND I", 21, 18], [1645328825842, "DIAMOND I", 0, 19], [1645330625918, "DIAMOND II", 75, 20], [1645332804027, "DIAMOND I", 10, 21], [1645336025512, "DIAMOND I", 55, 22], [1645337825291, "DIAMOND I", 86, 23], [1645340005983, "MASTER I", 7, 24], [1645382824241, "MASTER I", 0, 25], [1645422424343, "MASTER I", 0, 26], [1645424225209, "MASTER I", 0, 27], [1645469410842, "MASTER I", 10, 28], [1645471455339, "MASTER I", 29, 29], [1645566623891, "MASTER I", 39, 30], [1645570025490, "MASTER I", 29, 31], [1645572024902, "MASTER I", 48, 32], [1645595694004, "MASTER I", 58, 33], [1645598825168, "MASTER I", 77, 34], [1645600625434, "MASTER I", 94, 35], [1645602425419, "MASTER I", 84, 36], [1645637104517, "MASTER I", 34, 37], [1645638633182, "MASTER I", 0, 38], [1645925362762, "MASTER I", 0, 39], [1645928226210, "MASTER I", 0, 40], [1647793369303, "MASTER I", 0, 41], [1647796629114, "MASTER I", 42, 42], [1647798428553, "MASTER I", 19, 43], [1647827574296, "MASTER I", 36, 44], [1647829372691, "MASTER I", 26, 45], [1647885574923, "MASTER I", 15, 46], [1648222516039, "MASTER I", 60, 47], [1648225028227, "MASTER I", 70, 48], [1648242002838, "MASTER I", 102, 49], [1648432028654, "MASTER I", 60, 50], [1648659631945, "MASTER I", 70, 51], [1648751773225, "MASTER I", 7, 52], [1648882411165, "MASTER I", 0, 52], [1649612828727, "MASTER I", 31, 53], [1649746438041, "MASTER I", 0, 53]], "seasonStats": {"games": 61, "avgPlace": 4.114754098360656, "top4": 38, "win": 7, "topCarry": "TFT6_Irelia", "lastMatchId": "NA1_4318590485"}, "queueSeasonStats": {"1090": {"games": 2, "avgPlace": 5, "top4": 1, "win": 0, "topCarry": "TFT6_Singed", "lastMatchId": "NA1_4318590485"}, "1100": {"games": 53, "avgPlace": 4.264150943396227, "top4": 31, "win": 5, "topCarry": "TFT6_Irelia", "lastMatchId": "NA1_4318590485"}, "1130": {"games": 4, "avgPlace": 2, "top4": 4, "win": 2, "topCarry": "TFT6_Jinx", "lastMatchId": "NA1_4318590485"}, "1150": {"games": 2, "avgPlace": 3.5, "top4": 2, "win": 0, "topCarry": "TFT6_Tryndamere", "lastMatchId": "NA1_4318590485"}}}