{"matches": [], "playerInfo": {"tier": "MASTER", "rank": "I", "leaguePoints": 0, "profileIconId": 4804, "name": "moerus", "region": "na1", "localRank": [18817, 0.020021706053222392], "globalRank": [95875, 0.018502861357746238]}, "rankHistory": [[1645397630632, "DIAMOND III", 88, 5], [1645573631430, "DIAMOND III", 99, 6], [1645575426176, "DIAMOND III", 44, 7], [1645737429377, "DIAMOND III", 89, 8], [1645739238648, "DIAMOND II", 4, 9], [1645845426789, "DIAMOND II", 14, 10], [1645847232422, "DIAMOND II", 0, 11], [1646016995201, "DIAMOND II", 37, 12], [1646020580907, "DIAMOND II", 66, 13], [1646614029897, "DIAMOND II", 31, 14], [1646615829382, "DIAMOND II", 3, 15], [1646785944700, "DIAMOND II", 15, 16], [1647053917794, "DIAMOND II", 1, 17], [1647134240184, "DIAMOND II", 0, 18], [1647224551870, "DIAMOND II", 12, 19], [1647227000107, "DIAMOND II", 37, 20], [1647710241066, "DIAMOND II", 6, 21], [1647712029202, "DIAMOND II", 28, 22], [1647730045418, "DIAMOND II", 0, 23], [1647731860768, "DIAMOND III", 75, 24], [1647792273008, "DIAMOND III", 95, 25], [1647794831313, "DIAMOND III", 85, 26], [1647815002763, "DIAMOND II", 5, 27], [1647817493034, "DIAMOND II", 23, 28], [1647820051022, "DIAMOND II", 42, 29], [1647822587642, "DIAMOND II", 87, 30], [1647825430395, "DIAMOND I", 33, 31], [1647910390646, "DIAMOND I", 77, 32], [1647913635853, "DIAMOND I", 40, 33], [1647962577832, "DIAMOND I", 18, 34], [1647964800404, "DIAMOND I", 65, 35], [1647967627811, "MASTER I", 11, 36], [1647970489905, "MASTER I", 42, 37], [1647973028650, "MASTER I", 10, 38], [1648047582583, "MASTER I", 32, 39], [1648050428750, "MASTER I", 42, 40], [1648052580812, "MASTER I", 85, 41], [1648072029455, "MASTER I", 118, 42], [1648079582224, "MASTER I", 152, 43], [1648082828982, "MASTER I", 135, 44], [1648135789673, "MASTER I", 145, 45], [1648137906548, "MASTER I", 135, 46], [1648140428598, "MASTER I", 169, 47], [1648142585374, "MASTER I", 159, 48], [1648151229017, "MASTER I", 149, 49], [1648153029076, "MASTER I", 117, 50], [1648165630431, "MASTER I", 153, 51], [1648347795566, "MASTER I", 108, 52], [1649141620565, "MASTER I", 0, 52], [1649206863759, "MASTER I", 0, 53], [1649294228488, "MASTER I", 49, 54], [1649385435523, "MASTER I", 69, 55], [1649386874259, "MASTER I", 25, 56], [1649456630610, "MASTER I", 15, 57], [1649640694748, "MASTER I", 0, 58], [1649812083230, "MASTER I", 0, 59], [1649988112590, "MASTER I", 0, 60]], "seasonStats": {"games": 62, "avgPlace": 4.17741935483871, "top4": 33, "win": 10, "topCarry": "TFT6_Draven", "lastMatchId": "NA1_4277377274"}, "queueSeasonStats": {"1090": {"games": 1, "avgPlace": 7, "top4": 0, "win": 0, "topCarry": "TFT6_Swain", "lastMatchId": "NA1_4277377274"}, "1100": {"games": 60, "avgPlace": 4.116666666666666, "top4": 33, "win": 10, "topCarry": "TFT6_Draven", "lastMatchId": "NA1_4277377274"}, "1130": {"games": 0, "avgPlace": 0, "top4": 0, "win": 0, "topCarry": "TFT6_Veigar", "lastMatchId": "NA1_4277377274"}, "1150": {"games": 1, "avgPlace": 5, "top4": 0, "win": 0, "topCarry": "TFT6_Jhin", "lastMatchId": "NA1_4277377274"}}}