{"matches": [], "playerInfo": {"tier": "MASTER", "rank": "I", "leaguePoints": 0, "profileIconId": 4052, "name": "My LittIe Pony", "region": "na1", "localRank": [14182, 0.015112346260488173], "globalRank": [73713, 0.014239861683272079]}, "rankHistory": [[1647123496003, "PLATINUM III", 98, 5], [1647129433959, "PLATINUM II", 8, 6], [1647132501285, "PLATINUM II", 37, 7], [1647275240685, "PLATINUM II", 78, 8], [1647278293516, "PLATINUM II", 95, 9], [1647280061631, "PLATINUM II", 54, 10], [1647281917733, "PLATINUM II", 31, 11], [1647835090924, "PLATINUM II", 7, 12], [1648057676125, "PLATINUM II", 49, 13], [1648059480314, "PLATINUM II", 8, 14], [1648061304562, "PLATINUM II", 0, 15], [1648064965054, "PLATINUM II", 42, 16], [1648068492973, "PLATINUM II", 72, 17], [1648070332837, "PLATINUM II", 62, 18], [1648075716125, "PLATINUM I", 3, 19], [1648078096050, "PLATINUM I", 47, 20], [1648083535297, "PLATINUM I", 89, 21], [1648098306942, "DIAMOND IV", 61, 23], [1648153412134, "DIAMOND III", 4, 24], [1648155605184, "DIAMOND III", 45, 25], [1648158448696, "DIAMOND III", 55, 26], [1648179029547, "DIAMOND III", 65, 27], [1648180824477, "DIAMOND III", 55, 28], [1648183652820, "DIAMOND III", 96, 29], [1648185452344, "DIAMOND III", 54, 30], [1648187258818, "DIAMOND III", 95, 31], [1648189391936, "DIAMOND II", 13, 32], [1648230459561, "DIAMOND II", 0, 33], [1648232257046, "DIAMOND III", 75, 34], [1648235136553, "DIAMOND II", 16, 35], [1648237655744, "DIAMOND II", 34, 36], [1648239442578, "DIAMOND II", 0, 37], [1648258238792, "DIAMOND II", 41, 38], [1648276220332, "DIAMOND II", 60, 39], [1648322609016, "DIAMOND II", 90, 40], [1648330232654, "DIAMOND II", 64, 41], [1648334831431, "DIAMOND II", 82, 42], [1648336652230, "DIAMOND II", 92, 43], [1648338797210, "DIAMOND II", 82, 44], [1648341019068, "DIAMOND I", 1, 45], [1648342834172, "DIAMOND I", 0, 46], [1648344954439, "DIAMOND I", 28, 47], [1648347457349, "DIAMOND I", 18, 48], [1648358598163, "DIAMOND I", 8, 49], [1648479651964, "DIAMOND I", 46, 50], [1648482444979, "DIAMOND I", 75, 51], [1648484603536, "MASTER I", 3, 52], [1648662429698, "MASTER I", 33, 53], [1648665028810, "MASTER I", 60, 54], [1648669628954, "MASTER I", 13, 55], [1648673229462, "MASTER I", 0, 56], [1648675404129, "MASTER I", 0, 57], [1648689428422, "MASTER I", 27, 58], [1648691229833, "MASTER I", 0, 59], [1648761429298, "MASTER I", 27, 60], [1649660036838, "MASTER I", 0, 60]], "seasonStats": {"games": 65, "avgPlace": 3.523076923076923, "top4": 41, "win": 19, "topCarry": "TFT6_Vex", "lastMatchId": "NA1_4263872766"}, "queueSeasonStats": {"1090": {"games": 2, "avgPlace": 1.5, "top4": 2, "win": 1, "topCarry": "TFT6_Seraphine", "lastMatchId": "NA1_4263872766"}, "1100": {"games": 60, "avgPlace": 3.533333333333333, "top4": 38, "win": 17, "topCarry": "TFT6_Vex", "lastMatchId": "NA1_4263872766"}, "1130": {"games": 0, "avgPlace": 0, "top4": 0, "win": 0, "topCarry": "TFT6_Veigar", "lastMatchId": "NA1_4263872766"}, "1150": {"games": 3, "avgPlace": 4.666666666666667, "top4": 1, "win": 1, "topCarry": "TFT6_Viktor", "lastMatchId": "NA1_4263872766"}}}