{"matches": [], "playerInfo": {"tier": "MASTER", "rank": "I", "leaguePoints": 0, "profileIconId": 3795, "name": "myLotus", "region": "na1", "localRank": [10203, 0.010873457382185562], "globalRank": [54988, 0.010623986274678384]}, "rankHistory": [[1645935426444, "DIAMOND IV", 78, 5], [1645939574417, "DIAMOND IV", 29, 6], [1646456482791, "DIAMOND IV", 39, 7], [1646459241584, "DIAMOND IV", 19, 8], [1646461052228, "DIAMOND IV", 77, 9], [1646713325616, "DIAMOND IV", 59, 10], [1646715728891, "DIAMOND III", 14, 11], [1646747249513, "DIAMOND III", 4, 12], [1646799451887, "DIAMOND III", 43, 13], [1646838156102, "DIAMOND III", 0, 14], [1647012151294, "DIAMOND III", 10, 15], [1647014321967, "DIAMOND III", 0, 16], [1647017254739, "DIAMOND III", 22, 17], [1647019042409, "DIAMOND III", 0, 18], [1647021168410, "DIAMOND III", 52, 19], [1647039774875, "DIAMOND III", 42, 20], [1647066523640, "DIAMOND III", 52, 21], [1647100991434, "DIAMOND II", 2, 22], [1647193956520, "DIAMOND II", 23, 23], [1648316857806, "DIAMOND II", 13, 24], [1648319411279, "DIAMOND II", 23, 25], [1648321208576, "DIAMOND II", 13, 26], [1648323035250, "DIAMOND II", 0, 27], [1648437431610, "DIAMOND II", 10, 28], [1648439255812, "DIAMOND II", 31, 29], [1648441400747, "DIAMOND II", 82, 30], [1648694855357, "DIAMOND I", 32, 31], [1648960627789, "DIAMOND I", 67, 32], [1649204662757, "DIAMOND I", 57, 33], [1649896727455, "DIAMOND I", 11, 34], [1649966538573, "DIAMOND I", 0, 35], [1649968712123, "DIAMOND II", 75, 36], [1650047081653, "DIAMOND II", 96, 37], [1650049745505, "DIAMOND I", 43, 38], [1650070475908, "DIAMOND I", 21, 39], [1650489436547, "DIAMOND I", 4, 40], [1650491678072, "DIAMOND I", 14, 41], [1650500232538, "DIAMOND I", 58, 42], [1650575832718, "DIAMOND I", 25, 43], [1650754966189, "DIAMOND I", 0, 44], [1650757209855, "DIAMOND I", 47, 45], [1650774309632, "DIAMOND I", 92, 46], [1650776565370, "DIAMOND I", 70, 47], [1650777910411, "DIAMOND I", 37, 48], [1650867464180, "DIAMOND I", 16, 49], [1650868820799, "DIAMOND I", 0, 50], [1650870596631, "DIAMOND II", 75, 51], [1651370121886, "DIAMOND I", 5, 52], [1651372398151, "DIAMOND I", 35, 53], [1651808507238, "DIAMOND I", 53, 54], [1651832290378, "DIAMOND I", 85, 55], [1651834499802, "MASTER I", 3, 56], [1651836826325, "MASTER I", 0, 57], [1652084230447, "MASTER I", 0, 58], [1652086504634, "MASTER I", 42, 59], [1652131030043, "MASTER I", 61, 60], [1653029733500, "MASTER I", 0, 60]], "seasonStats": {"games": 61, "avgPlace": 4.311475409836065, "top4": 32, "win": 11, "topCarry": "TFT6_Sivir", "lastMatchId": "NA1_4302069440"}, "queueSeasonStats": {"1090": {"games": 1, "avgPlace": 2, "top4": 1, "win": 0, "topCarry": "TFT6_Jinx", "lastMatchId": "NA1_4302069440"}, "1100": {"games": 60, "avgPlace": 4.35, "top4": 31, "win": 11, "topCarry": "TFT6_Sivir", "lastMatchId": "NA1_4302069440"}, "1130": {"games": 0, "avgPlace": 0, "top4": 0, "win": 0, "topCarry": "TFT6_Veigar", "lastMatchId": "NA1_4302069440"}, "1150": {"games": 0, "avgPlace": 0, "top4": 0, "win": 0, "topCarry": "TFT6_Veigar", "lastMatchId": "NA1_4302069440"}}}