{"matches": [], "playerInfo": {"tier": "MASTER", "rank": "I", "leaguePoints": 0, "profileIconId": 4568, "name": "NA ICU SICK PIG", "region": "na1", "localRank": [19060, 0.02031588753568071], "globalRank": [97233, 0.018789069014219773]}, "rankHistory": [[1646707938168, "DIAMOND II", 23, 5], [1646710095154, "DIAMOND II", 13, 6], [1647055344432, "DIAMOND II", 51, 7], [1647057521389, "DIAMOND II", 78, 8], [1649318849530, "DIAMOND II", 35, 9], [1649321249608, "DIAMOND II", 92, 10], [1649587095639, "DIAMOND I", 42, 11], [1650322973402, "DIAMOND I", 64, 12], [1650335961470, "DIAMOND I", 99, 13], [1651028579041, "DIAMOND I", 81, 14], [1651030409501, "DIAMOND I", 71, 15], [1651033031816, "MASTER I", 21, 16], [1651497432439, "MASTER I", 2, 17], [1651500198840, "MASTER I", 41, 18], [1651559600509, "MASTER I", 20, 19], [1651651861576, "MASTER I", 69, 20], [1651736459091, "MASTER I", 52, 21], [1651738263085, "MASTER I", 8, 22], [1651740431976, "MASTER I", 0, 23], [1651742230556, "MASTER I", 0, 24], [1651746296577, "MASTER I", 0, 25], [1651748097026, "MASTER I", 0, 26], [1652017631995, "MASTER I", 0, 27], [1652021231795, "MASTER I", 0, 28], [1652091915725, "MASTER I", 22, 29], [1652094234759, "MASTER I", 1, 30], [1652096033540, "MASTER I", 0, 31], [1652101892469, "MASTER I", 0, 32], [1652111232791, "MASTER I", 28, 33], [1652113513557, "MASTER I", 0, 34], [1652115306570, "MASTER I", 0, 35], [1652118091160, "MASTER I", 0, 36], [1652120232329, "MASTER I", 31, 37], [1652192235687, "MASTER I", 0, 38], [1652194034831, "MASTER I", 18, 39], [1652196312666, "MASTER I", 0, 40], [1652198635583, "MASTER I", 41, 41], [1652346712434, "MASTER I", 57, 42], [1652348832108, "MASTER I", 88, 43], [1652360113945, "MASTER I", 105, 44], [1652424432383, "MASTER I", 115, 45], [1652427250142, "MASTER I", 105, 46], [1652432116042, "MASTER I", 125, 47], [1653206136100, "MASTER I", 115, 48], [1653207937332, "MASTER I", 76, 49], [1653209736221, "MASTER I", 20, 50], [1653211535934, "MASTER I", 0, 51], [1653289495942, "MASTER I", 16, 52], [1653462306221, "MASTER I", 6, 53], [1653464610813, "MASTER I", 39, 54], [1653980157066, "MASTER I", 0, 54]], "seasonStats": {"games": 84, "avgPlace": 4.440476190476191, "top4": 38, "win": 6, "topCarry": "TFT6_Morgana", "lastMatchId": "NA1_4319248615"}, "queueSeasonStats": {"1090": {"games": 0, "avgPlace": 0, "top4": 0, "win": 0, "topCarry": "TFT6_Veigar", "lastMatchId": "NA1_4319248615"}, "1100": {"games": 54, "avgPlace": 4.462962962962963, "top4": 24, "win": 6, "topCarry": "TFT6_Morgana", "lastMatchId": "NA1_4319248615"}, "1130": {"games": 0, "avgPlace": 0, "top4": 0, "win": 0, "topCarry": "TFT6_Veigar", "lastMatchId": "NA1_4319248615"}, "1150": {"games": 30, "avgPlace": 4.4, "top4": 14, "win": 0, "topCarry": "TFT6_Sivir", "lastMatchId": "NA1_4319248615"}}}