{"matches": [], "playerInfo": {"tier": "MASTER", "rank": "I", "leaguePoints": 0, "profileIconId": 4217, "name": "Name is Uknown", "region": "na1", "localRank": [14970, 0.01593522867106367], "globalRank": [77052, 0.014873088843214496]}, "rankHistory": [[1645152456296, "PLATINUM II", 24, 5], [1645152672120, "PLATINUM II", 0, 6], [1645156052380, "PLATINUM II", 63, 7], [1645289250146, "PLATINUM I", 5, 8], [1645291056996, "PLATINUM I", 30, 9], [1645330660125, "PLATINUM I", 89, 10], [1645332453633, "PLATINUM I", 79, 11], [1645334236532, "DIAMOND IV", 20, 12], [1645575892685, "DIAMOND IV", 43, 13], [1645577867771, "DIAMOND IV", 11, 14], [1645665923858, "DIAMOND IV", 50, 15], [1645750028463, "DIAMOND IV", 89, 16], [1645835143627, "DIAMOND III", 43, 17], [1645849562354, "DIAMOND III", 24, 18], [1645852632191, "DIAMOND III", 78, 19], [1645917429956, "DIAMOND III", 99, 20], [1645919469622, "DIAMOND III", 89, 21], [1645922828938, "DIAMOND II", 11, 22], [1645973226639, "DIAMOND II", 0, 23], [1645975041185, "DIAMOND III", 75, 24], [1645977086060, "DIAMOND III", 54, 25], [1645979181014, "DIAMOND III", 44, 26], [1645980987187, "DIAMOND III", 24, 27], [1645982974410, "DIAMOND III", 14, 28], [1645985844265, "DIAMOND III", 0, 29], [1645986584739, "DIAMOND IV", 75, 30], [1645989431924, "DIAMOND III", 15, 31], [1646002793137, "DIAMOND III", 0, 32], [1646005633402, "DIAMOND III", 36, 33], [1646009232220, "DIAMOND III", 16, 34], [1646011041601, "DIAMOND III", 64, 35], [1646054226814, "DIAMOND III", 54, 36], [1646092278058, "DIAMOND III", 75, 37], [1646094402267, "DIAMOND III", 96, 38], [1646096400167, "DIAMOND III", 86, 39], [1646140628389, "DIAMOND III", 96, 40], [1646180491793, "DIAMOND II", 43, 41], [1646183829709, "DIAMOND II", 63, 42], [1646227030264, "DIAMOND II", 31, 43], [1646229099237, "DIAMOND II", 50, 44], [1646231444088, "DIAMOND II", 40, 45], [1646245044121, "DIAMOND II", 88, 46], [1646256092065, "DIAMOND I", 22, 47], [1646264841133, "DIAMOND I", 0, 48], [1646266895486, "DIAMOND I", 47, 49], [1646270227865, "DIAMOND I", 94, 50], [1646275889300, "MASTER I", 36, 51], [1647157628870, "MASTER I", 0, 51]], "seasonStats": {"games": 86, "avgPlace": 3.7093023255813953, "top4": 49, "win": 22, "topCarry": "TFT6_Jayce", "lastMatchId": "NA1_4241972380"}, "queueSeasonStats": {"1090": {"games": 0, "avgPlace": 0, "top4": 0, "win": 0, "topCarry": "TFT6_Veigar", "lastMatchId": "NA1_4241972380"}, "1100": {"games": 51, "avgPlace": 3.8823529411764706, "top4": 28, "win": 11, "topCarry": "TFT6_Senna", "lastMatchId": "NA1_4241972380"}, "1130": {"games": 35, "avgPlace": 3.4571428571428573, "top4": 21, "win": 11, "topCarry": "TFT6_Jhin", "lastMatchId": "NA1_4241972380"}, "1150": {"games": 0, "avgPlace": 0, "top4": 0, "win": 0, "topCarry": "TFT6_Veigar", "lastMatchId": "NA1_4241972380"}}}