{"matches": [], "playerInfo": {"tier": "MASTER", "rank": "I", "leaguePoints": 0, "profileIconId": 23, "name": "NevergiveupLee", "region": "na1", "localRank": [7271, 0.007741464266397509], "globalRank": [40226, 0.007765397207808253]}, "rankHistory": [[1645757926494, "DIAMOND IV", 96, 5], [1645760831976, "DIAMOND III", 6, 6], [1645764440994, "DIAMOND III", 17, 7], [1649620044065, "DIAMOND III", 0, 8], [1649622239746, "DIAMOND III", 62, 9], [1649654253950, "DIAMOND III", 86, 10], [1649656047721, "DIAMOND III", 53, 11], [1649738281253, "DIAMOND III", 32, 12], [1649892268619, "DIAMOND III", 9, 13], [1649894925565, "DIAMOND III", 0, 14], [1649897233144, "DIAMOND III", 54, 15], [1649902111246, "DIAMOND III", 92, 16], [1649904885843, "DIAMOND III", 81, 17], [1649907153383, "DIAMOND II", 38, 18], [1649909857908, "DIAMOND II", 60, 19], [1649911635935, "DIAMOND II", 24, 20], [1649913881731, "DIAMOND II", 46, 21], [1649916134595, "DIAMOND II", 36, 22], [1649917919024, "DIAMOND II", 3, 23], [1649980035786, "DIAMOND II", 25, 24], [1649981871271, "DIAMOND II", 5, 25], [1649983652585, "DIAMOND II", 0, 26], [1649985892766, "DIAMOND II", 42, 27], [1649988509797, "DIAMOND II", 77, 28], [1649990850714, "DIAMOND II", 57, 29], [1649993087637, "DIAMOND I", 9, 30], [1649998450688, "DIAMOND I", 0, 31], [1650000739535, "DIAMOND I", 50, 32], [1650002086610, "DIAMOND I", 16, 33], [1650004707525, "DIAMOND I", 53, 34], [1650007031670, "MASTER I", 2, 35], [1650222529295, "MASTER I", 49, 36], [1650224832666, "MASTER I", 59, 37], [1650421939409, "MASTER I", 109, 38], [1650471435994, "MASTER I", 154, 39], [1651082081405, "MASTER I", 109, 40], [1651083879575, "MASTER I", 62, 41], [1651085231470, "MASTER I", 18, 42], [1651092432177, "MASTER I", 0, 43], [1651094675747, "MASTER I", 0, 44], [1651104178584, "MASTER I", 0, 45], [1651118996107, "MASTER I", 17, 46], [1651721615146, "MASTER I", 7, 47], [1651723866152, "MASTER I", 28, 48], [1651726495218, "MASTER I", 62, 49], [1651728297643, "MASTER I", 43, 50], [1651736458972, "MASTER I", 25, 51], [1651737814030, "MASTER I", 0, 52], [1651787231927, "MASTER I", 32, 53], [1652511320227, "MASTER I", 0, 53]], "seasonStats": {"games": 223, "avgPlace": 4.098654708520179, "top4": 127, "win": 10, "topCarry": "TFT6_Sivir", "lastMatchId": "NA1_4326861248"}, "queueSeasonStats": {"1090": {"games": 0, "avgPlace": 0, "top4": 0, "win": 0, "topCarry": "TFT6_Veigar", "lastMatchId": "NA1_4326861248"}, "1100": {"games": 53, "avgPlace": 4.377358490566038, "top4": 25, "win": 10, "topCarry": "TFT6_Sivir", "lastMatchId": "NA1_4326861248"}, "1130": {"games": 0, "avgPlace": 0, "top4": 0, "win": 0, "topCarry": "TFT6_Veigar", "lastMatchId": "NA1_4326861248"}, "1150": {"games": 170, "avgPlace": 4.011764705882353, "top4": 102, "win": 0, "topCarry": "TFT6_Sivir", "lastMatchId": "NA1_4326861248"}}}