{"matches": [], "playerInfo": {"tier": "MASTER", "rank": "I", "leaguePoints": 0, "profileIconId": 4923, "name": "nightcore gap", "region": "na1", "localRank": [19372, 0.02062059781850851], "globalRank": [98596, 0.01903117359354211]}, "rankHistory": [[1648446549354, "PLATINUM II", 77, 5], [1648450066745, "PLATINUM II", 53, 6], [1648513076010, "PLATINUM II", 38, 7], [1648792822450, "PLATINUM II", 48, 8], [1648795759753, "PLATINUM I", 17, 9], [1648798178290, "PLATINUM I", 37, 10], [1648984717989, "PLATINUM I", 60, 11], [1649051336938, "PLATINUM I", 98, 12], [1649053424689, "DIAMOND IV", 55, 13], [1649823438840, "DIAMOND IV", 72, 14], [1650598399404, "DIAMOND IV", 19, 15], [1650601077277, "DIAMOND IV", 8, 16], [1650714010118, "DIAMOND IV", 50, 17], [1650725252574, "DIAMOND IV", 97, 18], [1650727482301, "DIAMOND III", 47, 19], [1650730172211, "DIAMOND III", 84, 20], [1650732885473, "DIAMOND III", 57, 21], [1650735563376, "DIAMOND II", 17, 22], [1650738283028, "DIAMOND II", 42, 23], [1650744572016, "DIAMOND I", 4, 24], [1650747269116, "DIAMOND I", 0, 25], [1650778799303, "DIAMOND I", 53, 26], [1650781033581, "DIAMOND I", 76, 27], [1650782832652, "MASTER I", 30, 28], [1650785071520, "MASTER I", 40, 29], [1650787360639, "MASTER I", 50, 30], [1650790965366, "MASTER I", 108, 31], [1650794071969, "MASTER I", 143, 32], [1650796781660, "MASTER I", 153, 33], [1650801272378, "MASTER I", 204, 34], [1650809831387, "MASTER I", 214, 35], [1650811631402, "MASTER I", 186, 36], [1650814773411, "MASTER I", 176, 37], [1650830980363, "MASTER I", 149, 38], [1650897167491, "MASTER I", 187, 39], [1650909275588, "MASTER I", 197, 40], [1650916474075, "MASTER I", 152, 41], [1650928633185, "MASTER I", 188, 42], [1650950231472, "MASTER I", 143, 43], [1651089278867, "MASTER I", 153, 44], [1651097406158, "MASTER I", 132, 45], [1651103679573, "MASTER I", 187, 46], [1651112231508, "MASTER I", 242, 47], [1651123031942, "MASTER I", 229, 48], [1651151408448, "MASTER I", 275, 49], [1651153631490, "MASTER I", 250, 50], [1651347193726, "MASTER I", 264, 51], [1651349426327, "MASTER I", 293, 52], [1651355684413, "MASTER I", 312, 53], [1651358425929, "MASTER I", 367, 54], [1651368284756, "MASTER I", 422, 55], [1651371025540, "MASTER I", 401, 56], [1651421831908, "MASTER I", 381, 57], [1651820616358, "MASTER I", 332, 58], [1652424916027, "MASTER I", 82, 58], [1652511319374, "MASTER I", 0, 58], [1653966323361, "MASTER I", 0, 59]], "seasonStats": {"games": 59, "avgPlace": 3.5762711864406778, "top4": 40, "win": 17, "topCarry": "TFT6_Sivir", "lastMatchId": "NA1_4325619856"}, "queueSeasonStats": {"1090": {"games": 0, "avgPlace": 0, "top4": 0, "win": 0, "topCarry": "TFT6_Veigar", "lastMatchId": "NA1_4325619856"}, "1100": {"games": 59, "avgPlace": 3.5762711864406778, "top4": 40, "win": 17, "topCarry": "TFT6_Sivir", "lastMatchId": "NA1_4325619856"}, "1130": {"games": 0, "avgPlace": 0, "top4": 0, "win": 0, "topCarry": "TFT6_Veigar", "lastMatchId": "NA1_4325619856"}, "1150": {"games": 0, "avgPlace": 0, "top4": 0, "win": 0, "topCarry": "TFT6_Veigar", "lastMatchId": "NA1_4325619856"}}}