{"matches": [], "playerInfo": {"tier": "MASTER", "rank": "I", "leaguePoints": 0, "profileIconId": 4403, "name": "NotExactlyBacon", "region": "na1", "localRank": [15016, 0.01598695151320286], "globalRank": [77335, 0.014928585630645152]}, "rankHistory": [[1645229830307, "DIAMOND III", 45, 5], [1645321628914, "DIAMOND III", 86, 6], [1645323430506, "DIAMOND III", 96, 7], [1645325243290, "DIAMOND II", 6, 8], [1645404430375, "DIAMOND II", 43, 9], [1645667238600, "DIAMOND II", 11, 10], [1645669040989, "DIAMOND II", 0, 11], [1645670837037, "DIAMOND II", 10, 12], [1646423842903, "DIAMOND II", 61, 13], [1646457452198, "DIAMOND II", 51, 14], [1646459231122, "DIAMOND II", 16, 15], [1646461034597, "DIAMOND II", 56, 16], [1646531241585, "DIAMOND I", 9, 17], [1646533044075, "DIAMOND I", 19, 18], [1646534851449, "DIAMOND I", 0, 19], [1646536917608, "DIAMOND II", 75, 20], [1646538435094, "DIAMOND II", 30, 21], [1646547450164, "DIAMOND II", 81, 22], [1646595122612, "DIAMOND I", 3, 23], [1646597839586, "DIAMOND I", 40, 24], [1646599644058, "DIAMOND I", 50, 25], [1646601715093, "DIAMOND I", 40, 26], [1646623927113, "DIAMOND I", 50, 27], [1646626631749, "DIAMOND I", 69, 28], [1646801228068, "MASTER I", 2, 29], [1646880427989, "MASTER I", 0, 30], [1646882885936, "MASTER I", 10, 31], [1646953093808, "MASTER I", 0, 32], [1646955154194, "MASTER I", 45, 33], [1646977628498, "MASTER I", 0, 34], [1646979427757, "MASTER I", 0, 35], [1647030768928, "MASTER I", 0, 36], [1647034099534, "MASTER I", 0, 37], [1647037028220, "MASTER I", 10, 38], [1647038827952, "MASTER I", 0, 39], [1647040935590, "MASTER I", 18, 40], [1647042429152, "MASTER I", 0, 41], [1647044228274, "MASTER I", 0, 42], [1647047828291, "MASTER I", 18, 43], [1647049936857, "MASTER I", 45, 44], [1647116907073, "MASTER I", 18, 45], [1647118704911, "MASTER I", 28, 46], [1647120775518, "MASTER I", 38, 47], [1647123428203, "MASTER I", 27, 48], [1647125227722, "MASTER I", 17, 49], [1647310628612, "MASTER I", 35, 50], [1647312428874, "MASTER I", 56, 51], [1647314229077, "MASTER I", 46, 52], [1648191186729, "MASTER I", 0, 52], [1649539029793, "MASTER I", 21, 53], [1649552031523, "MASTER I", 39, 54], [1649553831274, "MASTER I", 1, 55], [1649556084109, "MASTER I", 18, 56], [1649919243559, "MASTER I", 0, 56]], "seasonStats": {"games": 56, "avgPlace": 4.392857142857143, "top4": 31, "win": 5, "topCarry": "TFT6_Lucian", "lastMatchId": "NA1_4272451906"}, "queueSeasonStats": {"1090": {"games": 0, "avgPlace": 0, "top4": 0, "win": 0, "topCarry": "TFT6_Veigar", "lastMatchId": "NA1_4272451906"}, "1100": {"games": 56, "avgPlace": 4.392857142857143, "top4": 31, "win": 5, "topCarry": "TFT6_Lucian", "lastMatchId": "NA1_4272451906"}, "1130": {"games": 0, "avgPlace": 0, "top4": 0, "win": 0, "topCarry": "TFT6_Veigar", "lastMatchId": "NA1_4272451906"}, "1150": {"games": 0, "avgPlace": 0, "top4": 0, "win": 0, "topCarry": "TFT6_Veigar", "lastMatchId": "NA1_4272451906"}}}