{"matches": [], "playerInfo": {"tier": "MASTER", "rank": "I", "leaguePoints": 0, "profileIconId": 29, "name": "O director faria", "region": "na1", "localRank": [8205, 0.00874488283135965], "globalRank": [45379, 0.008768289087084671]}, "rankHistory": [[1646976306782, "SILVER I", 42, 5], [1647033598412, "GOLD IV", 14, 6], [1647051679318, "GOLD IV", 0, 7], [1647057120571, "GOLD IV", 28, 8], [1647209987906, "GOLD IV", 98, 9], [1647211899147, "GOLD III", 68, 10], [1647213704459, "GOLD III", 58, 11], [1647215433420, "GOLD II", 28, 12], [1647300056259, "GOLD II", 52, 13], [1647303679899, "GOLD II", 99, 14], [1647305355391, "GOLD I", 9, 15], [1647388333288, "GOLD I", 52, 16], [1647407903265, "PLATINUM IV", 31, 17], [1647454701153, "PLATINUM III", 4, 18], [1647460654170, "PLATINUM III", 35, 19], [1647463746812, "PLATINUM III", 65, 20], [1647465510875, "PLATINUM III", 89, 21], [1647467892350, "PLATINUM II", 54, 22], [1647542901917, "PLATINUM I", 23, 23], [1647544737283, "PLATINUM I", 66, 24], [1647611320181, "PLATINUM I", 19, 25], [1647613706507, "PLATINUM I", 0, 26], [1647616715747, "PLATINUM I", 41, 27], [1647624487985, "PLATINUM I", 55, 28], [1647700175961, "DIAMOND IV", 15, 29], [1647703034963, "DIAMOND IV", 26, 30], [1647705189670, "DIAMOND IV", 81, 31], [1647738278646, "DIAMOND IV", 64, 32], [1647741190060, "DIAMOND III", 7, 33], [1647743371651, "DIAMOND III", 70, 34], [1647795567748, "DIAMOND III", 60, 35], [1647802402412, "DIAMOND III", 50, 36], [1647804593749, "DIAMOND III", 60, 37], [1647806691453, "DIAMOND III", 99, 38], [1647809245215, "DIAMOND III", 86, 39], [1647811372584, "DIAMOND II", 5, 40], [1647813892503, "DIAMOND II", 56, 41], [1647817188998, "DIAMOND II", 46, 42], [1647819843776, "DIAMOND II", 99, 43], [1647822593884, "DIAMOND I", 52, 44], [1647825435099, "DIAMOND I", 62, 45], [1647827577822, "DIAMOND I", 72, 46], [1647829790923, "DIAMOND I", 82, 47], [1647831893949, "DIAMOND I", 64, 48], [1647833700982, "DIAMOND I", 74, 49], [1647836228115, "MASTER I", 24, 50], [1647885173260, "MASTER I", 6, 51], [1647888427853, "MASTER I", 59, 52], [1647890972066, "MASTER I", 106, 53], [1647895628117, "MASTER I", 96, 54], [1647897774164, "MASTER I", 123, 55], [1647983907316, "MASTER I", 161, 56], [1648882411112, "MASTER I", 0, 56]], "seasonStats": {"games": 58, "avgPlace": 3.1206896551724137, "top4": 43, "win": 19, "topCarry": "TFT6_Viktor", "lastMatchId": "NA1_4254306712"}, "queueSeasonStats": {"1090": {"games": 2, "avgPlace": 6.5, "top4": 0, "win": 0, "topCarry": "TFT6_Jayce", "lastMatchId": "NA1_4254306712"}, "1100": {"games": 56, "avgPlace": 3, "top4": 43, "win": 19, "topCarry": "TFT6_Viktor", "lastMatchId": "NA1_4254306712"}, "1130": {"games": 0, "avgPlace": 0, "top4": 0, "win": 0, "topCarry": "TFT6_Veigar", "lastMatchId": "NA1_4254306712"}, "1150": {"games": 0, "avgPlace": 0, "top4": 0, "win": 0, "topCarry": "TFT6_Veigar", "lastMatchId": "NA1_4254306712"}}}