{"matches": [], "playerInfo": {"tier": "MASTER", "rank": "I", "leaguePoints": 0, "profileIconId": 3587, "name": "Old oId", "region": "na1", "localRank": [10032, 0.010687245722491688], "globalRank": [53938, 0.010416757193844809]}, "rankHistory": [[1645926443510, "DIAMOND III", 21, 5], [1645931836185, "DIAMOND III", 46, 6], [1645933644306, "DIAMOND III", 28, 7], [1645936167370, "DIAMOND III", 57, 8], [1645981178647, "DIAMOND III", 47, 9], [1645984042842, "DIAMOND III", 37, 10], [1645985836966, "DIAMOND III", 4, 11], [1645989442425, "DIAMOND III", 30, 12], [1645991226620, "DIAMOND III", 20, 13], [1645993272744, "DIAMOND III", 50, 14], [1645998441737, "DIAMOND II", 4, 15], [1646673431567, "DIAMOND II", 24, 16], [1646675246650, "DIAMOND II", 0, 17], [1646677690477, "DIAMOND II", 27, 18], [1646681531137, "DIAMOND II", 83, 19], [1647105441670, "DIAMOND II", 93, 20], [1647107229193, "DIAMOND II", 81, 21], [1647110839134, "DIAMOND II", 71, 22], [1647112643467, "DIAMOND II", 36, 23], [1647115385025, "DIAMOND II", 48, 24], [1647119836642, "DIAMOND I", 2, 25], [1647123435363, "DIAMOND I", 0, 26], [1647141453361, "DIAMOND I", 53, 27], [1647148967841, "DIAMOND I", 20, 28], [1647151139676, "DIAMOND I", 56, 29], [1647191843750, "DIAMOND I", 37, 30], [1647193644167, "DIAMOND I", 1, 31], [1647199049182, "DIAMOND I", 0, 32], [1647201146755, "DIAMOND I", 53, 33], [1647203326409, "DIAMOND I", 19, 34], [1647207193786, "DIAMOND I", 0, 35], [1647209850908, "DIAMOND I", 55, 36], [1647211649046, "DIAMOND I", 8, 37], [1647226362139, "DIAMOND I", 29, 38], [1647228172012, "DIAMOND I", 0, 39], [1647302638905, "DIAMOND II", 75, 40], [1647305242521, "DIAMOND I", 27, 41], [1647307380859, "DIAMOND I", 37, 42], [1647320355940, "DIAMOND I", 14, 43], [1647322423381, "DIAMOND I", 37, 44], [1647362843329, "DIAMOND I", 47, 45], [1647380845175, "DIAMOND I", 37, 46], [1647382635270, "DIAMOND I", 4, 47], [1647384438039, "DIAMOND I", 0, 48], [1647390553090, "DIAMOND I", 47, 49], [1647392354344, "DIAMOND I", 15, 50], [1647398835819, "DIAMOND I", 5, 51], [1647400637440, "DIAMOND I", 15, 52], [1647402775719, "DIAMOND I", 50, 53], [1647449245349, "DIAMOND I", 96, 54], [1647451391750, "DIAMOND I", 49, 55], [1647472633664, "DIAMOND I", 29, 56], [1647476569037, "DIAMOND I", 39, 57], [1647478748710, "DIAMOND I", 58, 58], [1647485973809, "DIAMOND I", 68, 59], [1647488828703, "MASTER I", 14, 60], [1647571628493, "MASTER I", 0, 61]], "seasonStats": {"games": 62, "avgPlace": 4.241935483870968, "top4": 32, "win": 13, "topCarry": "TFT6b_Vi", "lastMatchId": "NA1_4249868851"}, "queueSeasonStats": {"1090": {"games": 1, "avgPlace": 4, "top4": 1, "win": 0, "topCarry": "TFT6_Draven", "lastMatchId": "NA1_4249868851"}, "1100": {"games": 61, "avgPlace": 4.245901639344262, "top4": 31, "win": 13, "topCarry": "TFT6b_Vi", "lastMatchId": "NA1_4249868851"}, "1130": {"games": 0, "avgPlace": 0, "top4": 0, "win": 0, "topCarry": "TFT6_Veigar", "lastMatchId": "NA1_4249868851"}, "1150": {"games": 0, "avgPlace": 0, "top4": 0, "win": 0, "topCarry": "TFT6_Veigar", "lastMatchId": "NA1_4249868851"}}}