{"matches": [], "playerInfo": {"tier": "MASTER", "rank": "I", "leaguePoints": 0, "profileIconId": 4216, "name": "oshou", "region": "na1", "localRank": [18371, 0.019576981195612096], "globalRank": [93960, 0.01815222834251377]}, "rankHistory": [[1645836431502, "DIAMOND II", 8, 5], [1645845659397, "DIAMOND II", 18, 6], [1645851063598, "DIAMOND II", 0, 7], [1645854443015, "DIAMOND III", 75, 8], [1646068890455, "DIAMOND III", 65, 9], [1646090799908, "DIAMOND II", 16, 10], [1646093836058, "DIAMOND II", 6, 11], [1646117497641, "DIAMOND II", 44, 12], [1646128046065, "DIAMOND II", 28, 13], [1646188022592, "DIAMOND II", 77, 14], [1646192831316, "DIAMOND I", 28, 15], [1646197010414, "DIAMOND I", 0, 16], [1646200028820, "DIAMOND I", 20, 17], [1646257626942, "DIAMOND I", 43, 18], [1646263038293, "DIAMOND I", 75, 19], [1646264839734, "DIAMOND I", 95, 20], [1646266889192, "MASTER I", 5, 21], [1646367693591, "MASTER I", 0, 22], [1646369225065, "MASTER I", 0, 23], [1646810228256, "MASTER I", 20, 24], [1647327152345, "MASTER I", 0, 24], [1647335828907, "MASTER I", 10, 25], [1647497032917, "MASTER I", 54, 26], [1647586028089, "MASTER I", 0, 26], [1647727159802, "MASTER I", 46, 27], [1647731828327, "MASTER I", 1, 28], [1647733628018, "MASTER I", 51, 29], [1647752663706, "MASTER I", 9, 30], [1647823971829, "MASTER I", 55, 31], [1647843773148, "MASTER I", 9, 32], [1648096499969, "MASTER I", 54, 33], [1648163830418, "MASTER I", 64, 34], [1648164917149, "MASTER I", 44, 35], [1648369028542, "MASTER I", 26, 36], [1648370828160, "MASTER I", 16, 37], [1648510558974, "MASTER I", 4, 38], [1648513028959, "MASTER I", 0, 39], [1648539351284, "MASTER I", 0, 40], [1648541829071, "MASTER I", 32, 41], [1648577156338, "MASTER I", 0, 42], [1648580423558, "MASTER I", 0, 43], [1648973829222, "MASTER I", 0, 44], [1648975628851, "MASTER I", 21, 45], [1649018829325, "MASTER I", 63, 46], [1649446643813, "MASTER I", 23, 47], [1649449028869, "MASTER I", 33, 48], [1649639265470, "MASTER I", 51, 49], [1649666267194, "MASTER I", 9, 50], [1649668628771, "MASTER I", 0, 51], [1649787839539, "MASTER I", 0, 52], [1650398542263, "MASTER I", 0, 53], [1650409739823, "MASTER I", 30, 54], [1650610467031, "MASTER I", 0, 54], [1651089278841, "MASTER I", 0, 55], [1651177981091, "MASTER I", 31, 56], [1651301687973, "MASTER I", 0, 56], [1651627494133, "MASTER I", 31, 57], [1651733700315, "MASTER I", 0, 57], [1652313840817, "MASTER I", 0, 58]], "seasonStats": {"games": 59, "avgPlace": 4.305084745762712, "top4": 30, "win": 12, "topCarry": "TFT6_Sivir", "lastMatchId": "NA1_4304531827"}, "queueSeasonStats": {"1090": {"games": 1, "avgPlace": 1, "top4": 1, "win": 1, "topCarry": "TFT6_Jayce", "lastMatchId": "NA1_4304531827"}, "1100": {"games": 58, "avgPlace": 4.362068965517241, "top4": 29, "win": 11, "topCarry": "TFT6_Sivir", "lastMatchId": "NA1_4304531827"}, "1130": {"games": 0, "avgPlace": 0, "top4": 0, "win": 0, "topCarry": "TFT6_Veigar", "lastMatchId": "NA1_4304531827"}, "1150": {"games": 0, "avgPlace": 0, "top4": 0, "win": 0, "topCarry": "TFT6_Veigar", "lastMatchId": "NA1_4304531827"}}}