{"matches": [], "playerInfo": {"tier": "MASTER", "rank": "I", "leaguePoints": 46, "profileIconId": 29, "name": "PaypalMe4win", "region": "na1", "localRank": [3908, 0.004161962981107159], "globalRank": [21384, 0.004128800662955946]}, "rankHistory": [[1647898198963, "DIAMOND III", 14, 5], [1648502602366, "DIAMOND III", 0, 6], [1648504833839, "DIAMOND III", 23, 7], [1648586847457, "DIAMOND III", 45, 8], [1648588650186, "DIAMOND III", 64, 9], [1648592639118, "DIAMOND III", 31, 10], [1649173641054, "DIAMOND III", 21, 11], [1649362658511, "DIAMOND III", 0, 12], [1649364449463, "DIAMOND IV", 75, 13], [1650594770649, "DIAMOND IV", 42, 14], [1650597006628, "DIAMOND IV", 65, 15], [1650818877659, "DIAMOND IV", 92, 16], [1651893938586, "DIAMOND IV", 66, 17], [1651897548831, "DIAMOND III", 1, 18], [1651900649349, "DIAMOND III", 45, 19], [1651901646679, "DIAMOND III", 55, 20], [1651903893802, "DIAMOND III", 87, 21], [1652029448775, "DIAMOND II", 27, 22], [1652061341770, "DIAMOND II", 72, 23], [1652142352530, "DIAMOND II", 62, 24], [1652144157323, "DIAMOND II", 72, 25], [1652147286097, "DIAMOND II", 90, 26], [1652466871935, "DIAMOND I", 8, 27], [1652468745959, "DIAMOND I", 38, 28], [1652470966000, "DIAMOND I", 82, 29], [1652479472177, "DIAMOND I", 27, 30], [1652482073900, "DIAMOND I", 70, 31], [1652484365709, "DIAMOND I", 80, 32], [1652486658411, "DIAMOND I", 94, 33], [1652488483790, "DIAMOND I", 80, 34], [1652491518163, "MASTER I", 8, 35], [1652666663134, "MASTER I", 30, 36], [1652724263349, "MASTER I", 20, 37], [1652726544915, "MASTER I", 30, 38], [1652727863130, "MASTER I", 0, 39], [1652730144368, "MASTER I", 49, 40], [1652732230036, "MASTER I", 14, 41], [1652735546679, "MASTER I", 24, 42], [1652737347272, "MASTER I", 34, 43], [1652739924870, "MASTER I", 77, 44], [1652844877106, "MASTER I", 121, 45], [1652847931499, "MASTER I", 163, 46], [1652850277143, "MASTER I", 144, 47], [1652883162528, "MASTER I", 132, 48], [1653002232489, "MASTER I", 176, 49], [1653004032753, "MASTER I", 145, 50], [1653005834162, "MASTER I", 112, 51], [1653007632681, "MASTER I", 64, 52], [1653068082503, "MASTER I", 14, 53], [1653627347421, "MASTER I", 0, 54], [1653629715816, "MASTER I", 43, 55], [1653632233478, "MASTER I", 73, 56], [1653634550703, "MASTER I", 48, 57], [1653803034930, "MASTER I", 87, 58], [1653957324727, "MASTER I", 66, 59], [1653959647795, "MASTER I", 100, 60], [1653961633360, "MASTER I", 46, 61]], "seasonStats": {"games": 83, "avgPlace": 4.024096385542169, "top4": 50, "win": 15, "topCarry": "TFT6_Jinx", "lastMatchId": "NA1_4325385609"}, "queueSeasonStats": {"1090": {"games": 20, "avgPlace": 3.6, "top4": 13, "win": 3, "topCarry": "TFT6_Jayce", "lastMatchId": "NA1_4325385609"}, "1100": {"games": 61, "avgPlace": 4.180327868852459, "top4": 35, "win": 12, "topCarry": "TFT6_Jinx", "lastMatchId": "NA1_4325385609"}, "1130": {"games": 0, "avgPlace": 0, "top4": 0, "win": 0, "topCarry": "TFT6_Veigar", "lastMatchId": "NA1_4325385609"}, "1150": {"games": 2, "avgPlace": 3.5, "top4": 2, "win": 0, "topCarry": "TFT6_Irelia", "lastMatchId": "NA1_4325385609"}}}