{"matches": [], "playerInfo": {"tier": "MASTER", "rank": "I", "leaguePoints": 0, "profileIconId": 555, "name": "Pibbb", "region": "na1", "localRank": [14446, 0.015391909817856363], "globalRank": [74894, 0.014465768622644199]}, "rankHistory": [[1645055225730, "DIAMOND IV", 95, 5], [1645057025882, "DIAMOND III", 5, 6], [1645058827561, "DIAMOND III", 0, 7], [1645060628520, "DIAMOND IV", 75, 8], [1645062428051, "DIAMOND IV", 65, 9], [1645064226271, "DIAMOND IV", 44, 10], [1645219031088, "DIAMOND IV", 23, 11], [1645220829146, "DIAMOND IV", 0, 12], [1645224428567, "DIAMOND IV", 40, 13], [1645231626402, "DIAMOND IV", 30, 14], [1645233425044, "DIAMOND IV", 0, 15], [1645235232098, "DIAMOND IV", 41, 16], [1645237031291, "DIAMOND IV", 21, 17], [1645301826087, "DIAMOND IV", 61, 18], [1645303783374, "DIAMOND IV", 71, 19], [1645307233749, "DIAMOND III", 10, 20], [1645316237789, "DIAMOND III", 0, 21], [1645318394618, "DIAMOND III", 21, 22], [1645320339339, "DIAMOND III", 11, 23], [1645323436243, "DIAMOND III", 48, 24], [1645336026890, "DIAMOND III", 38, 25], [1645337828518, "DIAMOND III", 15, 26], [1645341428136, "DIAMOND III", 53, 27], [1645400838595, "DIAMOND III", 15, 28], [1645404428891, "DIAMOND III", 70, 29], [1645404990421, "DIAMOND III", 20, 30], [1645408030757, "DIAMOND III", 0, 31], [1645409834359, "DIAMOND III", 22, 32], [1645422427034, "DIAMOND III", 57, 33], [1645424239370, "DIAMOND III", 20, 34], [1645426453610, "DIAMOND III", 40, 35], [1645428250771, "DIAMOND III", 6, 36], [1645469227303, "DIAMOND III", 29, 37], [1645471460487, "DIAMOND III", 64, 38], [1645494441548, "DIAMOND III", 99, 39], [1645496229779, "DIAMOND II", 47, 40], [1645498477738, "DIAMOND II", 57, 41], [1645500434884, "DIAMOND II", 67, 42], [1645503431296, "DIAMOND II", 77, 43], [1645505233418, "DIAMOND II", 92, 44], [1645507217056, "DIAMOND I", 21, 45], [1645564630798, "DIAMOND I", 31, 46], [1645566433865, "DIAMOND I", 41, 47], [1645568228408, "DIAMOND I", 67, 48], [1645570235047, "DIAMOND I", 80, 49], [1645572027599, "DIAMOND I", 52, 50], [1645575437985, "DIAMOND I", 92, 51], [1645577424793, "MASTER I", 4, 52], [1646466427791, "MASTER I", 0, 52]], "seasonStats": {"games": 53, "avgPlace": 4.056603773584905, "top4": 32, "win": 3, "topCarry": "TFT6_Sivir", "lastMatchId": "NA1_4227376659"}, "queueSeasonStats": {"1090": {"games": 1, "avgPlace": 2, "top4": 1, "win": 0, "topCarry": "TFT6_Sivir", "lastMatchId": "NA1_4227376659"}, "1100": {"games": 52, "avgPlace": 4.096153846153846, "top4": 31, "win": 3, "topCarry": "TFT6_Sivir", "lastMatchId": "NA1_4227376659"}, "1130": {"games": 0, "avgPlace": 0, "top4": 0, "win": 0, "topCarry": "TFT6_Veigar", "lastMatchId": "NA1_4227376659"}, "1150": {"games": 0, "avgPlace": 0, "top4": 0, "win": 0, "topCarry": "TFT6_Veigar", "lastMatchId": "NA1_4227376659"}}}