{"matches": [], "playerInfo": {"tier": "MASTER", "rank": "I", "leaguePoints": 0, "profileIconId": 4425, "name": "pinwheel", "region": "na1", "localRank": [19947, 0.021226038636136303], "globalRank": [101210, 0.019533232743264115]}, "rankHistory": [[1645596634500, "DIAMOND III", 42, 5], [1645671321412, "DIAMOND III", 81, 6], [1645674432447, "DIAMOND III", 47, 7], [1645676232196, "DIAMOND III", 27, 8], [1645678040221, "DIAMOND III", 1, 9], [1645679828877, "DIAMOND III", 11, 10], [1645718133235, "DIAMOND III", 21, 11], [1645739736635, "DIAMOND III", 45, 12], [1645897640955, "DIAMOND III", 14, 13], [1645899442369, "DIAMOND III", 0, 14], [1645901237331, "DIAMOND III", 56, 15], [1645982228631, "DIAMOND III", 22, 16], [1645984794828, "DIAMOND III", 78, 17], [1646098216493, "DIAMOND II", 16, 18], [1646101037532, "DIAMOND II", 66, 19], [1646185645833, "DIAMOND II", 56, 20], [1646187431367, "DIAMOND II", 7, 21], [1646261247505, "DIAMOND II", 0, 22], [1646344642632, "DIAMOND II", 36, 23], [1646375469056, "DIAMOND II", 0, 24], [1646378234501, "DIAMOND II", 24, 25], [1646414239924, "DIAMOND II", 9, 26], [1646434315237, "DIAMOND II", 61, 27], [1646500652167, "DIAMOND II", 51, 28], [1646502452884, "DIAMOND II", 41, 29], [1646504243917, "DIAMOND II", 65, 30], [1646519488872, "DIAMOND II", 32, 31], [1646522249526, "DIAMOND II", 42, 32], [1646588831064, "DIAMOND II", 22, 33], [1646590921952, "DIAMOND II", 58, 34], [1646593071124, "DIAMOND II", 94, 35], [1646668939872, "DIAMOND I", 42, 36], [1646688431493, "DIAMOND I", 88, 37], [1646704051262, "DIAMOND I", 55, 38], [1646706118652, "MASTER I", 4, 39], [1647586028216, "MASTER I", 0, 39], [1652075232414, "MASTER I", 10, 40], [1652077506170, "MASTER I", 23, 41], [1652132028464, "MASTER I", 4, 42], [1652133836540, "MASTER I", 0, 43], [1652199101117, "MASTER I", 18, 44], [1652298107141, "MASTER I", 0, 45], [1652459657140, "MASTER I", 32, 46], [1652461453569, "MASTER I", 0, 47], [1652463254548, "MASTER I", 0, 48], [1652468689776, "MASTER I", 0, 49], [1652470923063, "MASTER I", 0, 50], [1652477116938, "MASTER I", 0, 51], [1652511855911, "MASTER I", 0, 52], [1652554032739, "MASTER I", 0, 53], [1652555833355, "MASTER I", 0, 54], [1652576120960, "MASTER I", 14, 55], [1652577432200, "MASTER I", 0, 56]], "seasonStats": {"games": 59, "avgPlace": 4.610169491525424, "top4": 28, "win": 9, "topCarry": "TFT6_Talon", "lastMatchId": "NA1_4307936627"}, "queueSeasonStats": {"1090": {"games": 3, "avgPlace": 2.6666666666666665, "top4": 2, "win": 1, "topCarry": "TFT6_Jayce", "lastMatchId": "NA1_4307936627"}, "1100": {"games": 56, "avgPlace": 4.714285714285714, "top4": 26, "win": 8, "topCarry": "TFT6_Talon", "lastMatchId": "NA1_4307936627"}, "1130": {"games": 0, "avgPlace": 0, "top4": 0, "win": 0, "topCarry": "TFT6_Veigar", "lastMatchId": "NA1_4307936627"}, "1150": {"games": 0, "avgPlace": 0, "top4": 0, "win": 0, "topCarry": "TFT6_Veigar", "lastMatchId": "NA1_4307936627"}}}