{"matches": [], "playerInfo": {"tier": "MASTER", "rank": "I", "leaguePoints": 0, "profileIconId": 5316, "name": "PuPpEySIN3d", "region": "na1", "localRank": [13489, 0.014352946934849389], "globalRank": [69925, 0.013495113871355909]}, "rankHistory": [[1645211830450, "DIAMOND IV", 42, 5], [1645213939358, "DIAMOND IV", 52, 6], [1645215851384, "DIAMOND IV", 42, 7], [1645219027752, "DIAMOND IV", 52, 8], [1645222628087, "DIAMOND III", 6, 9], [1645224433327, "DIAMOND III", 0, 10], [1645226237135, "DIAMOND III", 10, 11], [1645228031278, "DIAMOND III", 0, 12], [1645996639748, "DIAMOND III", 21, 13], [1645998441379, "DIAMOND III", 31, 14], [1646000988625, "DIAMOND III", 42, 15], [1646003845975, "DIAMOND III", 80, 16], [1646005628977, "DIAMOND II", 2, 17], [1646009793629, "DIAMOND II", 12, 18], [1646014641675, "DIAMOND II", 60, 19], [1646016684717, "DIAMOND II", 13, 20], [1646019006049, "DIAMOND II", 48, 21], [1646021845348, "DIAMOND II", 29, 22], [1646023643617, "DIAMOND II", 39, 23], [1646025987340, "DIAMOND II", 19, 24], [1646027994618, "DIAMOND II", 54, 25], [1646029806422, "DIAMOND II", 33, 26], [1646032635555, "DIAMOND II", 82, 27], [1646034442925, "DIAMOND I", 17, 28], [1646036799282, "DIAMOND I", 36, 29], [1646038810567, "DIAMOND I", 46, 30], [1646040383486, "DIAMOND I", 15, 31], [1646042398964, "DIAMOND I", 28, 32], [1646045238605, "DIAMOND I", 75, 33], [1646101033733, "DIAMOND I", 95, 34], [1646102836064, "DIAMOND I", 85, 35], [1646105187784, "MASTER I", 6, 36], [1646984828188, "MASTER I", 0, 36], [1649890028940, "MASTER I", 0, 37], [1649891829745, "MASTER I", 0, 38], [1649928243573, "MASTER I", 0, 39], [1649930509651, "MASTER I", 39, 40], [1649933229861, "MASTER I", 84, 41], [1649970109781, "MASTER I", 94, 42], [1649971445996, "MASTER I", 42, 43], [1649985846284, "MASTER I", 61, 44], [1650014646641, "MASTER I", 27, 45], [1650016915799, "MASTER I", 48, 46], [1650580764151, "MASTER I", 38, 47], [1650583467984, "MASTER I", 83, 48], [1650587551417, "MASTER I", 129, 49], [1650589351187, "MASTER I", 106, 50], [1650614953873, "MASTER I", 71, 51], [1650617231282, "MASTER I", 116, 52], [1650619466588, "MASTER I", 128, 53], [1650621751877, "MASTER I", 145, 54], [1650623963818, "MASTER I", 188, 55], [1651560889870, "MASTER I", 0, 55]], "seasonStats": {"games": 56, "avgPlace": 4.017857142857143, "top4": 35, "win": 11, "topCarry": "TFT6_Morgana", "lastMatchId": "NA1_4284970471"}, "queueSeasonStats": {"1090": {"games": 1, "avgPlace": 1, "top4": 1, "win": 1, "topCarry": "TFT6_Irelia", "lastMatchId": "NA1_4284970471"}, "1100": {"games": 55, "avgPlace": 4.072727272727272, "top4": 34, "win": 10, "topCarry": "TFT6_Morgana", "lastMatchId": "NA1_4284970471"}, "1130": {"games": 0, "avgPlace": 0, "top4": 0, "win": 0, "topCarry": "TFT6_Veigar", "lastMatchId": "NA1_4284970471"}, "1150": {"games": 0, "avgPlace": 0, "top4": 0, "win": 0, "topCarry": "TFT6_Veigar", "lastMatchId": "NA1_4284970471"}}}