{"matches": [], "playerInfo": {"tier": "MASTER", "rank": "I", "leaguePoints": 0, "profileIconId": 4162, "name": "ra1ninghaL0 0u", "region": "na1", "localRank": [10643, 0.011339023265080432], "globalRank": [56922, 0.010993635619363956]}, "rankHistory": [[1645215426525, "DIAMOND IV", 38, 5], [1645217225324, "DIAMOND IV", 28, 6], [1645220831946, "DIAMOND IV", 0, 7], [1645222625700, "DIAMOND IV", 0, 8], [1645393633655, "DIAMOND IV", 0, 9], [1645395983654, "DIAMOND IV", 55, 10], [1645399035735, "DIAMOND IV", 91, 11], [1645400838472, "DIAMOND III", 40, 12], [1645404430760, "DIAMOND III", 88, 13], [1645406235828, "DIAMOND III", 71, 14], [1645597042312, "DIAMOND III", 38, 15], [1645598841433, "DIAMOND III", 28, 16], [1645667444103, "DIAMOND III", 76, 17], [1645672637495, "DIAMOND II", 10, 18], [1645674922523, "DIAMOND II", 0, 19], [1645678713074, "DIAMOND II", 10, 20], [1645681637242, "DIAMOND II", 43, 21], [1645764437248, "DIAMOND II", 75, 22], [1645768030141, "DIAMOND II", 55, 23], [1645928482377, "DIAMOND II", 45, 24], [1645930276353, "DIAMOND II", 13, 25], [1645935427985, "DIAMOND II", 34, 26], [1645946239256, "DIAMOND II", 44, 27], [1645949838788, "DIAMOND II", 90, 28], [1645951644246, "DIAMOND II", 80, 29], [1646207229443, "DIAMOND II", 46, 30], [1646209303585, "DIAMOND II", 14, 31], [1646210838884, "DIAMOND II", 0, 32], [1646213214586, "DIAMOND III", 75, 33], [1646328104734, "DIAMOND III", 95, 34], [1646330447184, "DIAMOND II", 40, 35], [1646362030648, "DIAMOND II", 50, 36], [1646363841840, "DIAMOND II", 30, 37], [1646365918299, "DIAMOND II", 20, 38], [1646367708715, "DIAMOND II", 0, 39], [1646466447420, "DIAMOND III", 75, 40], [1646468858004, "DIAMOND II", 22, 41], [1646552845408, "DIAMOND II", 12, 42], [1646554650964, "DIAMOND II", 22, 43], [1646557059693, "DIAMOND II", 55, 44], [1646711890557, "DIAMOND II", 21, 45], [1646714839299, "DIAMOND II", 52, 46], [1646716632174, "DIAMOND II", 62, 47], [1646719078943, "DIAMOND I", 6, 48], [1647115114250, "DIAMOND I", 0, 49], [1647117192629, "DIAMOND I", 31, 50], [1647119841638, "DIAMOND I", 74, 51], [1647121939033, "MASTER I", 6, 52], [1648018381151, "MASTER I", 0, 52]], "seasonStats": {"games": 72, "avgPlace": 4.069444444444445, "top4": 38, "win": 13, "topCarry": "TFT6_Sivir", "lastMatchId": "NA1_4283344552"}, "queueSeasonStats": {"1090": {"games": 8, "avgPlace": 3.25, "top4": 6, "win": 2, "topCarry": "TFT6_Jayce", "lastMatchId": "NA1_4283344552"}, "1100": {"games": 52, "avgPlace": 4.173076923076923, "top4": 26, "win": 9, "topCarry": "TFT6_Sivir", "lastMatchId": "NA1_4283344552"}, "1130": {"games": 12, "avgPlace": 4.166666666666667, "top4": 6, "win": 2, "topCarry": "TFT6_Jayce", "lastMatchId": "NA1_4283344552"}, "1150": {"games": 0, "avgPlace": 0, "top4": 0, "win": 0, "topCarry": "TFT6_Veigar", "lastMatchId": "NA1_4283344552"}}}