{"matches": [], "playerInfo": {"tier": "MASTER", "rank": "I", "leaguePoints": 0, "profileIconId": 607, "name": "Riot Hubris", "region": "na1", "localRank": [9516, 0.010121606055094467], "globalRank": [50695, 0.00978215481796451]}, "rankHistory": [[1645096628535, "DIAMOND IV", 58, 5], [1645098429648, "DIAMOND IV", 85, 6], [1645267637081, "DIAMOND IV", 95, 7], [1645841837157, "DIAMOND IV", 75, 8], [1645856750967, "DIAMOND IV", 56, 9], [1645859836334, "DIAMOND IV", 22, 10], [1645861630053, "DIAMOND IV", 32, 11], [1648369034282, "DIAMOND IV", 92, 12], [1649645235850, "DIAMOND IV", 43, 13], [1649648864176, "DIAMOND IV", 6, 14], [1649651065973, "DIAMOND IV", 0, 15], [1649653679613, "DIAMOND IV", 44, 16], [1649656030358, "DIAMOND IV", 54, 17], [1649658259337, "DIAMOND III", 18, 18], [1649746444860, "DIAMOND III", 28, 19], [1649748762338, "DIAMOND III", 0, 20], [1649751430220, "DIAMOND III", 52, 21], [1650087526957, "DIAMOND III", 89, 22], [1650089326388, "DIAMOND II", 26, 23], [1650440363718, "DIAMOND II", 82, 24], [1650685183798, "DIAMOND II", 72, 25], [1650762184268, "DIAMOND II", 82, 26], [1650764379502, "DIAMOND II", 72, 27], [1650766167539, "DIAMOND II", 23, 28], [1650768015404, "DIAMOND II", 0, 29], [1650769794600, "DIAMOND III", 75, 30], [1650772504345, "DIAMOND II", 11, 31], [1650774298729, "DIAMOND II", 0, 32], [1650787779045, "DIAMOND II", 52, 33], [1650826473979, "DIAMOND II", 74, 34], [1650827866045, "DIAMOND II", 28, 35], [1650830079281, "DIAMOND II", 18, 36], [1650832824640, "DIAMOND II", 53, 37], [1650834617586, "DIAMOND II", 33, 38], [1650836410520, "DIAMOND II", 0, 39], [1650838658467, "DIAMOND II", 19, 40], [1650840895841, "DIAMOND II", 0, 41], [1650843210396, "DIAMOND II", 51, 42], [1651630255047, "DIAMOND II", 27, 43], [1651632444647, "DIAMOND II", 17, 44], [1651634743406, "DIAMOND II", 37, 45], [1651636525009, "DIAMOND II", 18, 46], [1651638837656, "DIAMOND II", 55, 47], [1651641108287, "DIAMOND II", 77, 48], [1651643729732, "DIAMOND II", 87, 49], [1651645507390, "DIAMOND II", 54, 50], [1651647340815, "DIAMOND II", 44, 51], [1651649662575, "DIAMOND II", 95, 52], [1651733720351, "DIAMOND I", 5, 53], [1652091480104, "DIAMOND I", 0, 54], [1652093724356, "DIAMOND I", 26, 55], [1652255265475, "DIAMOND I", 0, 56], [1652257547111, "DIAMOND I", 22, 57], [1652259885561, "DIAMOND I", 57, 58], [1652325127145, "MASTER I", 3, 59], [1653202536961, "MASTER I", 0, 59]], "seasonStats": {"games": 91, "avgPlace": 3.901098901098901, "top4": 58, "win": 16, "topCarry": "TFT6_Draven", "lastMatchId": "NA1_4326033914"}, "queueSeasonStats": {"1090": {"games": 3, "avgPlace": 2.3333333333333335, "top4": 3, "win": 0, "topCarry": "TFT6_RekSai", "lastMatchId": "NA1_4326033914"}, "1100": {"games": 59, "avgPlace": 4.4576271186440675, "top4": 30, "win": 8, "topCarry": "TFT6_Sivir", "lastMatchId": "NA1_4326033914"}, "1130": {"games": 0, "avgPlace": 0, "top4": 0, "win": 0, "topCarry": "TFT6_Veigar", "lastMatchId": "NA1_4326033914"}, "1150": {"games": 29, "avgPlace": 2.9310344827586206, "top4": 25, "win": 8, "topCarry": "TFT6_Draven", "lastMatchId": "NA1_4326033914"}}}