{"matches": [], "playerInfo": {"tier": "MASTER", "rank": "I", "leaguePoints": 0, "profileIconId": 29, "name": "RMG PonTD", "region": "na1", "localRank": [8382, 0.008918852487798027], "globalRank": [45205, 0.008724292479275825]}, "rankHistory": [[1645885032540, "DIAMOND IV", 53, 5], [1646471838817, "DIAMOND IV", 43, 6], [1648993649629, "DIAMOND IV", 89, 7], [1648997257165, "DIAMOND III", 46, 8], [1649000242072, "DIAMOND III", 36, 9], [1649040831156, "DIAMOND III", 61, 10], [1649043413758, "DIAMOND II", 18, 11], [1649048491284, "DIAMOND II", 72, 12], [1649051244547, "DIAMOND II", 22, 13], [1649055249024, "DIAMOND II", 0, 14], [1649058435571, "DIAMOND II", 55, 15], [1649061065430, "DIAMOND II", 92, 16], [1649064252037, "DIAMOND II", 48, 17], [1649131295787, "DIAMOND II", 71, 18], [1649133082137, "DIAMOND II", 24, 19], [1649147047231, "DIAMOND II", 45, 20], [1649148853446, "DIAMOND II", 11, 21], [1649152878436, "DIAMOND II", 68, 22], [1649341453213, "DIAMOND II", 78, 23], [1649410668641, "DIAMOND I", 2, 24], [1649418440175, "DIAMOND I", 0, 25], [1649513284987, "DIAMOND I", 53, 26], [1649599684827, "DIAMOND I", 87, 27], [1649602433275, "MASTER I", 36, 28], [1649648260588, "MASTER I", 3, 29], [1649655467825, "MASTER I", 0, 30], [1649657828901, "MASTER I", 10, 31], [1649664092945, "MASTER I", 0, 32], [1649667234903, "MASTER I", 0, 33], [1649735229455, "MASTER I", 33, 34], [1649737438305, "MASTER I", 23, 35], [1649746028997, "MASTER I", 56, 36], [1649834640043, "MASTER I", 103, 37], [1650696869343, "MASTER I", 0, 37], [1651026278614, "MASTER I", 36, 38], [1651123482176, "MASTER I", 0, 39], [1651126209384, "MASTER I", 37, 40], [1651142404522, "MASTER I", 47, 41], [1651195984813, "MASTER I", 98, 42], [1651199082009, "MASTER I", 77, 43], [1651200884184, "MASTER I", 41, 44], [1651222984220, "MASTER I", 0, 45], [1651226083830, "MASTER I", 53, 46], [1651415089411, "MASTER I", 66, 47], [1651417396634, "MASTER I", 115, 48], [1651454684836, "MASTER I", 94, 49], [1651462392597, "MASTER I", 84, 50], [1651464193647, "MASTER I", 37, 51], [1651538436530, "MASTER I", 0, 52], [1652454258232, "MASTER I", 0, 53]], "seasonStats": {"games": 112, "avgPlace": 3.625, "top4": 72, "win": 39, "topCarry": "TFT6b_Vi", "lastMatchId": "NA1_4319216010"}, "queueSeasonStats": {"1090": {"games": 47, "avgPlace": 3.3617021276595747, "top4": 33, "win": 18, "topCarry": "TFT6_Jayce", "lastMatchId": "NA1_4319216010"}, "1100": {"games": 53, "avgPlace": 4.30188679245283, "top4": 28, "win": 11, "topCarry": "TFT6b_Vi", "lastMatchId": "NA1_4319216010"}, "1130": {"games": 0, "avgPlace": 0, "top4": 0, "win": 0, "topCarry": "TFT6_Veigar", "lastMatchId": "NA1_4319216010"}, "1150": {"games": 12, "avgPlace": 1.6666666666666667, "top4": 11, "win": 10, "topCarry": "TFT6b_Vi", "lastMatchId": "NA1_4319216010"}}}