{"matches": [], "playerInfo": {"tier": "MASTER", "rank": "I", "leaguePoints": 0, "profileIconId": 654, "name": "ronsterron3", "region": "na1", "localRank": [17998, 0.01918538337721589], "globalRank": [92241, 0.017825701546030453]}, "rankHistory": [[1645242433063, "DIAMOND III", 25, 5], [1645244374775, "DIAMOND III", 2, 6], [1645246032030, "DIAMOND III", 0, 7], [1645247837764, "DIAMOND IV", 75, 8], [1645249633877, "DIAMOND IV", 65, 9], [1645251435483, "DIAMOND IV", 94, 10], [1645253226654, "DIAMOND III", 4, 11], [1645278431246, "DIAMOND III", 0, 12], [1645280227434, "DIAMOND IV", 75, 13], [1645285981815, "DIAMOND IV", 29, 14], [1645287587891, "DIAMOND IV", 0, 15], [1645289589741, "DIAMOND IV", 10, 16], [1645292832365, "DIAMOND IV", 66, 17], [1645296587047, "DIAMOND IV", 76, 18], [1645298593056, "DIAMOND IV", 86, 19], [1645300387467, "DIAMOND IV", 56, 20], [1645312632302, "DIAMOND IV", 66, 21], [1645314431244, "DIAMOND III", 23, 22], [1645318037942, "DIAMOND III", 45, 23], [1645319832390, "DIAMOND III", 55, 24], [1645321638106, "DIAMOND III", 45, 25], [1645323592262, "DIAMOND II", 1, 26], [1645325613381, "DIAMOND II", 11, 27], [1645328829706, "DIAMOND II", 35, 28], [1645330637980, "DIAMOND II", 86, 29], [1645332590710, "DIAMOND I", 22, 30], [1645372424858, "DIAMOND I", 0, 31], [1645374225850, "DIAMOND II", 75, 32], [1645377430075, "DIAMOND II", 65, 33], [1645381427663, "DIAMOND I", 17, 34], [1645404612176, "DIAMOND I", 68, 35], [1645406786013, "MASTER I", 19, 36], [1645408589331, "MASTER I", 0, 37], [1645411625106, "MASTER I", 22, 38], [1645413425486, "MASTER I", 55, 39], [1645415224897, "MASTER I", 12, 40], [1645417024907, "MASTER I", 46, 41], [1645418824706, "MASTER I", 15, 42], [1645420802932, "MASTER I", 50, 43], [1645422995834, "MASTER I", 60, 44], [1645462025034, "MASTER I", 86, 45], [1645463825628, "MASTER I", 76, 46], [1645467425392, "MASTER I", 86, 47], [1645469410888, "MASTER I", 76, 48], [1645471024357, "MASTER I", 31, 49], [1645472824873, "MASTER I", 10, 50], [1645481825482, "MASTER I", 28, 51], [1645484222011, "MASTER I", 73, 52], [1645486022725, "MASTER I", 27, 53], [1646380025863, "MASTER I", 0, 53]], "seasonStats": {"games": 53, "avgPlace": 4.452830188679245, "top4": 29, "win": 9, "topCarry": "TFT6_Irelia", "lastMatchId": "NA1_4225837160"}, "queueSeasonStats": {"1090": {"games": 0, "avgPlace": 0, "top4": 0, "win": 0, "topCarry": "TFT6_Veigar", "lastMatchId": "NA1_4225837160"}, "1100": {"games": 53, "avgPlace": 4.452830188679245, "top4": 29, "win": 9, "topCarry": "TFT6_Irelia", "lastMatchId": "NA1_4225837160"}, "1130": {"games": 0, "avgPlace": 0, "top4": 0, "win": 0, "topCarry": "TFT6_Veigar", "lastMatchId": "NA1_4225837160"}, "1150": {"games": 0, "avgPlace": 0, "top4": 0, "win": 0, "topCarry": "TFT6_Veigar", "lastMatchId": "NA1_4225837160"}}}