{"matches": [], "playerInfo": {"tier": "MASTER", "rank": "I", "leaguePoints": 0, "profileIconId": 4275, "name": "SeikenX", "region": "na1", "localRank": [10002, 0.01065206347786358], "globalRank": [53435, 0.010317284245959731]}, "rankHistory": [[1652414656470, "DIAMOND III", 44, 6], [1652415121447, "DIAMOND III", 33, 7], [1652424483387, "DIAMOND III", 23, 8], [1652426748213, "DIAMOND III", 46, 9], [1652428544201, "DIAMOND III", 12, 10], [1652487447903, "DIAMOND III", 0, 11], [1652498267639, "DIAMOND IV", 75, 12], [1652500036461, "DIAMOND IV", 41, 13], [1652502912188, "DIAMOND IV", 51, 14], [1652504665231, "DIAMOND IV", 41, 15], [1652506509342, "DIAMOND IV", 0, 16], [1652509074572, "DIAMOND IV", 53, 17], [1652511875456, "DIAMOND III", 9, 18], [1652513670729, "DIAMOND III", 0, 19], [1652577464496, "DIAMOND III", 27, 20], [1652579765614, "DIAMOND III", 80, 21], [1652582569613, "DIAMOND III", 70, 22], [1652585661055, "DIAMOND II", 7, 23], [1652587471179, "DIAMOND II", 0, 24], [1652589778910, "DIAMOND III", 75, 25], [1652592340679, "DIAMOND II", 13, 26], [1652595179801, "DIAMOND II", 50, 27], [1652597738629, "DIAMOND II", 85, 28], [1652599060600, "DIAMOND II", 37, 29], [1652615765963, "DIAMOND II", 27, 30], [1652618488269, "DIAMOND II", 47, 31], [1652620372371, "DIAMOND II", 23, 32], [1652622174392, "DIAMOND II", 0, 33], [1652624282732, "DIAMOND II", 10, 34], [1652626569104, "DIAMOND II", 0, 35], [1652628871355, "DIAMOND II", 47, 36], [1652631189238, "DIAMOND II", 79, 37], [1652683675192, "DIAMOND I", 24, 38], [1652685192985, "DIAMOND I", 0, 39], [1652742276888, "DIAMOND II", 75, 40], [1652746690289, "DIAMOND II", 85, 41], [1652748973884, "DIAMOND II", 51, 42], [1652750727163, "DIAMOND II", 17, 43], [1652753094381, "DIAMOND II", 0, 44], [1652755389407, "DIAMOND II", 10, 45], [1652757470791, "DIAMOND II", 0, 46], [1652760805032, "DIAMOND III", 75, 47], [1652763353739, "DIAMOND III", 94, 48], [1652765684509, "DIAMOND II", 41, 49], [1653005886719, "DIAMOND II", 31, 50], [1653008179105, "DIAMOND II", 74, 51], [1653010504979, "DIAMOND I", 20, 52], [1653012778210, "DIAMOND I", 30, 53], [1653014884353, "DIAMOND I", 61, 54], [1653017135752, "DIAMOND I", 78, 55], [1653019480585, "MASTER I", 19, 56], [1653893753704, "MASTER I", 0, 56]], "seasonStats": {"games": 62, "avgPlace": 4.193548387096774, "top4": 33, "win": 11, "topCarry": "TFT6_Jhin", "lastMatchId": "NA1_4313614734"}, "queueSeasonStats": {"1090": {"games": 6, "avgPlace": 2.8333333333333335, "top4": 5, "win": 2, "topCarry": "TFT6_Corki", "lastMatchId": "NA1_4313614734"}, "1100": {"games": 56, "avgPlace": 4.339285714285714, "top4": 28, "win": 9, "topCarry": "TFT6_Jhin", "lastMatchId": "NA1_4313614734"}, "1130": {"games": 0, "avgPlace": 0, "top4": 0, "win": 0, "topCarry": "TFT6_Veigar", "lastMatchId": "NA1_4313614734"}, "1150": {"games": 0, "avgPlace": 0, "top4": 0, "win": 0, "topCarry": "TFT6_Veigar", "lastMatchId": "NA1_4313614734"}}}