{"matches": [], "playerInfo": {"tier": "MASTER", "rank": "I", "leaguePoints": 0, "profileIconId": 768, "name": "Shivved", "region": "na1", "localRank": [7049, 0.007504796298386187], "globalRank": [39119, 0.0075514465096059484]}, "rankHistory": [[1645067826413, "DIAMOND III", 17, 5], [1645084028061, "DIAMOND III", 44, 6], [1645085825763, "DIAMOND III", 88, 7], [1645226231781, "DIAMOND II", 12, 8], [1645228032482, "DIAMOND II", 2, 9], [1645231634637, "DIAMOND II", 63, 10], [1645300025946, "DIAMOND II", 91, 11], [1645301828859, "DIAMOND II", 45, 12], [1645303628936, "DIAMOND II", 0, 13], [1645305425297, "DIAMOND III", 75, 14], [1645307232942, "DIAMOND II", 1, 15], [1645309534598, "DIAMOND II", 43, 16], [1645312792684, "DIAMOND II", 97, 17], [1645318026933, "DIAMOND I", 24, 18], [1645325240578, "DIAMOND I", 3, 19], [1645472840014, "DIAMOND I", 56, 20], [1645474633909, "DIAMOND I", 96, 21], [1645476424948, "MASTER I", 6, 22], [1645508825544, "MASTER I", 0, 23], [1645510624692, "MASTER I", 22, 24], [1645602632268, "MASTER I", 76, 25], [1645636832609, "MASTER I", 66, 26], [1645638904370, "MASTER I", 76, 27], [1645669025357, "MASTER I", 125, 28], [1645688825365, "MASTER I", 96, 29], [1645690842729, "MASTER I", 117, 30], [1645775224795, "MASTER I", 107, 31], [1645777534135, "MASTER I", 129, 32], [1645780625425, "MASTER I", 114, 33], [1645782425245, "MASTER I", 124, 34], [1645784225543, "MASTER I", 75, 35], [1645786247582, "MASTER I", 126, 36], [1645831252314, "MASTER I", 80, 37], [1645834624889, "MASTER I", 132, 38], [1645837138939, "MASTER I", 152, 39], [1645928761210, "MASTER I", 133, 40], [1645943162404, "MASTER I", 113, 41], [1645946225156, "MASTER I", 151, 42], [1645948024919, "MASTER I", 189, 43], [1645949825000, "MASTER I", 220, 44], [1646005626082, "MASTER I", 230, 45], [1646034423737, "GRANDMASTER I", 230, 45], [1646068623878, "GRANDMASTER I", 214, 46], [1646097423804, "GRANDMASTER I", 224, 47], [1646099473000, "GRANDMASTER I", 179, 48], [1646101586259, "GRANDMASTER I", 150, 49], [1646120825936, "MASTER I", 150, 49], [1646275626436, "MASTER I", 160, 50], [1646290841075, "MASTER I", 136, 51], [1646365626540, "MASTER I", 90, 52], [1646367425583, "MASTER I", 45, 53], [1646369493503, "MASTER I", 81, 54], [1647240429673, "MASTER I", 0, 54]], "seasonStats": {"games": 55, "avgPlace": 4.290909090909091, "top4": 32, "win": 8, "topCarry": "TFT6_Sivir", "lastMatchId": "NA1_4236775710"}, "queueSeasonStats": {"1090": {"games": 0, "avgPlace": 0, "top4": 0, "win": 0, "topCarry": "TFT6_Veigar", "lastMatchId": "NA1_4236775710"}, "1100": {"games": 54, "avgPlace": 4.333333333333333, "top4": 31, "win": 8, "topCarry": "TFT6_Sivir", "lastMatchId": "NA1_4236775710"}, "1130": {"games": 0, "avgPlace": 0, "top4": 0, "win": 0, "topCarry": "TFT6_Veigar", "lastMatchId": "NA1_4236775710"}, "1150": {"games": 1, "avgPlace": 2, "top4": 1, "win": 0, "topCarry": "TFT6_Viktor", "lastMatchId": "NA1_4236775710"}}}