{"matches": [], "playerInfo": {"tier": "MASTER", "rank": "I", "leaguePoints": 75, "profileIconId": 1665, "name": "Shoo1219", "region": "na1", "localRank": [3168, 0.003374294226101146], "globalRank": [16990, 0.0032806574445242566]}, "rankHistory": [[1645451663633, "DIAMOND IV", 72, 5], [1645454838427, "DIAMOND III", 28, 6], [1645456625775, "DIAMOND III", 83, 7], [1645458616856, "DIAMOND III", 62, 8], [1645460825435, "DIAMOND III", 72, 9], [1645462619822, "DIAMOND III", 24, 10], [1645465626547, "DIAMOND III", 0, 11], [1645658715248, "DIAMOND IV", 75, 12], [1645795031933, "DIAMOND IV", 99, 13], [1645796828727, "DIAMOND IV", 89, 14], [1645798627754, "DIAMOND IV", 55, 15], [1645807639422, "DIAMOND IV", 35, 16], [1645809658017, "DIAMOND IV", 25, 17], [1645813754462, "DIAMOND IV", 5, 18], [1645816637828, "DIAMOND IV", 29, 19], [1645818437602, "DIAMOND IV", 66, 20], [1645820940588, "DIAMOND III", 5, 21], [1645825641783, "DIAMOND III", 46, 22], [1645827957246, "DIAMOND III", 82, 23], [1645831035489, "DIAMOND III", 92, 24], [1646187438964, "DIAMOND II", 44, 25], [1646189242517, "DIAMOND II", 54, 26], [1646191289370, "DIAMOND II", 64, 27], [1646193093667, "DIAMOND II", 44, 28], [1646229407166, "DIAMOND II", 25, 29], [1646231444279, "DIAMOND II", 35, 30], [1646243230039, "DIAMOND II", 84, 31], [1646245040849, "DIAMOND II", 74, 32], [1646246844502, "DIAMOND II", 95, 33], [1646249220424, "DIAMOND I", 5, 34], [1646251006850, "DIAMOND I", 0, 35], [1646254036791, "DIAMOND I", 10, 36], [1647363820779, "DIAMOND I", 20, 37], [1647366768615, "DIAMOND I", 68, 38], [1647368934394, "MASTER I", 16, 39], [1648277589983, "MASTER I", 0, 39], [1652126106410, "MASTER I", 21, 40], [1652129230076, "MASTER I", 69, 41], [1652131504280, "MASTER I", 79, 42], [1652138233714, "MASTER I", 128, 44], [1652140038326, "MASTER I", 160, 45], [1652296632234, "MASTER I", 196, 46], [1652298907389, "MASTER I", 186, 47], [1652301243359, "MASTER I", 169, 48], [1652303505973, "MASTER I", 186, 49], [1652305304742, "MASTER I", 155, 50], [1652309233261, "MASTER I", 145, 51], [1653142379212, "MASTER I", 120, 52], [1653288937782, "MASTER I", 0, 52], [1653877550279, "MASTER I", 37, 53], [1653880458083, "MASTER I", 70, 54], [1653882242443, "MASTER I", 60, 55], [1653926150849, "MASTER I", 75, 56]], "seasonStats": {"games": 56, "avgPlace": 3.9642857142857144, "top4": 35, "win": 7, "topCarry": "TFT6_Sivir", "lastMatchId": "NA1_4324925570"}, "queueSeasonStats": {"1090": {"games": 0, "avgPlace": 0, "top4": 0, "win": 0, "topCarry": "TFT6_Veigar", "lastMatchId": "NA1_4324925570"}, "1100": {"games": 56, "avgPlace": 3.9642857142857144, "top4": 35, "win": 7, "topCarry": "TFT6_Sivir", "lastMatchId": "NA1_4324925570"}, "1130": {"games": 0, "avgPlace": 0, "top4": 0, "win": 0, "topCarry": "TFT6_Veigar", "lastMatchId": "NA1_4324925570"}, "1150": {"games": 0, "avgPlace": 0, "top4": 0, "win": 0, "topCarry": "TFT6_Veigar", "lastMatchId": "NA1_4324925570"}}}