{"matches": [], "playerInfo": {"tier": "MASTER", "rank": "I", "leaguePoints": 29, "profileIconId": 6, "name": "SinbooHoangSon", "region": "na1", "localRank": [4648, 0.004945438450145554], "globalRank": [25520, 0.004925057872324823]}, "rankHistory": [[1645795030817, "DIAMOND III", 63, 5], [1645944966162, "DIAMOND III", 16, 6], [1645948035735, "DIAMOND III", 39, 7], [1645964243461, "DIAMOND III", 61, 8], [1645970177675, "DIAMOND III", 84, 9], [1645973242896, "DIAMOND II", 40, 10], [1645975040129, "DIAMOND II", 50, 11], [1646061987864, "DIAMOND II", 60, 12], [1646302640747, "DIAMOND II", 24, 13], [1646327838404, "DIAMOND II", 34, 14], [1646387239102, "DIAMOND II", 3, 15], [1646412428452, "DIAMOND II", 0, 16], [1646513234553, "DIAMOND III", 75, 17], [1646515030670, "DIAMOND III", 98, 18], [1646516843200, "DIAMOND III", 80, 19], [1646587043709, "DIAMOND II", 15, 20], [1646732850644, "DIAMOND II", 66, 21], [1646734652899, "DIAMOND I", 15, 22], [1646737328149, "DIAMOND I", 48, 23], [1646743937274, "DIAMOND I", 33, 24], [1646820144223, "DIAMOND I", 65, 25], [1646822850214, "DIAMOND I", 86, 26], [1646824645183, "DIAMOND I", 76, 27], [1646845343077, "DIAMOND I", 66, 28], [1646847148657, "DIAMOND I", 22, 29], [1646992053677, "DIAMOND I", 56, 30], [1646994158165, "DIAMOND I", 89, 31], [1646995959386, "DIAMOND I", 42, 32], [1646998123387, "DIAMOND I", 89, 33], [1646999924730, "DIAMOND I", 79, 34], [1647001976561, "DIAMOND I", 60, 35], [1647011827967, "MASTER I", 7, 36], [1647058629441, "MASTER I", 39, 37], [1647060428889, "MASTER I", 58, 38], [1647076628750, "MASTER I", 81, 39], [1647078428553, "MASTER I", 97, 40], [1647143227849, "MASTER I", 116, 41], [1647199028268, "MASTER I", 152, 42], [1647200828475, "MASTER I", 162, 43], [1647203316429, "MASTER I", 211, 44], [1647206228725, "MASTER I", 260, 45], [1647316028428, "MASTER I", 227, 46], [1647317828840, "MASTER I", 194, 47], [1647332932300, "MASTER I", 184, 48], [1647334734009, "MASTER I", 142, 49], [1647336151921, "MASTER I", 96, 50], [1647397028757, "MASTER I", 77, 51], [1647399155434, "MASTER I", 112, 52], [1647423220257, "MASTER I", 102, 53], [1647425828556, "MASTER I", 92, 54], [1647512561849, "MASTER I", 82, 55], [1648450400389, "MASTER I", 0, 55], [1653841552924, "MASTER I", 10, 56], [1653843350678, "MASTER I", 0, 57], [1653998156394, "MASTER I", 0, 58], [1653999956228, "MASTER I", 0, 59], [1654068929021, "MASTER I", 29, 60]], "seasonStats": {"games": 61, "avgPlace": 4.295081967213115, "top4": 33, "win": 8, "topCarry": "TFT6_Irelia", "lastMatchId": "NA1_4326947259"}, "queueSeasonStats": {"1090": {"games": 1, "avgPlace": 6, "top4": 0, "win": 0, "topCarry": "TFT6_Irelia", "lastMatchId": "NA1_4326947259"}, "1100": {"games": 60, "avgPlace": 4.266666666666667, "top4": 33, "win": 8, "topCarry": "TFT6_KhaZix", "lastMatchId": "NA1_4326947259"}, "1130": {"games": 0, "avgPlace": 0, "top4": 0, "win": 0, "topCarry": "TFT6_Veigar", "lastMatchId": "NA1_4326947259"}, "1150": {"games": 0, "avgPlace": 0, "top4": 0, "win": 0, "topCarry": "TFT6_Veigar", "lastMatchId": "NA1_4326947259"}}}