{"matches": [], "playerInfo": {"tier": "MASTER", "rank": "I", "leaguePoints": 0, "profileIconId": 4552, "name": "SKPhi18", "region": "na1", "localRank": [16357, 0.017399379421779382], "globalRank": [83985, 0.016206180983589856]}, "rankHistory": [[1645073226225, "DIAMOND IV", 94, 5], [1645075027071, "DIAMOND IV", 48, 6], [1645076826601, "DIAMOND IV", 70, 7], [1645129261248, "DIAMOND III", 16, 8], [1645132630321, "DIAMOND III", 60, 9], [1645134761443, "DIAMOND II", 7, 10], [1645138028285, "DIAMOND II", 0, 11], [1645143425613, "DIAMOND II", 19, 12], [1645161431329, "DIAMOND II", 65, 13], [1645163232017, "DIAMOND II", 86, 14], [1645166826011, "DIAMOND I", 18, 15], [1645215426324, "DIAMOND I", 52, 16], [1645217364545, "DIAMOND I", 72, 17], [1645220827743, "DIAMOND I", 92, 18], [1645426036634, "DIAMOND I", 35, 19], [1645478228751, "DIAMOND I", 0, 20], [1645501633458, "DIAMOND II", 75, 21], [1645503436062, "DIAMOND II", 96, 22], [1645588032493, "DIAMOND I", 40, 23], [1645593440291, "DIAMOND I", 83, 24], [1645598825137, "MASTER I", 25, 25], [1645642024469, "MASTER I", 15, 26], [1645818945008, "MASTER I", 0, 27], [1645820936795, "MASTER I", 0, 28], [1645852625045, "MASTER I", 0, 29], [1645854656058, "MASTER I", 0, 30], [1646166401918, "MASTER I", 10, 31], [1646252225133, "MASTER I", 26, 32], [1646261226230, "MASTER I", 36, 33], [1646279225594, "MASTER I", 7, 34], [1646338642405, "MASTER I", 17, 35], [1646340690733, "MASTER I", 0, 36], [1646371027580, "MASTER I", 29, 37], [1646450503145, "MASTER I", 19, 38], [1646452637615, "MASTER I", 0, 39], [1646459227741, "MASTER I", 0, 40], [1646587903760, "MASTER I", 27, 41], [1646687827699, "MASTER I", 65, 42], [1646714827605, "MASTER I", 102, 43], [1646753274011, "MASTER I", 41, 44], [1646938027717, "MASTER I", 51, 45], [1646942291970, "MASTER I", 80, 46], [1646983695077, "MASTER I", 35, 47], [1647005297499, "MASTER I", 24, 48], [1647119828098, "MASTER I", 0, 49], [1647187114311, "MASTER I", 0, 50], [1647364955347, "MASTER I", 27, 51], [1647446338973, "MASTER I", 53, 52], [1647492428824, "MASTER I", 81, 53], [1647533030639, "MASTER I", 120, 54], [1648052228544, "MASTER I", 130, 55], [1648079228979, "MASTER I", 140, 56], [1648108790159, "MASTER I", 78, 57], [1648263930698, "MASTER I", 107, 58], [1648358228258, "MASTER I", 117, 59], [1648482797831, "MASTER I", 107, 60], [1648494029169, "MASTER I", 117, 61], [1649055216810, "MASTER I", 0, 61]], "seasonStats": {"games": 61, "avgPlace": 4.081967213114754, "top4": 36, "win": 11, "topCarry": "TFT6_Irelia", "lastMatchId": "NA1_4259848353"}, "queueSeasonStats": {"1090": {"games": 0, "avgPlace": 0, "top4": 0, "win": 0, "topCarry": "TFT6_Veigar", "lastMatchId": "NA1_4259848353"}, "1100": {"games": 61, "avgPlace": 4.081967213114754, "top4": 36, "win": 11, "topCarry": "TFT6_Irelia", "lastMatchId": "NA1_4259848353"}, "1130": {"games": 0, "avgPlace": 0, "top4": 0, "win": 0, "topCarry": "TFT6_Veigar", "lastMatchId": "NA1_4259848353"}, "1150": {"games": 0, "avgPlace": 0, "top4": 0, "win": 0, "topCarry": "TFT6_Veigar", "lastMatchId": "NA1_4259848353"}}}