{"matches": [], "playerInfo": {"tier": "MASTER", "rank": "I", "leaguePoints": 0, "profileIconId": 4908, "name": "Songbrd", "region": "na1", "localRank": [12928, 0.013768761908413451], "globalRank": [67400, 0.013013778772711844]}, "rankHistory": [[1645505263419, "PLATINUM II", 45, 5], [1645507048785, "PLATINUM I", 1, 6], [1645766283912, "PLATINUM I", 57, 7], [1645852663069, "PLATINUM I", 47, 8], [1645854448718, "PLATINUM I", 37, 9], [1645856700733, "PLATINUM I", 75, 10], [1646371045121, "DIAMOND IV", 14, 11], [1646372842233, "DIAMOND IV", 24, 12], [1646546506932, "DIAMOND IV", 76, 13], [1646549230662, "DIAMOND III", 12, 14], [1646551655839, "DIAMOND III", 49, 15], [1646553699780, "DIAMOND III", 39, 16], [1646963246494, "DIAMOND III", 49, 17], [1646965042590, "DIAMOND III", 59, 18], [1646966854077, "DIAMOND III", 49, 19], [1646975855259, "DIAMOND III", 59, 20], [1646977633899, "DIAMOND III", 69, 21], [1646980118772, "DIAMOND III", 59, 22], [1646982172673, "DIAMOND III", 69, 23], [1647147532967, "DIAMOND II", 17, 24], [1647150456329, "DIAMOND II", 38, 25], [1647152570436, "DIAMOND II", 58, 26], [1647204437503, "DIAMOND II", 78, 27], [1647479058408, "DIAMOND I", 13, 28], [1647480554619, "DIAMOND I", 0, 29], [1647483459628, "DIAMOND I", 46, 30], [1647489848035, "DIAMOND I", 56, 31], [1647491647788, "DIAMOND I", 37, 32], [1647494231190, "DIAMOND I", 27, 33], [1647722860201, "DIAMOND I", 0, 34], [1647725383294, "DIAMOND I", 47, 35], [1647818586520, "DIAMOND I", 79, 36], [1647820769982, "MASTER I", 1, 37], [1648333804963, "MASTER I", 11, 38], [1648335926716, "MASTER I", 45, 39], [1648357209440, "MASTER I", 55, 40], [1648359498093, "MASTER I", 88, 41], [1648416936538, "MASTER I", 42, 42], [1648418738949, "MASTER I", 23, 43], [1648421229437, "MASTER I", 55, 44], [1648529229170, "MASTER I", 8, 45], [1648531029657, "MASTER I", 45, 46], [1649400826463, "MASTER I", 0, 46], [1650946187427, "MASTER I", 10, 47], [1650947989558, "MASTER I", 0, 48], [1652153630326, "MASTER I", 34, 49], [1652252106196, "MASTER I", 0, 49], [1652499726942, "MASTER I", 0, 50], [1653191730533, "MASTER I", 31, 51], [1653288937258, "MASTER I", 0, 51]], "seasonStats": {"games": 65, "avgPlace": 3.292307692307692, "top4": 47, "win": 14, "topCarry": "TFT6b_Vi", "lastMatchId": "NA1_4326504444"}, "queueSeasonStats": {"1090": {"games": 4, "avgPlace": 2, "top4": 4, "win": 1, "topCarry": "TFT6_Jhin", "lastMatchId": "NA1_4326504444"}, "1100": {"games": 51, "avgPlace": 3.588235294117647, "top4": 35, "win": 7, "topCarry": "TFT6b_Vi", "lastMatchId": "NA1_4326504444"}, "1130": {"games": 10, "avgPlace": 2.3, "top4": 8, "win": 6, "topCarry": "TFT6_Sivir", "lastMatchId": "NA1_4326504444"}, "1150": {"games": 0, "avgPlace": 0, "top4": 0, "win": 0, "topCarry": "TFT6_Veigar", "lastMatchId": "NA1_4326504444"}}}