{"matches": [], "playerInfo": {"tier": "MASTER", "rank": "I", "leaguePoints": 0, "profileIconId": 28, "name": "SoSmallPicker", "region": "na1", "localRank": [6683, 0.0071095669047160585], "globalRank": [36936, 0.007127722393969919]}, "rankHistory": [[1648578266892, "SILVER I", 87, 5], [1648592548748, "GOLD I", 82, 11], [1648594729693, "PLATINUM IV", 14, 12], [1648618166904, "PLATINUM IV", 66, 13], [1648621110896, "PLATINUM III", 42, 14], [1648675760986, "PLATINUM III", 83, 15], [1648678711075, "PLATINUM II", 1, 16], [1648680505714, "PLATINUM II", 43, 17], [1648684099919, "PLATINUM II", 84, 18], [1648702072654, "PLATINUM I", 5, 19], [1648704542150, "PLATINUM I", 61, 20], [1648720870250, "DIAMOND IV", 0, 23], [1648765858916, "DIAMOND IV", 30, 24], [1648918453643, "DIAMOND IV", 46, 25], [1648920651369, "DIAMOND IV", 98, 26], [1648923450565, "DIAMOND III", 25, 27], [1648926074444, "DIAMOND III", 55, 28], [1648928201282, "DIAMOND III", 65, 29], [1649030041322, "DIAMOND III", 88, 30], [1649032267206, "DIAMOND II", 12, 31], [1649034426059, "DIAMOND II", 0, 32], [1649037223515, "DIAMOND II", 25, 33], [1649039481065, "DIAMOND II", 0, 34], [1649042250206, "DIAMOND II", 24, 35], [1649055675586, "DIAMOND II", 47, 36], [1649057839308, "DIAMOND II", 26, 37], [1649060241950, "DIAMOND II", 65, 38], [1649364472262, "DIAMOND II", 12, 39], [1649368071765, "DIAMOND II", 44, 40], [1649369851605, "DIAMOND II", 1, 41], [1649373459500, "DIAMOND II", 46, 42], [1649375238040, "DIAMOND II", 15, 43], [1649478236246, "DIAMOND II", 0, 44], [1649485052098, "DIAMOND II", 31, 45], [1649487235231, "DIAMOND II", 44, 46], [1649489862842, "DIAMOND II", 85, 47], [1649491663624, "DIAMOND II", 27, 48], [1649564233610, "DIAMOND II", 37, 49], [1649650071174, "DIAMOND II", 80, 50], [1649652877690, "DIAMOND I", 10, 51], [1649654649403, "DIAMOND I", 0, 52], [1649657287259, "DIAMOND I", 10, 53], [1649735273221, "DIAMOND I", 0, 54], [1649737066384, "DIAMOND II", 75, 55], [1649739257940, "DIAMOND II", 90, 56], [1649741901382, "DIAMOND I", 1, 57], [1649790119913, "DIAMOND I", 0, 58], [1649792851917, "DIAMOND I", 24, 59], [1649795551888, "DIAMOND I", 62, 60], [1649797328296, "DIAMOND I", 86, 61], [1649799495329, "DIAMOND I", 99, 62], [1649801829639, "MASTER I", 12, 63], [1650696869350, "MASTER I", 0, 63]], "seasonStats": {"games": 64, "avgPlace": 3.015625, "top4": 50, "win": 16, "topCarry": "TFT6_Vex", "lastMatchId": "NA1_4275230145"}, "queueSeasonStats": {"1090": {"games": 1, "avgPlace": 8, "top4": 0, "win": 0, "topCarry": "TFT6_Veigar", "lastMatchId": "NA1_4275230145"}, "1100": {"games": 63, "avgPlace": 2.9365079365079363, "top4": 50, "win": 16, "topCarry": "TFT6_Vex", "lastMatchId": "NA1_4275230145"}, "1130": {"games": 0, "avgPlace": 0, "top4": 0, "win": 0, "topCarry": "TFT6_Veigar", "lastMatchId": "NA1_4275230145"}, "1150": {"games": 0, "avgPlace": 0, "top4": 0, "win": 0, "topCarry": "TFT6_Veigar", "lastMatchId": "NA1_4275230145"}}}