{"matches": [], "playerInfo": {"tier": "MASTER", "rank": "I", "leaguePoints": 0, "profileIconId": 1625, "name": "stepee2", "region": "na1", "localRank": [7998, 0.008518959958331868], "globalRank": [43662, 0.008430904123809282]}, "rankHistory": [[1648274077758, "SILVER I", 15, 5], [1648276011707, "SILVER I", 98, 6], [1648358748562, "SILVER I", 80, 7], [1648376420144, "GOLD IV", 65, 8], [1648615793570, "GOLD IV", 55, 9], [1649748252393, "GOLD III", 33, 10], [1649749845938, "GOLD II", 7, 11], [1649753561956, "GOLD II", 51, 12], [1649755313060, "GOLD II", 75, 13], [1649757177203, "GOLD I", 41, 14], [1651692255779, "GOLD I", 1, 15], [1651791195358, "GOLD I", 68, 17], [1651798111001, "PLATINUM IV", 32, 18], [1651799950205, "PLATINUM IV", 92, 19], [1651804344114, "PLATINUM III", 59, 20], [1651807160064, "PLATINUM II", 16, 21], [1651808962680, "PLATINUM II", 66, 22], [1651850288447, "PLATINUM II", 36, 23], [1651852167915, "PLATINUM II", 2, 24], [1651853912475, "PLATINUM II", 0, 25], [1651855731058, "PLATINUM III", 75, 26], [1651857522919, "PLATINUM III", 43, 27], [1651861949747, "PLATINUM III", 0, 28], [1651864827683, "PLATINUM III", 59, 29], [1651866591231, "PLATINUM II", 9, 30], [1651869083145, "PLATINUM II", 66, 31], [1651870889532, "PLATINUM II", 45, 32], [1651872680832, "PLATINUM II", 13, 33], [1651877408605, "PLATINUM II", 83, 35], [1651879989387, "PLATINUM I", 34, 36], [1651882817196, "PLATINUM I", 87, 37], [1651892647028, "DIAMOND IV", 12, 38], [1651894437653, "DIAMOND IV", 52, 39], [1651901104692, "DIAMOND IV", 32, 40], [1651964139581, "DIAMOND IV", 68, 41], [1651967277332, "DIAMOND III", 19, 42], [1651968698170, "DIAMOND III", 29, 43], [1651970525781, "DIAMOND III", 8, 44], [1651974484961, "DIAMOND III", 47, 45], [1651974948258, "DIAMOND III", 13, 46], [1651977724992, "DIAMOND III", 51, 47], [1652039706384, "DIAMOND III", 61, 48], [1652042075956, "DIAMOND III", 71, 49], [1652044299977, "DIAMOND II", 21, 50], [1652050056450, "DIAMOND II", 56, 51], [1652051070502, "DIAMOND II", 66, 52], [1652055145062, "DIAMOND I", 14, 53], [1652063668201, "DIAMOND I", 48, 54], [1652065974307, "DIAMOND I", 26, 55], [1652068055376, "DIAMOND I", 78, 56], [1652072118265, "DIAMOND I", 60, 57], [1652074433541, "MASTER I", 12, 58], [1652943329041, "MASTER I", 0, 58]], "seasonStats": {"games": 58, "avgPlace": 3.189655172413793, "top4": 40, "win": 25, "topCarry": "TFT6_Viktor", "lastMatchId": "NA1_4301685025"}, "queueSeasonStats": {"1090": {"games": 0, "avgPlace": 0, "top4": 0, "win": 0, "topCarry": "TFT6_Veigar", "lastMatchId": "NA1_4301685025"}, "1100": {"games": 58, "avgPlace": 3.189655172413793, "top4": 40, "win": 25, "topCarry": "TFT6_Viktor", "lastMatchId": "NA1_4301685025"}, "1130": {"games": 0, "avgPlace": 0, "top4": 0, "win": 0, "topCarry": "TFT6_Veigar", "lastMatchId": "NA1_4301685025"}, "1150": {"games": 0, "avgPlace": 0, "top4": 0, "win": 0, "topCarry": "TFT6_Veigar", "lastMatchId": "NA1_4301685025"}}}