{"matches": [], "playerInfo": {"tier": "MASTER", "rank": "I", "leaguePoints": 0, "profileIconId": 29, "name": "swedishmeatballs", "region": "na1", "localRank": [9944, 0.01059724603748893], "globalRank": [53731, 0.010380663615958529]}, "rankHistory": [[1648402539585, "DIAMOND III", 28, 5], [1648404016767, "DIAMOND III", 0, 6], [1648405831783, "DIAMOND IV", 75, 7], [1648589782555, "DIAMOND III", 1, 8], [1648592235591, "DIAMOND III", 23, 9], [1648653460782, "DIAMOND III", 75, 10], [1648655253362, "DIAMOND III", 63, 11], [1648657426156, "DIAMOND III", 30, 12], [1648659663274, "DIAMOND III", 20, 13], [1648677234792, "DIAMOND III", 35, 14], [1648679466797, "DIAMOND III", 16, 15], [1648681265742, "DIAMOND III", 44, 16], [1648855857009, "DIAMOND III", 11, 17], [1648948654615, "DIAMOND III", 65, 18], [1648950832516, "DIAMOND III", 75, 19], [1648953078335, "DIAMOND III", 85, 20], [1648954854115, "DIAMOND III", 75, 21], [1648957037042, "DIAMOND III", 65, 22], [1649604234991, "DIAMOND III", 30, 23], [1649617327351, "DIAMOND III", 0, 24], [1649619480363, "DIAMOND III", 56, 25], [1649622270088, "DIAMOND II", 10, 26], [1649623647606, "DIAMOND II", 0, 27], [1649719053034, "DIAMOND II", 51, 28], [1649792867520, "DIAMOND I", 1, 29], [1649794646349, "DIAMOND I", 0, 30], [1649796859472, "DIAMOND I", 47, 31], [1649799127856, "DIAMOND I", 15, 32], [1650199652318, "DIAMOND I", 0, 33], [1650202366720, "DIAMOND I", 37, 34], [1650305354069, "DIAMOND I", 47, 35], [1650308070975, "DIAMOND I", 81, 36], [1650311674644, "DIAMOND I", 71, 37], [1650313956229, "DIAMOND I", 52, 38], [1650316631102, "MASTER I", 4, 39], [1650318857798, "MASTER I", 0, 40], [1650376461704, "MASTER I", 50, 41], [1650378741037, "MASTER I", 40, 42], [1650380938844, "MASTER I", 74, 43], [1650399431910, "MASTER I", 94, 44], [1650401232211, "MASTER I", 104, 45], [1650403466219, "MASTER I", 114, 46], [1650405739988, "MASTER I", 145, 47], [1650407940434, "MASTER I", 155, 48], [1650409739985, "MASTER I", 118, 49], [1650661354654, "MASTER I", 87, 50], [1650978583561, "MASTER I", 77, 51], [1650980831124, "MASTER I", 95, 52], [1650983568801, "MASTER I", 85, 53], [1651441632118, "MASTER I", 65, 54], [1651443430232, "MASTER I", 32, 55], [1651820098804, "MASTER I", 0, 55], [1652032029893, "MASTER I", 46, 56], [1652034309764, "MASTER I", 25, 57], [1652036634283, "MASTER I", 0, 58], [1653195889190, "MASTER I", 0, 59], [1653197135891, "MASTER I", 0, 60]], "seasonStats": {"games": 60, "avgPlace": 4.333333333333333, "top4": 29, "win": 10, "topCarry": "TFT6_Sivir", "lastMatchId": "NA1_4315899194"}, "queueSeasonStats": {"1090": {"games": 0, "avgPlace": 0, "top4": 0, "win": 0, "topCarry": "TFT6_Veigar", "lastMatchId": "NA1_4315899194"}, "1100": {"games": 60, "avgPlace": 4.333333333333333, "top4": 29, "win": 10, "topCarry": "TFT6_Sivir", "lastMatchId": "NA1_4315899194"}, "1130": {"games": 0, "avgPlace": 0, "top4": 0, "win": 0, "topCarry": "TFT6_Veigar", "lastMatchId": "NA1_4315899194"}, "1150": {"games": 0, "avgPlace": 0, "top4": 0, "win": 0, "topCarry": "TFT6_Veigar", "lastMatchId": "NA1_4315899194"}}}