{"matches": [], "playerInfo": {"tier": "MASTER", "rank": "I", "leaguePoints": 0, "profileIconId": 538, "name": "taegun 3cm", "region": "na1", "localRank": [18048, 0.019204719457653955], "globalRank": [92267, 0.017807150033832177]}, "rankHistory": [[1645222923880, "PLATINUM I", 78, 5], [1645431430078, "DIAMOND IV", 4, 6], [1645580826709, "DIAMOND IV", 64, 7], [1645642025793, "DIAMOND IV", 45, 8], [1645651038890, "DIAMOND IV", 25, 9], [1645732037434, "DIAMOND IV", 64, 10], [1645735629351, "DIAMOND III", 21, 11], [1645742834053, "DIAMOND III", 78, 12], [1645750038629, "DIAMOND III", 46, 13], [1645755428301, "DIAMOND III", 77, 14], [1645759034985, "DIAMOND II", 15, 15], [1645760830488, "DIAMOND II", 0, 16], [1645816639185, "DIAMOND II", 36, 17], [1645823843668, "DIAMOND II", 0, 18], [1646003828779, "DIAMOND II", 10, 19], [1646006181389, "DIAMOND II", 20, 20], [1646018239758, "DIAMOND II", 0, 21], [1646074589374, "DIAMOND III", 75, 22], [1646173047256, "DIAMOND III", 65, 23], [1646178446020, "DIAMOND III", 17, 24], [1646242018555, "DIAMOND III", 65, 25], [1646260024964, "DIAMOND III", 86, 26], [1646263039940, "DIAMOND III", 68, 27], [1646333242016, "DIAMOND III", 80, 28], [1646371051220, "DIAMOND II", 30, 29], [1646776696472, "DIAMOND II", 0, 30], [1646782094094, "DIAMOND III", 75, 31], [1646790726353, "DIAMOND III", 28, 32], [1646799428724, "DIAMOND III", 78, 33], [1646801229972, "DIAMOND III", 88, 34], [1646803693953, "DIAMOND II", 11, 35], [1646806638245, "DIAMOND II", 60, 36], [1646853434913, "DIAMOND II", 82, 37], [1646857349352, "DIAMOND II", 48, 38], [1646862434654, "DIAMOND II", 13, 39], [1646867842680, "DIAMOND II", 62, 40], [1646870545260, "DIAMOND I", 10, 41], [1646930835075, "DIAMOND I", 0, 42], [1646965359468, "DIAMOND II", 75, 43], [1646967498738, "DIAMOND I", 21, 44], [1646970447232, "DIAMOND I", 31, 45], [1646972229523, "DIAMOND I", 10, 46], [1646974041474, "DIAMOND I", 20, 47], [1646975836046, "DIAMOND I", 0, 48], [1646978297412, "DIAMOND I", 30, 49], [1647025380010, "DIAMOND I", 64, 50], [1647037362686, "DIAMOND I", 94, 51], [1647051444341, "DIAMOND I", 84, 52], [1647068329808, "DIAMOND I", 94, 53], [1647070113674, "DIAMOND I", 71, 54], [1647204434703, "DIAMOND I", 92, 55], [1647206543353, "MASTER I", 26, 56], [1647214119739, "MASTER I", 0, 57], [1647217992733, "MASTER I", 42, 58], [1647222746383, "MASTER I", 85, 59], [1648104782922, "MASTER I", 0, 59]], "seasonStats": {"games": 114, "avgPlace": 4.026315789473684, "top4": 66, "win": 20, "topCarry": "TFT6b_Vi", "lastMatchId": "NA1_4316651061"}, "queueSeasonStats": {"1090": {"games": 10, "avgPlace": 4.3, "top4": 6, "win": 0, "topCarry": "TFT6_KhaZix", "lastMatchId": "NA1_4316651061"}, "1100": {"games": 59, "avgPlace": 3.9322033898305087, "top4": 36, "win": 14, "topCarry": "TFT6_ChoGath", "lastMatchId": "NA1_4316651061"}, "1130": {"games": 0, "avgPlace": 0, "top4": 0, "win": 0, "topCarry": "TFT6_Veigar", "lastMatchId": "NA1_4316651061"}, "1150": {"games": 45, "avgPlace": 4.088888888888889, "top4": 24, "win": 6, "topCarry": "TFT6b_Vi", "lastMatchId": "NA1_4316651061"}}}