{"matches": [], "playerInfo": {"tier": "MASTER", "rank": "I", "leaguePoints": 0, "profileIconId": 4903, "name": "TeeeEnn", "region": "na1", "localRank": [18950, 0.020160754086675284], "globalRank": [96471, 0.018617038726975958]}, "rankHistory": [[1645426031731, "DIAMOND IV", 26, 5], [1645975787957, "DIAMOND IV", 64, 6], [1645978641723, "DIAMOND III", 18, 7], [1646187444564, "DIAMOND III", 56, 8], [1646189236968, "DIAMOND III", 80, 9], [1646581919412, "DIAMOND III", 60, 10], [1646584318797, "DIAMOND III", 70, 11], [1646586118908, "DIAMOND III", 25, 12], [1646672283319, "DIAMOND III", 79, 13], [1646696831670, "DIAMOND III", 45, 14], [1646697730752, "DIAMOND III", 0, 15], [1646699538010, "DIAMOND IV", 75, 16], [1646721125180, "DIAMOND IV", 97, 17], [1646723831272, "DIAMOND III", 19, 18], [1647049650200, "DIAMOND III", 29, 19], [1647052393509, "DIAMOND III", 64, 20], [1647613775601, "DIAMOND III", 17, 21], [1647618450701, "DIAMOND III", 27, 22], [1647836253359, "DIAMOND III", 6, 23], [1647838775248, "DIAMOND III", 16, 24], [1647840599599, "DIAMOND III", 0, 25], [1647842684903, "DIAMOND III", 36, 26], [1647874034382, "DIAMOND III", 18, 27], [1647876576433, "DIAMOND III", 8, 28], [1648082845341, "DIAMOND III", 18, 29], [1648345650052, "DIAMOND III", 0, 30], [1648347462253, "DIAMOND IV", 75, 31], [1648349605596, "DIAMOND IV", 58, 32], [1648674069056, "DIAMOND IV", 38, 33], [1648676177439, "DIAMOND IV", 60, 34], [1648677650846, "DIAMOND IV", 50, 35], [1649012837173, "DIAMOND IV", 72, 36], [1649015234967, "DIAMOND III", 6, 37], [1649518304909, "DIAMOND III", 16, 38], [1649635673187, "DIAMOND III", 68, 39], [1649638470820, "DIAMOND II", 15, 40], [1649899940590, "DIAMOND II", 25, 41], [1649902114346, "DIAMOND II", 70, 42], [1650074081332, "DIAMOND II", 51, 43], [1650207781590, "DIAMOND II", 83, 44], [1650209976668, "DIAMOND II", 93, 45], [1650212242608, "DIAMOND I", 13, 46], [1650245551884, "DIAMOND I", 0, 47], [1650247746147, "DIAMOND I", 10, 48], [1650250067965, "DIAMOND I", 20, 49], [1650251872261, "DIAMOND I", 0, 50], [1650254971520, "DIAMOND I", 10, 51], [1650333287288, "DIAMOND I", 0, 52], [1650335544357, "DIAMOND I", 32, 53], [1650337754150, "DIAMOND I", 75, 54], [1650386831372, "MASTER I", 6, 55], [1651301688280, "MASTER I", 0, 55]], "seasonStats": {"games": 110, "avgPlace": 3.5636363636363635, "top4": 76, "win": 29, "topCarry": "TFT6_Jayce", "lastMatchId": "NA1_4326187035"}, "queueSeasonStats": {"1090": {"games": 36, "avgPlace": 3.25, "top4": 27, "win": 11, "topCarry": "TFT6_Jayce", "lastMatchId": "NA1_4326187035"}, "1100": {"games": 55, "avgPlace": 4.109090909090909, "top4": 35, "win": 7, "topCarry": "TFT6_KhaZix", "lastMatchId": "NA1_4326187035"}, "1130": {"games": 4, "avgPlace": 2.5, "top4": 3, "win": 1, "topCarry": "TFT6_KhaZix", "lastMatchId": "NA1_4326187035"}, "1150": {"games": 15, "avgPlace": 2.6, "top4": 11, "win": 10, "topCarry": "TFT6_Jinx", "lastMatchId": "NA1_4326187035"}}}