{"matches": [], "playerInfo": {"tier": "MASTER", "rank": "I", "leaguePoints": 0, "profileIconId": 20, "name": "thataiintfalco", "region": "na1", "localRank": [14151, 0.015076452990360275], "globalRank": [73558, 0.014207009638663585]}, "rankHistory": [[1645211961339, "DIAMOND IV", 79, 5], [1645215430724, "DIAMOND III", 15, 6], [1645219028754, "DIAMOND III", 0, 7], [1645235549628, "DIAMOND IV", 75, 8], [1645237362621, "DIAMOND IV", 56, 9], [1645240632922, "DIAMOND IV", 66, 10], [1645242439010, "DIAMOND IV", 45, 11], [1645318028358, "DIAMOND IV", 35, 12], [1645319827492, "DIAMOND IV", 65, 13], [1645323438221, "DIAMOND IV", 17, 14], [1645336193926, "DIAMOND IV", 27, 15], [1645338354024, "DIAMOND IV", 0, 16], [1645482275281, "DIAMOND IV", 66, 17], [1645490831078, "DIAMOND IV", 76, 18], [1645492642047, "DIAMOND IV", 93, 19], [1645494431168, "DIAMOND IV", 67, 20], [1645511076328, "DIAMOND III", 16, 21], [1645512428060, "DIAMOND III", 0, 22], [1645577227831, "DIAMOND IV", 75, 23], [1645579031251, "DIAMOND IV", 29, 24], [1645769831139, "DIAMOND IV", 39, 25], [1645809960034, "DIAMOND IV", 18, 26], [1645903574435, "DIAMOND IV", 0, 27], [1645906628148, "DIAMOND IV", 49, 28], [1645908677283, "DIAMOND IV", 73, 29], [1645912037896, "DIAMOND IV", 63, 30], [1646027474667, "DIAMOND III", 20, 31], [1646029292913, "DIAMOND III", 1, 32], [1646084839695, "DIAMOND III", 11, 33], [1646087194740, "DIAMOND III", 34, 34], [1646090232955, "DIAMOND III", 95, 35], [1646092035365, "DIAMOND III", 48, 36], [1646120844490, "DIAMOND III", 71, 37], [1646123429876, "DIAMOND II", 12, 38], [1646126243414, "DIAMOND II", 22, 39], [1646196437471, "DIAMOND II", 43, 40], [1646198492114, "DIAMOND II", 33, 41], [1646248637726, "DIAMOND II", 11, 42], [1646250431351, "DIAMOND II", 21, 43], [1646252819377, "DIAMOND II", 74, 44], [1646255828273, "DIAMOND II", 84, 45], [1646281046510, "DIAMOND I", 37, 46], [1646282847161, "DIAMOND I", 59, 47], [1646284650476, "DIAMOND I", 42, 48], [1646338660231, "DIAMOND I", 78, 49], [1646340432857, "DIAMOND I", 34, 50], [1646355436508, "DIAMOND I", 70, 51], [1646357466876, "DIAMOND I", 80, 52], [1646361050338, "MASTER I", 16, 53], [1646887927799, "MASTER I", 0, 54], [1646891228055, "MASTER I", 10, 55], [1646966828733, "MASTER I", 0, 56], [1646968628065, "MASTER I", 0, 57], [1646971355230, "MASTER I", 19, 58], [1646974027855, "MASTER I", 9, 59], [1646975827977, "MASTER I", 0, 60]], "seasonStats": {"games": 60, "avgPlace": 4.516666666666667, "top4": 33, "win": 5, "topCarry": "TFT6_Draven", "lastMatchId": "NA1_4243471193"}, "queueSeasonStats": {"1090": {"games": 0, "avgPlace": 0, "top4": 0, "win": 0, "topCarry": "TFT6_Veigar", "lastMatchId": "NA1_4243471193"}, "1100": {"games": 60, "avgPlace": 4.516666666666667, "top4": 33, "win": 5, "topCarry": "TFT6_Draven", "lastMatchId": "NA1_4243471193"}, "1130": {"games": 0, "avgPlace": 0, "top4": 0, "win": 0, "topCarry": "TFT6_Veigar", "lastMatchId": "NA1_4243471193"}, "1150": {"games": 0, "avgPlace": 0, "top4": 0, "win": 0, "topCarry": "TFT6_Veigar", "lastMatchId": "NA1_4243471193"}}}