{"matches": [], "playerInfo": {"tier": "MASTER", "rank": "I", "leaguePoints": 0, "profileIconId": 4496, "name": "The Jedga", "region": "na1", "localRank": [9044, 0.00963312328778796], "globalRank": [48753, 0.009414111415669717]}, "rankHistory": [[1645481826480, "DIAMOND IV", 30, 5], [1646533310644, "DIAMOND IV", 71, 6], [1646594240781, "DIAMOND IV", 99, 7], [1646601445585, "DIAMOND IV", 89, 8], [1647269255447, "DIAMOND IV", 56, 9], [1650126286022, "DIAMOND IV", 6, 10], [1650252280784, "DIAMOND IV", 16, 11], [1650254557411, "DIAMOND IV", 6, 12], [1650505191449, "DIAMOND IV", 32, 13], [1650507433087, "DIAMOND IV", 54, 14], [1650682067350, "DIAMOND III", 16, 15], [1650729777629, "DIAMOND III", 0, 16], [1650731614496, "DIAMOND IV", 75, 17], [1650757630905, "DIAMOND IV", 63, 18], [1650837313335, "DIAMOND IV", 85, 19], [1650839105009, "DIAMOND IV", 64, 20], [1650923233421, "DIAMOND IV", 28, 21], [1651172127901, "DIAMOND IV", 83, 22], [1651199617936, "DIAMOND IV", 65, 23], [1651452454643, "DIAMOND IV", 75, 24], [1651455191628, "DIAMOND IV", 86, 25], [1651545231557, "DIAMOND IV", 67, 26], [1651611804391, "DIAMOND III", 4, 27], [1651683300002, "DIAMOND III", 26, 28], [1651707252991, "DIAMOND III", 79, 29], [1651709466085, "DIAMOND II", 30, 30], [1651771542568, "DIAMOND II", 81, 31], [1651877236921, "DIAMOND I", 30, 32], [1651889832588, "DIAMOND I", 49, 33], [1651892117334, "DIAMOND I", 99, 34], [1651934027250, "MASTER I", 17, 35], [1651936270619, "MASTER I", 0, 36], [1651948425553, "MASTER I", 49, 37], [1651957423432, "MASTER I", 16, 38], [1652050033421, "MASTER I", 0, 39], [1652056890513, "MASTER I", 10, 40], [1652059036893, "MASTER I", 0, 41], [1652123495120, "MASTER I", 43, 42], [1652125632234, "MASTER I", 12, 43], [1652148711993, "MASTER I", 22, 44], [1652150830497, "MASTER I", 0, 45], [1652289910153, "MASTER I", 45, 46], [1652292316925, "MASTER I", 56, 47], [1652297110209, "MASTER I", 9, 48], [1652314632209, "MASTER I", 0, 49], [1652384047875, "MASTER I", 19, 50], [1652386315332, "MASTER I", 29, 51], [1652407916073, "MASTER I", 19, 52], [1652450657712, "MASTER I", 0, 53], [1652626521245, "MASTER I", 0, 54]], "seasonStats": {"games": 54, "avgPlace": 4.462962962962963, "top4": 29, "win": 10, "topCarry": "TFT6_Draven", "lastMatchId": "NA1_4308548273"}, "queueSeasonStats": {"1090": {"games": 0, "avgPlace": 0, "top4": 0, "win": 0, "topCarry": "TFT6_Veigar", "lastMatchId": "NA1_4308548273"}, "1100": {"games": 54, "avgPlace": 4.462962962962963, "top4": 29, "win": 10, "topCarry": "TFT6_Draven", "lastMatchId": "NA1_4308548273"}, "1130": {"games": 0, "avgPlace": 0, "top4": 0, "win": 0, "topCarry": "TFT6_Veigar", "lastMatchId": "NA1_4308548273"}, "1150": {"games": 0, "avgPlace": 0, "top4": 0, "win": 0, "topCarry": "TFT6_Veigar", "lastMatchId": "NA1_4308548273"}}}