{"matches": [], "playerInfo": {"tier": "MASTER", "rank": "I", "leaguePoints": 0, "profileIconId": 654, "name": "TigerHD", "region": "na1", "localRank": [20900, 0.022228178097693375], "globalRank": [105640, 0.02038341032746593]}, "rankHistory": [[1645053425515, "DIAMOND II", 3, 5], [1645055225394, "DIAMOND II", 66, 6], [1645057026271, "DIAMOND II", 90, 7], [1645060625659, "DIAMOND I", 31, 8], [1645087627036, "DIAMOND I", 42, 9], [1645132625623, "DIAMOND I", 7, 10], [1645136226451, "DIAMOND I", 29, 11], [1645138025417, "DIAMOND I", 66, 12], [1645139828597, "DIAMOND I", 56, 13], [1645141625825, "DIAMOND I", 21, 14], [1645143533294, "DIAMOND I", 78, 15], [1645145231161, "DIAMOND I", 33, 16], [1645147027100, "DIAMOND I", 0, 17], [1645148828161, "DIAMOND II", 75, 18], [1645150630779, "DIAMOND II", 30, 19], [1645152425377, "DIAMOND II", 89, 20], [1645154593180, "DIAMOND II", 99, 21], [1645157830112, "DIAMOND I", 52, 22], [1645159630595, "DIAMOND I", 6, 23], [1645208233640, "DIAMOND I", 0, 24], [1645210028180, "DIAMOND II", 75, 25], [1645211826214, "DIAMOND II", 85, 26], [1645213632288, "DIAMOND II", 40, 27], [1645215428785, "DIAMOND II", 7, 28], [1645217227490, "DIAMOND II", 61, 29], [1645219033692, "DIAMOND II", 51, 30], [1645220825646, "DIAMOND II", 32, 31], [1645222629094, "DIAMOND II", 85, 32], [1645228033048, "DIAMOND I", 7, 33], [1645229826709, "DIAMOND I", 0, 34], [1645231631477, "DIAMOND II", 75, 35], [1645233429214, "DIAMOND I", 28, 36], [1645235226940, "DIAMOND I", 18, 37], [1645237032253, "DIAMOND I", 66, 38], [1645240624269, "MASTER I", 15, 39], [1645251570771, "MASTER I", 5, 40], [1645253688572, "MASTER I", 15, 41], [1645256824724, "MASTER I", 49, 42], [1645258624531, "MASTER I", 7, 43], [1645260424906, "MASTER I", 0, 44], [1645262224595, "MASTER I", 33, 45], [1645292824681, "MASTER I", 0, 46], [1645294625017, "MASTER I", 10, 47], [1645296577966, "MASTER I", 0, 48], [1645300024778, "MASTER I", 34, 49], [1645301824778, "MASTER I", 44, 50], [1645303624909, "MASTER I", 79, 51], [1645309024932, "MASTER I", 126, 52], [1645310824384, "MASTER I", 116, 53], [1645312625181, "MASTER I", 70, 54], [1645314425189, "MASTER I", 43, 55], [1645316224917, "MASTER I", 0, 56], [1645318024944, "MASTER I", 10, 57], [1645319982629, "MASTER I", 0, 58], [1645321996543, "MASTER I", 0, 59], [1645323799437, "MASTER I", 0, 60], [1645325606289, "MASTER I", 0, 61], [1646443025841, "MASTER I", 0, 62]], "seasonStats": {"games": 63, "avgPlace": 4.523809523809524, "top4": 29, "win": 12, "topCarry": "TFT6_Sivir", "lastMatchId": "NA1_4247399842"}, "queueSeasonStats": {"1090": {"games": 0, "avgPlace": 0, "top4": 0, "win": 0, "topCarry": "TFT6_Veigar", "lastMatchId": "NA1_4247399842"}, "1100": {"games": 62, "avgPlace": 4.564516129032258, "top4": 28, "win": 12, "topCarry": "TFT6_Sivir", "lastMatchId": "NA1_4247399842"}, "1130": {"games": 0, "avgPlace": 0, "top4": 0, "win": 0, "topCarry": "TFT6_Veigar", "lastMatchId": "NA1_4247399842"}, "1150": {"games": 1, "avgPlace": 2, "top4": 1, "win": 0, "topCarry": "TFT6_Vex", "lastMatchId": "NA1_4247399842"}}}