{"matches": [], "playerInfo": {"tier": "MASTER", "rank": "I", "leaguePoints": 0, "profileIconId": 4335, "name": "tinibig", "region": "na1", "localRank": [6304, 0.006714504672140664], "globalRank": [35472, 0.006849414260383171]}, "rankHistory": [[1649742559954, "PLATINUM III", 29, 5], [1650494976965, "PLATINUM II", 8, 6], [1650511866361, "PLATINUM II", 86, 7], [1650514704878, "PLATINUM II", 40, 8], [1650516514166, "PLATINUM II", 78, 9], [1650519076648, "PLATINUM I", 58, 10], [1650567687074, "PLATINUM I", 68, 11], [1650570601576, "PLATINUM I", 58, 12], [1650572334059, "PLATINUM I", 45, 13], [1650574127433, "PLATINUM I", 20, 14], [1650575937837, "PLATINUM I", 30, 15], [1650592086937, "PLATINUM I", 20, 16], [1650593898975, "PLATINUM I", 0, 17], [1650595803298, "PLATINUM II", 75, 18], [1650598249704, "PLATINUM I", 2, 19], [1650651578806, "PLATINUM I", 32, 20], [1650653327855, "PLATINUM I", 0, 21], [1650655857207, "PLATINUM I", 25, 22], [1650658790351, "PLATINUM I", 15, 23], [1650660509982, "PLATINUM I", 0, 24], [1650662332876, "PLATINUM II", 75, 25], [1650664912377, "PLATINUM I", 58, 26], [1650708168002, "DIAMOND IV", 7, 27], [1650764398626, "DIAMOND IV", 75, 28], [1650772496945, "DIAMOND III", 41, 29], [1650774789446, "DIAMOND III", 0, 30], [1650901666373, "DIAMOND III", 24, 31], [1650904421840, "DIAMOND III", 59, 32], [1650990322002, "DIAMOND II", 23, 33], [1650993034327, "DIAMOND II", 0, 34], [1651028613142, "DIAMOND III", 75, 35], [1651031269323, "DIAMOND II", 33, 36], [1651033056149, "DIAMOND II", 0, 37], [1651035315255, "DIAMOND III", 75, 38], [1651038038974, "DIAMOND II", 34, 39], [1651078063748, "DIAMOND II", 0, 40], [1651080315227, "DIAMOND II", 21, 41], [1651083044350, "DIAMOND II", 64, 42], [1651088434588, "DIAMOND II", 28, 43], [1651090227933, "DIAMOND II", 0, 44], [1651092914499, "DIAMOND II", 18, 45], [1651117236929, "DIAMOND II", 7, 46], [1651119457736, "DIAMOND II", 0, 47], [1651121718555, "DIAMOND II", 56, 48], [1651160444807, "DIAMOND II", 96, 49], [1651167612300, "DIAMOND II", 75, 50], [1651170304733, "DIAMOND II", 91, 51], [1651172624307, "DIAMOND I", 29, 52], [1651174826453, "DIAMOND I", 19, 53], [1651204509924, "DIAMOND I", 63, 54], [1651248182928, "DIAMOND I", 73, 55], [1651250441093, "DIAMOND I", 83, 56], [1651251802509, "DIAMOND I", 47, 57], [1651254468571, "DIAMOND I", 59, 58], [1651258030206, "MASTER I", 1, 59], [1652165705886, "MASTER I", 0, 59]], "seasonStats": {"games": 239, "avgPlace": 3.8158995815899583, "top4": 155, "win": 43, "topCarry": "TFT6_Draven", "lastMatchId": "NA1_4298271103"}, "queueSeasonStats": {"1090": {"games": 175, "avgPlace": 3.857142857142857, "top4": 115, "win": 31, "topCarry": "TFT6_Draven", "lastMatchId": "NA1_4298271103"}, "1100": {"games": 59, "avgPlace": 3.7966101694915255, "top4": 35, "win": 12, "topCarry": "TFT6_Sivir", "lastMatchId": "NA1_4298271103"}, "1130": {"games": 0, "avgPlace": 0, "top4": 0, "win": 0, "topCarry": "TFT6_Veigar", "lastMatchId": "NA1_4298271103"}, "1150": {"games": 5, "avgPlace": 2.6, "top4": 5, "win": 0, "topCarry": "TFT6_Draven", "lastMatchId": "NA1_4298271103"}}}