{"matches": [], "playerInfo": {"tier": "MASTER", "rank": "I", "leaguePoints": 0, "profileIconId": 539, "name": "TomyTomm", "region": "na1", "localRank": [10748, 0.011448084725200166], "globalRank": [57092, 0.011024179742094594]}, "rankHistory": [[1645651694676, "DIAMOND III", 28, 5], [1645653490897, "DIAMOND III", 18, 6], [1645746939161, "DIAMOND III", 75, 7], [1645750034495, "DIAMOND III", 32, 8], [1645826155961, "DIAMOND III", 42, 9], [1645829243752, "DIAMOND III", 81, 10], [1645831751123, "DIAMOND II", 3, 11], [1646004585262, "DIAMOND II", 56, 12], [1646009240421, "DIAMOND II", 8, 13], [1646011037202, "DIAMOND II", 0, 14], [1646083037886, "DIAMOND III", 75, 15], [1646085084393, "DIAMOND III", 65, 16], [1646167892373, "DIAMOND III", 75, 17], [1646171227519, "DIAMOND II", 11, 18], [1646189248088, "DIAMOND II", 0, 19], [1646190033416, "DIAMOND III", 75, 20], [1646248637226, "DIAMOND II", 10, 21], [1646250440568, "DIAMOND II", 0, 22], [1646252228949, "DIAMOND III", 75, 23], [1646279502052, "DIAMOND III", 28, 24], [1646434033259, "DIAMOND III", 38, 25], [1646450850695, "DIAMOND III", 28, 26], [1646515650074, "DIAMOND III", 64, 27], [1646537503143, "DIAMOND III", 84, 28], [1646597831986, "DIAMOND III", 64, 29], [1646697735855, "DIAMOND III", 43, 30], [1648081822799, "DIAMOND III", 93, 31], [1648083917553, "DIAMOND II", 27, 32], [1648088230234, "DIAMOND II", 37, 33], [1648090029490, "DIAMOND II", 54, 34], [1648092616691, "DIAMOND II", 75, 35], [1648172165765, "DIAMOND II", 96, 36], [1648175008741, "DIAMOND I", 43, 37], [1648177528149, "DIAMOND I", 23, 38], [1648254608857, "DIAMOND I", 0, 39], [1648256738119, "DIAMOND II", 75, 40], [1648352145995, "DIAMOND II", 31, 41], [1648354647432, "DIAMOND II", 80, 42], [1648356818799, "DIAMOND I", 26, 43], [1648435662504, "DIAMOND I", 59, 44], [1648495409822, "DIAMOND I", 40, 45], [1648515653140, "DIAMOND I", 72, 46], [1648517787037, "DIAMOND I", 62, 47], [1648520230392, "MASTER I", 8, 48], [1648926395727, "MASTER I", 18, 49], [1648930628809, "MASTER I", 38, 50], [1649363026348, "MASTER I", 0, 51], [1650089829202, "MASTER I", 0, 52], [1650091629135, "MASTER I", 0, 53]], "seasonStats": {"games": 80, "avgPlace": 4.075, "top4": 43, "win": 12, "topCarry": "TFT6b_Vi", "lastMatchId": "NA1_4280052046"}, "queueSeasonStats": {"1090": {"games": 12, "avgPlace": 4, "top4": 6, "win": 3, "topCarry": "TFT6_TahmKench", "lastMatchId": "NA1_4280052046"}, "1100": {"games": 53, "avgPlace": 4.320754716981132, "top4": 27, "win": 7, "topCarry": "TFT6_MissFortune", "lastMatchId": "NA1_4280052046"}, "1130": {"games": 0, "avgPlace": 0, "top4": 0, "win": 0, "topCarry": "TFT6_Veigar", "lastMatchId": "NA1_4280052046"}, "1150": {"games": 15, "avgPlace": 3.2666666666666666, "top4": 10, "win": 2, "topCarry": "TFT6b_Vi", "lastMatchId": "NA1_4280052046"}}}