{"matches": [], "playerInfo": {"tier": "MASTER", "rank": "I", "leaguePoints": 0, "profileIconId": 641, "name": "Trectadactdyl", "region": "na1", "localRank": [17322, 0.018423622057293827], "globalRank": [89318, 0.017234476130237052]}, "rankHistory": [[1645408037160, "DIAMOND II", 9, 5], [1645409831325, "DIAMOND II", 19, 6], [1645420626341, "DIAMOND II", 29, 7], [1645422605981, "DIAMOND II", 61, 8], [1645424806329, "DIAMOND II", 79, 9], [1645503426690, "DIAMOND I", 10, 10], [1645597029408, "DIAMOND I", 20, 11], [1645598839036, "DIAMOND I", 0, 12], [1645660041834, "DIAMOND I", 44, 13], [1645661837179, "DIAMOND I", 61, 14], [1645663627567, "DIAMOND I", 14, 15], [1645744626281, "DIAMOND I", 46, 16], [1645746441930, "DIAMOND I", 64, 17], [1645748241975, "DIAMOND I", 86, 18], [1645750256822, "DIAMOND I", 64, 19], [1645849029770, "DIAMOND I", 83, 20], [1645851345964, "MASTER I", 2, 21], [1645852854196, "MASTER I", 0, 22], [1645991225363, "MASTER I", 10, 23], [1645993268739, "MASTER I", 0, 24], [1645995373122, "MASTER I", 10, 25], [1645997382565, "MASTER I", 20, 26], [1646000225313, "MASTER I", 30, 27], [1646002024886, "MASTER I", 50, 28], [1646003825504, "MASTER I", 14, 29], [1646012824971, "MASTER I", 0, 30], [1646014625922, "MASTER I", 0, 31], [1646081473874, "MASTER I", 17, 32], [1646083274885, "MASTER I", 0, 33], [1646085389283, "MASTER I", 18, 34], [1646088985298, "MASTER I", 28, 35], [1646092025913, "MASTER I", 72, 36], [1646093826342, "MASTER I", 90, 37], [1646102826276, "MASTER I", 100, 38], [1646104625913, "MASTER I", 61, 39], [1646106426037, "MASTER I", 26, 40], [1646191028392, "MASTER I", 16, 41], [1646193086577, "MASTER I", 47, 42], [1646195204053, "MASTER I", 36, 43], [1646197222118, "MASTER I", 25, 44], [1646198803063, "MASTER I", 0, 45], [1646448427346, "MASTER I", 10, 46], [1646450503212, "MASTER I", 26, 47], [1646452637780, "MASTER I", 44, 48], [1646455627718, "MASTER I", 61, 49], [1646457427989, "MASTER I", 51, 50], [1646459227385, "MASTER I", 61, 51], [1646461027847, "MASTER I", 21, 52], [1646462827826, "MASTER I", 0, 53], [1646505084342, "MASTER I", 0, 54], [1646507827817, "MASTER I", 0, 55]], "seasonStats": {"games": 55, "avgPlace": 4.236363636363636, "top4": 34, "win": 3, "topCarry": "TFT6_Morgana", "lastMatchId": "NA1_4238374216"}, "queueSeasonStats": {"1090": {"games": 0, "avgPlace": 0, "top4": 0, "win": 0, "topCarry": "TFT6_Veigar", "lastMatchId": "NA1_4238374216"}, "1100": {"games": 55, "avgPlace": 4.236363636363636, "top4": 34, "win": 3, "topCarry": "TFT6_Morgana", "lastMatchId": "NA1_4238374216"}, "1130": {"games": 0, "avgPlace": 0, "top4": 0, "win": 0, "topCarry": "TFT6_Veigar", "lastMatchId": "NA1_4238374216"}, "1150": {"games": 0, "avgPlace": 0, "top4": 0, "win": 0, "topCarry": "TFT6_Veigar", "lastMatchId": "NA1_4238374216"}}}