{"matches": [], "playerInfo": {"tier": "MASTER", "rank": "I", "leaguePoints": 0, "profileIconId": 29, "name": "triducokay", "region": "na1", "localRank": [12223, 0.013010347180310872], "globalRank": [63813, 0.01231715263826758]}, "rankHistory": [[1646581821858, "GOLD I", 31, 5], [1646648303989, "PLATINUM IV", 2, 6], [1646653721007, "PLATINUM IV", 59, 7], [1646657319640, "PLATINUM IV", 26, 8], [1646661437614, "PLATINUM III", 5, 9], [1646668657612, "PLATINUM III", 69, 10], [1646678912000, "PLATINUM III", 99, 11], [1646709482759, "PLATINUM II", 12, 12], [1646731133456, "PLATINUM II", 0, 13], [1646734684297, "PLATINUM II", 10, 14], [1646740061447, "PLATINUM II", 88, 15], [1646758130143, "PLATINUM I", 47, 16], [1646765303553, "PLATINUM I", 0, 17], [1646792313354, "PLATINUM I", 23, 18], [1646795891104, "PLATINUM I", 33, 19], [1646799462042, "PLATINUM I", 96, 20], [1646822885231, "PLATINUM I", 86, 21], [1646831845100, "DIAMOND IV", 47, 22], [1646844442446, "DIAMOND IV", 25, 23], [1646903840966, "DIAMOND IV", 0, 24], [1647977392167, "DIAMOND IV", 39, 25], [1648027391435, "DIAMOND IV", 80, 26], [1648041458307, "DIAMOND IV", 58, 27], [1648049412379, "DIAMOND IV", 48, 28], [1648053307405, "DIAMOND IV", 70, 29], [1648063392419, "DIAMOND III", 9, 30], [1648115593002, "DIAMOND III", 54, 31], [1648129990527, "DIAMOND III", 64, 32], [1648223245872, "DIAMOND III", 74, 33], [1648234405115, "DIAMOND III", 31, 34], [1648312238408, "DIAMOND III", 0, 35], [1648324030183, "DIAMOND IV", 75, 36], [1648419460316, "DIAMOND IV", 57, 37], [1648490031160, "DIAMOND III", 10, 38], [1648547255941, "DIAMOND III", 53, 39], [1648626464936, "DIAMOND II", 5, 40], [1648647034158, "DIAMOND II", 15, 41], [1648661458029, "DIAMOND II", 58, 42], [1648952254320, "DIAMOND II", 91, 43], [1649481448938, "DIAMOND II", 57, 44], [1649567266536, "DIAMOND II", 40, 45], [1649656918893, "DIAMOND II", 50, 46], [1649836047191, "DIAMOND II", 99, 47], [1649848652325, "DIAMOND II", 89, 48], [1649925516673, "DIAMOND I", 39, 49], [1649992643150, "DIAMOND I", 89, 50], [1650013736016, "DIAMOND I", 48, 51], [1650018722699, "DIAMOND I", 27, 52], [1650084866477, "DIAMOND I", 48, 53], [1650092060975, "DIAMOND I", 58, 54], [1650114505459, "MASTER I", 6, 55], [1650118106753, "MASTER I", 0, 56]], "seasonStats": {"games": 170, "avgPlace": 3.7, "top4": 114, "win": 36, "topCarry": "TFT6b_Vi", "lastMatchId": "NA1_4292789563"}, "queueSeasonStats": {"1090": {"games": 37, "avgPlace": 3.4594594594594597, "top4": 27, "win": 12, "topCarry": "TFT6b_Vi", "lastMatchId": "NA1_4292789563"}, "1100": {"games": 56, "avgPlace": 3.8035714285714284, "top4": 34, "win": 14, "topCarry": "TFT6_Ahri", "lastMatchId": "NA1_4292789563"}, "1130": {"games": 0, "avgPlace": 0, "top4": 0, "win": 0, "topCarry": "TFT6_Veigar", "lastMatchId": "NA1_4292789563"}, "1150": {"games": 77, "avgPlace": 3.74025974025974, "top4": 53, "win": 10, "topCarry": "TFT6_Lucian", "lastMatchId": "NA1_4292789563"}}}