{"matches": [], "playerInfo": {"tier": "MASTER", "rank": "I", "leaguePoints": 0, "profileIconId": 4023, "name": "Tyr\u00f8ne", "region": "na1", "localRank": [6902, 0.0073409678548143325], "globalRank": [39769, 0.0076736962733687485]}, "rankHistory": [[1645408438777, "DIAMOND III", 16, 5], [1645426448099, "DIAMOND III", 0, 6], [1645469666121, "DIAMOND IV", 75, 7], [1645735628856, "DIAMOND III", 31, 8], [1645736323167, "DIAMOND III", 0, 9], [1645868830473, "DIAMOND III", 10, 10], [1645870629366, "DIAMOND III", 0, 11], [1645908434319, "DIAMOND IV", 75, 12], [1645933637931, "DIAMOND III", 9, 13], [1645937238143, "DIAMOND III", 58, 14], [1646030831970, "DIAMOND III", 79, 15], [1646038038377, "DIAMOND III", 60, 16], [1646039826890, "DIAMOND III", 27, 17], [1646041634531, "DIAMOND III", 63, 18], [1646096399811, "DIAMOND III", 98, 19], [1646119039781, "DIAMOND III", 67, 20], [1646164046844, "DIAMOND II", 15, 21], [1646180812205, "DIAMOND II", 0, 22], [1646188021773, "DIAMOND II", 47, 23], [1646288828696, "DIAMOND II", 14, 24], [1646355109685, "DIAMOND II", 24, 25], [1646357233812, "DIAMOND II", 45, 26], [1646362046725, "DIAMOND II", 90, 27], [1646425633010, "DIAMOND I", 1, 28], [1646431274793, "DIAMOND I", 46, 29], [1646524049688, "DIAMOND I", 30, 30], [1646533330648, "DIAMOND I", 8, 31], [1649633037118, "DIAMOND I", 0, 32], [1649637098192, "DIAMOND I", 44, 33], [1649639840542, "DIAMOND I", 63, 34], [1649656063839, "DIAMOND I", 41, 35], [1649703259297, "DIAMOND I", 76, 36], [1649717656424, "DIAMOND I", 66, 37], [1649741910076, "DIAMOND I", 56, 38], [1649767636124, "DIAMOND I", 35, 39], [1650009284173, "DIAMOND I", 55, 40], [1650011559939, "DIAMOND I", 73, 41], [1650087127656, "DIAMOND I", 83, 42], [1650088917600, "MASTER I", 1, 43], [1650094707245, "MASTER I", 0, 44], [1650146910200, "MASTER I", 0, 45], [1650178459810, "MASTER I", 0, 46], [1650228861048, "MASTER I", 0, 47], [1650248656677, "MASTER I", 38, 48], [1650250936178, "MASTER I", 0, 49], [1650488063847, "MASTER I", 0, 50], [1650607354534, "MASTER I", 0, 51], [1650758069303, "MASTER I", 27, 52], [1650830564802, "MASTER I", 65, 53], [1650853031707, "MASTER I", 0, 54]], "seasonStats": {"games": 54, "avgPlace": 4.574074074074074, "top4": 27, "win": 9, "topCarry": "TFT6_Irelia", "lastMatchId": "NA1_4287734201"}, "queueSeasonStats": {"1090": {"games": 0, "avgPlace": 0, "top4": 0, "win": 0, "topCarry": "TFT6_Veigar", "lastMatchId": "NA1_4287734201"}, "1100": {"games": 54, "avgPlace": 4.574074074074074, "top4": 27, "win": 9, "topCarry": "TFT6_Irelia", "lastMatchId": "NA1_4287734201"}, "1130": {"games": 0, "avgPlace": 0, "top4": 0, "win": 0, "topCarry": "TFT6_Veigar", "lastMatchId": "NA1_4287734201"}, "1150": {"games": 0, "avgPlace": 0, "top4": 0, "win": 0, "topCarry": "TFT6_Veigar", "lastMatchId": "NA1_4287734201"}}}