{"matches": [], "playerInfo": {"tier": "MASTER", "rank": "I", "leaguePoints": 0, "profileIconId": 1625, "name": "Unnecessary Love", "region": "na1", "localRank": [14408, 0.01535359735382753], "globalRank": [74759, 0.014442184415407289]}, "rankHistory": [[1649292614385, "GOLD III", 44, 5], [1649294444662, "GOLD III", 54, 6], [1649298042521, "GOLD II", 40, 7], [1649299812819, "GOLD II", 59, 8], [1649301701594, "GOLD II", 69, 9], [1649341262206, "GOLD I", 46, 10], [1649348288221, "PLATINUM IV", 3, 12], [1649350178031, "PLATINUM IV", 28, 13], [1649365165338, "PLATINUM IV", 18, 14], [1649368085888, "PLATINUM IV", 95, 15], [1649370635241, "PLATINUM IV", 85, 16], [1649371718096, "PLATINUM IV", 50, 17], [1649438984468, "PLATINUM IV", 40, 18], [1649452742530, "PLATINUM IV", 30, 19], [1649455216473, "PLATINUM IV", 59, 20], [1649458152130, "PLATINUM III", 11, 21], [1649459980721, "PLATINUM III", 0, 22], [1649462383325, "PLATINUM IV", 75, 23], [1649464173357, "PLATINUM III", 51, 24], [1649467152808, "PLATINUM III", 95, 25], [1649468976527, "PLATINUM II", 39, 26], [1649471368100, "PLATINUM II", 86, 27], [1649474329184, "PLATINUM I", 32, 28], [1649524691186, "PLATINUM I", 81, 29], [1649526467362, "DIAMOND IV", 9, 30], [1649528256736, "DIAMOND IV", 0, 31], [1649530456725, "DIAMOND IV", 0, 32], [1649544853051, "DIAMOND IV", 37, 33], [1649547102651, "DIAMOND IV", 47, 34], [1649611912951, "DIAMOND IV", 85, 35], [1649614643334, "DIAMOND III", 39, 36], [1649616467644, "DIAMOND III", 49, 37], [1649618642916, "DIAMOND III", 59, 38], [1649621853946, "DIAMOND III", 93, 39], [1649624039797, "DIAMOND II", 45, 40], [1649723500564, "DIAMOND II", 0, 41], [1649797714865, "DIAMOND II", 19, 42], [1649800458799, "DIAMOND II", 9, 43], [1649802710393, "DIAMOND II", 45, 44], [1649804901705, "DIAMOND II", 55, 45], [1649820259280, "DIAMOND II", 9, 46], [1649822529960, "DIAMOND II", 58, 47], [1649824716334, "DIAMOND II", 68, 48], [1649896314484, "DIAMOND I", 4, 49], [1649898151824, "DIAMOND I", 0, 50], [1649899950880, "DIAMOND II", 75, 51], [1649902092746, "DIAMOND II", 65, 52], [1649904455530, "DIAMOND II", 99, 53], [1649906686545, "DIAMOND II", 89, 54], [1649908469514, "DIAMOND II", 99, 55], [1649911660235, "DIAMOND I", 48, 56], [1649915236695, "DIAMOND I", 36, 57], [1649917460848, "DIAMOND I", 57, 58], [1649919718699, "DIAMOND I", 78, 59], [1649921897708, "MASTER I", 28, 60], [1650869674921, "MASTER I", 0, 60]], "seasonStats": {"games": 60, "avgPlace": 3.6333333333333333, "top4": 41, "win": 11, "topCarry": "TFT6_Vex", "lastMatchId": "NA1_4276862773"}, "queueSeasonStats": {"1090": {"games": 0, "avgPlace": 0, "top4": 0, "win": 0, "topCarry": "TFT6_Veigar", "lastMatchId": "NA1_4276862773"}, "1100": {"games": 60, "avgPlace": 3.6333333333333333, "top4": 41, "win": 11, "topCarry": "TFT6_Vex", "lastMatchId": "NA1_4276862773"}, "1130": {"games": 0, "avgPlace": 0, "top4": 0, "win": 0, "topCarry": "TFT6_Veigar", "lastMatchId": "NA1_4276862773"}, "1150": {"games": 0, "avgPlace": 0, "top4": 0, "win": 0, "topCarry": "TFT6_Veigar", "lastMatchId": "NA1_4276862773"}}}