{"matches": [], "playerInfo": {"tier": "MASTER", "rank": "I", "leaguePoints": 0, "profileIconId": 4970, "name": "Vescrow", "region": "na1", "localRank": [20342, 0.02163839980937955], "globalRank": [103058, 0.01988666733818758]}, "rankHistory": [[1645073228767, "DIAMOND III", 69, 5], [1645075262263, "DIAMOND III", 79, 6], [1645078624932, "DIAMOND III", 89, 7], [1645084028116, "DIAMOND II", 46, 8], [1645127464649, "DIAMOND II", 86, 9], [1645130825242, "DIAMOND II", 30, 11], [1645132628019, "DIAMOND II", 0, 12], [1645134431638, "DIAMOND III", 75, 13], [1645138026219, "DIAMOND II", 19, 14], [1645141872778, "DIAMOND II", 0, 15], [1645143429089, "DIAMOND III", 75, 16], [1645148829659, "DIAMOND III", 98, 17], [1645150632937, "DIAMOND II", 8, 18], [1645152784066, "DIAMOND II", 31, 19], [1645159625813, "DIAMOND II", 41, 20], [1645161708667, "DIAMOND II", 51, 21], [1645165026561, "DIAMOND II", 85, 22], [1645166830711, "DIAMOND I", 20, 23], [1645208232648, "DIAMOND I", 1, 24], [1645210027226, "DIAMOND I", 0, 25], [1645404838303, "DIAMOND I", 46, 26], [1645417031944, "DIAMOND I", 36, 27], [1645421205124, "DIAMOND I", 85, 28], [1645424228770, "DIAMOND I", 75, 29], [1645426039236, "DIAMOND I", 85, 30], [1645467425472, "MASTER I", 29, 31], [1645483624269, "MASTER I", 19, 32], [1645485424785, "MASTER I", 0, 33], [1645496228789, "MASTER I", 10, 34], [1645498025236, "MASTER I", 0, 35], [1645555625015, "MASTER I", 0, 36], [1645557424553, "MASTER I", 0, 37], [1645559224773, "MASTER I", 10, 38], [1645565258221, "MASTER I", 0, 39], [1645651236186, "MASTER I", 0, 40], [1645652824728, "MASTER I", 0, 41], [1645655287307, "MASTER I", 42, 42], [1645667896066, "MASTER I", 16, 43], [1645742824955, "MASTER I", 57, 44], [1645775734695, "MASTER I", 75, 45], [1645841825083, "MASTER I", 34, 46], [1645863424788, "MASTER I", 0, 47], [1645994825477, "MASTER I", 30, 48], [1646016425769, "MASTER I", 72, 49], [1646084825775, "MASTER I", 103, 50], [1646119025159, "MASTER I", 93, 51], [1646120825821, "MASTER I", 83, 52], [1646121608890, "MASTER I", 29, 53], [1646284889571, "MASTER I", 0, 54], [1646976756700, "MASTER I", 0, 55], [1646978558775, "MASTER I", 10, 56], [1647327152528, "MASTER I", 0, 56], [1648352827933, "MASTER I", 31, 57], [1648432826018, "MASTER I", 0, 58], [1648514828702, "MASTER I", 30, 59], [1648623203020, "MASTER I", 0, 59], [1649142416910, "MASTER I", 0, 60], [1649290628479, "MASTER I", 0, 61]], "seasonStats": {"games": 62, "avgPlace": 4.596774193548387, "top4": 29, "win": 8, "topCarry": "TFT6_Irelia", "lastMatchId": "NA1_4289284159"}, "queueSeasonStats": {"1090": {"games": 1, "avgPlace": 6, "top4": 0, "win": 0, "topCarry": "TFT6_Sivir", "lastMatchId": "NA1_4289284159"}, "1100": {"games": 61, "avgPlace": 4.573770491803279, "top4": 29, "win": 8, "topCarry": "TFT6_Irelia", "lastMatchId": "NA1_4289284159"}, "1130": {"games": 0, "avgPlace": 0, "top4": 0, "win": 0, "topCarry": "TFT6_Veigar", "lastMatchId": "NA1_4289284159"}, "1150": {"games": 0, "avgPlace": 0, "top4": 0, "win": 0, "topCarry": "TFT6_Veigar", "lastMatchId": "NA1_4289284159"}}}