{"matches": [], "playerInfo": {"tier": "MASTER", "rank": "I", "leaguePoints": 0, "profileIconId": 5164, "name": "Vishuus", "region": "na1", "localRank": [12233, 0.013028563151734354], "globalRank": [64112, 0.012378932181941263]}, "rankHistory": [[1645258645212, "PLATINUM II", 46, 5], [1645260473991, "PLATINUM I", 14, 6], [1645395480031, "PLATINUM I", 79, 7], [1646009776159, "DIAMOND IV", 7, 8], [1646114206214, "DIAMOND IV", 0, 9], [1646115995744, "DIAMOND IV", 10, 10], [1646119030350, "DIAMOND IV", 66, 11], [1646195205457, "DIAMOND IV", 56, 12], [1646197231747, "DIAMOND IV", 46, 13], [1646200026146, "DIAMOND IV", 36, 14], [1646201847836, "DIAMOND IV", 46, 15], [1646203896833, "DIAMOND IV", 82, 16], [1646267225419, "DIAMOND IV", 48, 17], [1646270227507, "DIAMOND IV", 38, 18], [1646272028981, "DIAMOND IV", 63, 19], [1646284630496, "DIAMOND IV", 32, 20], [1646286433628, "DIAMOND IV", 0, 21], [1646288226450, "DIAMOND IV", 10, 22], [1646290034144, "DIAMOND IV", 0, 23], [1646292097264, "DIAMOND IV", 56, 24], [1646549514260, "DIAMOND IV", 66, 25], [1646551665740, "DIAMOND IV", 76, 26], [1646794051236, "DIAMOND III", 12, 27], [1646977638088, "DIAMOND III", 48, 28], [1647311628775, "DIAMOND III", 38, 29], [1647314576401, "DIAMOND III", 59, 30], [1647316048960, "DIAMOND III", 13, 31], [1647317854545, "DIAMOND III", 0, 32], [1647319963467, "DIAMOND IV", 75, 33], [1647322150182, "DIAMOND III", 13, 34], [1647487759291, "DIAMOND III", 3, 35], [1647490637901, "DIAMOND III", 40, 36], [1647492446713, "DIAMOND III", 63, 37], [1647577048432, "DIAMOND II", 1, 38], [1648176457183, "DIAMOND II", 24, 39], [1648178604201, "DIAMOND II", 4, 40], [1648180395379, "DIAMOND II", 14, 41], [1648182200337, "DIAMOND II", 0, 42], [1648184405950, "DIAMOND II", 20, 43], [1648603866016, "DIAMOND II", 71, 44], [1649518661567, "DIAMOND II", 90, 45], [1649626663432, "DIAMOND II", 57, 46], [1649629068299, "DIAMOND II", 91, 47], [1650328381326, "DIAMOND I", 10, 48], [1650652357058, "DIAMOND I", 29, 49], [1650750890416, "DIAMOND I", 8, 50], [1650753209653, "DIAMOND I", 0, 51], [1650755378294, "DIAMOND I", 49, 52], [1650842253229, "DIAMOND I", 69, 53], [1651887270681, "DIAMOND I", 99, 54], [1651889830400, "MASTER I", 16, 55], [1652770531572, "MASTER I", 0, 55]], "seasonStats": {"games": 219, "avgPlace": 3.767123287671233, "top4": 145, "win": 23, "topCarry": "TFT6b_Vi", "lastMatchId": "NA1_4316193835"}, "queueSeasonStats": {"1090": {"games": 61, "avgPlace": 3.622950819672131, "top4": 45, "win": 6, "topCarry": "TFT6_TahmKench", "lastMatchId": "NA1_4316193835"}, "1100": {"games": 55, "avgPlace": 4.036363636363636, "top4": 32, "win": 6, "topCarry": "TFT6b_Vi", "lastMatchId": "NA1_4316193835"}, "1130": {"games": 53, "avgPlace": 3.490566037735849, "top4": 37, "win": 11, "topCarry": "TFT6_Jayce", "lastMatchId": "NA1_4316193835"}, "1150": {"games": 50, "avgPlace": 3.94, "top4": 31, "win": 0, "topCarry": "TFT6b_Vi", "lastMatchId": "NA1_4316193835"}}}