{"matches": [], "playerInfo": {"tier": "MASTER", "rank": "I", "leaguePoints": 0, "profileIconId": 4027, "name": "vMTLe", "region": "na1", "localRank": [10535, 0.011205026999488409], "globalRank": [57044, 0.011007028065760451]}, "rankHistory": [[1645244697238, "DIAMOND III", 89, 5], [1645503875350, "DIAMOND III", 79, 6], [1645673305869, "DIAMOND II", 17, 7], [1645751838913, "DIAMOND II", 27, 8], [1645845949646, "DIAMOND II", 0, 9], [1645847763252, "DIAMOND III", 75, 10], [1646174837916, "DIAMOND II", 1, 11], [1646177434635, "DIAMOND II", 0, 12], [1646180244601, "DIAMOND III", 75, 13], [1646181037860, "DIAMOND III", 41, 14], [1646182616424, "DIAMOND III", 21, 15], [1646264841835, "DIAMOND III", 31, 16], [1646267215318, "DIAMOND III", 85, 17], [1646350032734, "DIAMOND III", 39, 18], [1646353026894, "DIAMOND III", 76, 19], [1646355436103, "DIAMOND II", 28, 20], [1646364653332, "DIAMOND II", 64, 21], [1646435831591, "DIAMOND II", 29, 22], [1646436675088, "DIAMOND II", 0, 23], [1646438477093, "DIAMOND III", 75, 24], [1646441228726, "DIAMOND II", 28, 25], [1646443033644, "DIAMOND II", 18, 26], [1646444835767, "DIAMOND II", 28, 27], [1646455923701, "DIAMOND II", 79, 28], [1646458283123, "DIAMOND II", 89, 29], [1646460078272, "DIAMOND II", 70, 30], [1646461883690, "DIAMOND II", 48, 31], [1647469044556, "DIAMOND II", 28, 32], [1647471161712, "DIAMOND II", 48, 33], [1647472982004, "DIAMOND II", 27, 34], [1647565179263, "DIAMOND II", 64, 35], [1648436768296, "DIAMOND II", 29, 36], [1648439264833, "DIAMOND II", 62, 37], [1648441045085, "DIAMOND II", 17, 38], [1648443652184, "DIAMOND II", 38, 39], [1648520251290, "DIAMOND II", 3, 40], [1648522427757, "DIAMOND II", 38, 41], [1650347250488, "DIAMOND II", 5, 42], [1650349049304, "DIAMOND II", 0, 43], [1650428254257, "DIAMOND II", 49, 44], [1650430501731, "DIAMOND II", 70, 45], [1650493048068, "DIAMOND II", 60, 46], [1650495787299, "DIAMOND I", 11, 47], [1650687884604, "DIAMOND I", 0, 48], [1650690198147, "DIAMOND I", 10, 49], [1650692407733, "DIAMOND I", 31, 50], [1650695572528, "DIAMOND I", 62, 51], [1650698232018, "MASTER I", 10, 52], [1651647292539, "MASTER I", 0, 52], [1652242631406, "MASTER I", 0, 53], [1652245437857, "MASTER I", 46, 54], [1652247233928, "MASTER I", 27, 55], [1652511319481, "MASTER I", 0, 55]], "seasonStats": {"games": 55, "avgPlace": 4.4, "top4": 29, "win": 9, "topCarry": "TFT6_Talon", "lastMatchId": "NA1_4303690156"}, "queueSeasonStats": {"1090": {"games": 0, "avgPlace": 0, "top4": 0, "win": 0, "topCarry": "TFT6_Veigar", "lastMatchId": "NA1_4303690156"}, "1100": {"games": 55, "avgPlace": 4.4, "top4": 29, "win": 9, "topCarry": "TFT6_Talon", "lastMatchId": "NA1_4303690156"}, "1130": {"games": 0, "avgPlace": 0, "top4": 0, "win": 0, "topCarry": "TFT6_Veigar", "lastMatchId": "NA1_4303690156"}, "1150": {"games": 0, "avgPlace": 0, "top4": 0, "win": 0, "topCarry": "TFT6_Veigar", "lastMatchId": "NA1_4303690156"}}}