{"matches": [], "playerInfo": {"tier": "MASTER", "rank": "I", "leaguePoints": 0, "profileIconId": 4663, "name": "WildOne10", "region": "na1", "localRank": [18468, 0.019681313622180164], "globalRank": [94452, 0.01824787763033384]}, "rankHistory": [[1645157826273, "DIAMOND IV", 46, 5], [1645158099092, "DIAMOND IV", 0, 6], [1645242573101, "DIAMOND IV", 39, 7], [1645244691077, "DIAMOND IV", 78, 8], [1645680052533, "DIAMOND III", 15, 9], [1645682130853, "DIAMOND III", 0, 10], [1645735637855, "DIAMOND III", 10, 11], [1645736138650, "DIAMOND III", 0, 12], [1645739232013, "DIAMOND III", 19, 13], [1645766229137, "DIAMOND III", 45, 14], [1645768258667, "DIAMOND III", 59, 15], [1645771632406, "DIAMOND III", 0, 16], [1645818947456, "DIAMOND III", 10, 17], [1645822030477, "DIAMOND III", 46, 18], [1645835157228, "DIAMOND III", 59, 19], [1645850840685, "DIAMOND III", 96, 20], [1645852634263, "DIAMOND II", 6, 21], [1645856229185, "DIAMOND II", 16, 22], [1645858042671, "DIAMOND II", 0, 23], [1645899442186, "DIAMOND III", 75, 24], [1645901232833, "DIAMOND III", 0, 25], [1645903027497, "DIAMOND IV", 75, 26], [1645908681849, "DIAMOND IV", 85, 27], [1645910768530, "DIAMOND III", 20, 28], [1645913843310, "DIAMOND III", 58, 29], [1645915874988, "DIAMOND III", 96, 30], [1645917969444, "DIAMOND II", 14, 31], [1645933638207, "DIAMOND II", 51, 32], [1645944429982, "DIAMOND II", 87, 33], [1646011281905, "DIAMOND II", 10, 34], [1646014641747, "DIAMOND II", 48, 35], [1646016431412, "DIAMOND II", 85, 36], [1646018782069, "DIAMOND I", 22, 37], [1646021829448, "DIAMOND I", 60, 38], [1646025439747, "DIAMOND I", 86, 39], [1646027479121, "DIAMOND I", 35, 40], [1646106693136, "DIAMOND I", 64, 41], [1646109023342, "DIAMOND I", 98, 42], [1646111825061, "MASTER I", 20, 43], [1646194625642, "MASTER I", 0, 44], [1646196425897, "MASTER I", 16, 45], [1646198226003, "MASTER I", 0, 46], [1646200024949, "MASTER I", 0, 47], [1646288225332, "MASTER I", 0, 48], [1646290288634, "MASTER I", 0, 49], [1646371630560, "MASTER I", 10, 50], [1646884328913, "MASTER I", 0, 51], [1646971355275, "MASTER I", 25, 52], [1646973154297, "MASTER I", 0, 53], [1647654763993, "MASTER I", 16, 54], [1647656958945, "MASTER I", 31, 55], [1647660558899, "MASTER I", 0, 56], [1647663428797, "MASTER I", 10, 57], [1647924776796, "MASTER I", 0, 58], [1648003630977, "MASTER I", 19, 59], [1648191186607, "MASTER I", 0, 59], [1649036828522, "MASTER I", 0, 60]], "seasonStats": {"games": 74, "avgPlace": 4.3108108108108105, "top4": 41, "win": 16, "topCarry": "TFT6_Talon", "lastMatchId": "NA1_4283554477"}, "queueSeasonStats": {"1090": {"games": 13, "avgPlace": 4.923076923076923, "top4": 5, "win": 1, "topCarry": "TFT6_Sivir", "lastMatchId": "NA1_4283554477"}, "1100": {"games": 60, "avgPlace": 4.133333333333334, "top4": 36, "win": 15, "topCarry": "TFT6_Talon", "lastMatchId": "NA1_4283554477"}, "1130": {"games": 1, "avgPlace": 7, "top4": 0, "win": 0, "topCarry": "TFT6_Irelia", "lastMatchId": "NA1_4283554477"}, "1150": {"games": 0, "avgPlace": 0, "top4": 0, "win": 0, "topCarry": "TFT6_Veigar", "lastMatchId": "NA1_4283554477"}}}