{"matches": [], "playerInfo": {"tier": "MASTER", "rank": "I", "leaguePoints": 0, "profileIconId": 5316, "name": "wyc1995", "region": "na1", "localRank": [12878, 0.013696357351768147], "globalRank": [68001, 0.013120873497730315]}, "rankHistory": [[1645204664382, "PLATINUM II", 64, 5], [1645206444144, "PLATINUM I", 25, 6], [1645210035311, "PLATINUM I", 68, 7], [1645242463697, "PLATINUM I", 23, 8], [1645280258351, "PLATINUM I", 3, 9], [1645282051886, "PLATINUM I", 62, 10], [1645399080163, "PLATINUM I", 87, 11], [1645402679986, "PLATINUM I", 54, 12], [1645404431082, "DIAMOND IV", 12, 13], [1645508838164, "DIAMOND IV", 66, 14], [1645536289199, "DIAMOND III", 18, 15], [1645539431872, "DIAMOND III", 55, 16], [1645543030468, "DIAMOND III", 45, 17], [1645544836803, "DIAMOND III", 25, 18], [1645546638776, "DIAMOND III", 5, 19], [1645548431699, "DIAMOND III", 0, 20], [1645550227669, "DIAMOND IV", 75, 21], [1645561040671, "DIAMOND IV", 85, 22], [1645571829137, "DIAMOND IV", 75, 23], [1645800439719, "DIAMOND IV", 99, 24], [1645804034352, "DIAMOND IV", 80, 25], [1645805827504, "DIAMOND IV", 70, 26], [1645813040739, "DIAMOND IV", 92, 27], [1645814836277, "DIAMOND III", 2, 28], [1645816861160, "DIAMOND III", 52, 29], [1645822039679, "DIAMOND III", 7, 30], [1645823837469, "DIAMOND III", 31, 31], [1645831030547, "DIAMOND III", 79, 32], [1645901759761, "DIAMOND III", 32, 33], [1645903565638, "DIAMOND III", 1, 34], [1645908440117, "DIAMOND III", 0, 35], [1645910242540, "DIAMOND III", 10, 36], [1645924631368, "DIAMOND III", 58, 37], [1646061427700, "DIAMOND III", 81, 38], [1646063230039, "DIAMOND III", 35, 39], [1646065039906, "DIAMOND III", 84, 40], [1646189240785, "DIAMOND II", 18, 41], [1646605048445, "DIAMOND II", 0, 42], [1646690288556, "DIAMOND II", 33, 43], [1646693237382, "DIAMOND II", 11, 44], [1646796741410, "DIAMOND II", 46, 45], [1647190054283, "DIAMOND II", 90, 46], [1647191843980, "DIAMOND II", 44, 47], [1647193645268, "DIAMOND II", 94, 48], [1647216207049, "DIAMOND I", 15, 49], [1647267752882, "DIAMOND I", 25, 50], [1647290857859, "DIAMOND I", 44, 51], [1647310975613, "DIAMOND I", 54, 52], [1647313147437, "DIAMOND I", 84, 53], [1653143686293, "MASTER I", 3, 54], [1653230833191, "MASTER I", 13, 55], [1654152961145, "MASTER I", 0, 55]], "seasonStats": {"games": 75, "avgPlace": 3.7333333333333334, "top4": 49, "win": 19, "topCarry": "TFT6_Twitch", "lastMatchId": "NA1_4316212901"}, "queueSeasonStats": {"1090": {"games": 18, "avgPlace": 3.3333333333333335, "top4": 13, "win": 7, "topCarry": "TFT6_Twitch", "lastMatchId": "NA1_4316212901"}, "1100": {"games": 55, "avgPlace": 3.890909090909091, "top4": 34, "win": 12, "topCarry": "TFT6_Twitch", "lastMatchId": "NA1_4316212901"}, "1130": {"games": 0, "avgPlace": 0, "top4": 0, "win": 0, "topCarry": "TFT6_Veigar", "lastMatchId": "NA1_4316212901"}, "1150": {"games": 2, "avgPlace": 3, "top4": 2, "win": 0, "topCarry": "TFT6_Twitch", "lastMatchId": "NA1_4316212901"}}}