{"matches": [], "playerInfo": {"tier": "MASTER", "rank": "I", "leaguePoints": 0, "profileIconId": 29, "name": "xgkmanman", "region": "na1", "localRank": [16640, 0.017696235189771918], "globalRank": [86052, 0.016603466908544903]}, "rankHistory": [[1645147284645, "DIAMOND IV", 57, 5], [1645150631305, "DIAMOND IV", 99, 6], [1645206840626, "DIAMOND III", 35, 7], [1645208644410, "DIAMOND III", 8, 8], [1645460817471, "DIAMOND III", 31, 9], [1645463827252, "DIAMOND III", 41, 10], [1645465632447, "DIAMOND III", 83, 11], [1645552481496, "DIAMOND III", 48, 12], [1645554456096, "DIAMOND III", 0, 13], [1645557425616, "DIAMOND IV", 75, 14], [1645633036568, "DIAMOND IV", 65, 15], [1645724826615, "DIAMOND IV", 75, 16], [1646509645950, "DIAMOND IV", 43, 17], [1646670717618, "DIAMOND IV", 95, 18], [1646673451998, "DIAMOND III", 19, 19], [1646678849114, "DIAMOND III", 69, 20], [1646680926724, "DIAMOND III", 79, 21], [1646749342799, "DIAMOND III", 89, 22], [1646751726410, "DIAMOND III", 76, 23], [1646765243413, "DIAMOND III", 95, 24], [1646843282336, "DIAMOND III", 59, 25], [1646846232649, "DIAMOND III", 77, 26], [1646848030064, "DIAMOND II", 12, 27], [1647017561812, "DIAMOND II", 0, 28], [1647020838335, "DIAMOND II", 20, 29], [1647022960746, "DIAMOND II", 38, 30], [1647290848760, "DIAMOND II", 87, 31], [1647359569615, "DIAMOND I", 17, 32], [1647361745906, "DIAMOND I", 0, 33], [1647363817292, "DIAMOND I", 44, 34], [1647446647635, "DIAMOND I", 32, 35], [1647449248874, "DIAMOND I", 42, 36], [1647451054238, "DIAMOND I", 57, 37], [1647453161951, "DIAMOND I", 72, 38], [1647616637557, "DIAMOND I", 51, 39], [1647618762680, "DIAMOND I", 70, 40], [1647620587613, "DIAMOND I", 22, 41], [1648139735931, "DIAMOND I", 0, 42], [1648221453113, "DIAMOND II", 75, 43], [1648225029410, "DIAMOND II", 39, 44], [1648227634675, "DIAMOND II", 85, 45], [1648566037309, "DIAMOND I", 17, 46], [1648568185344, "DIAMOND I", 47, 47], [1648570646165, "DIAMOND I", 63, 48], [1648653447873, "DIAMOND I", 80, 49], [1648661002558, "MASTER I", 23, 50], [1649573632117, "MASTER I", 0, 50], [1649695629362, "MASTER I", 46, 51], [1649832840669, "MASTER I", 0, 51]], "seasonStats": {"games": 51, "avgPlace": 4.03921568627451, "top4": 32, "win": 7, "topCarry": "TFT6_Irelia", "lastMatchId": "NA1_4273917737"}, "queueSeasonStats": {"1090": {"games": 0, "avgPlace": 0, "top4": 0, "win": 0, "topCarry": "TFT6_Veigar", "lastMatchId": "NA1_4273917737"}, "1100": {"games": 51, "avgPlace": 4.03921568627451, "top4": 32, "win": 7, "topCarry": "TFT6_Irelia", "lastMatchId": "NA1_4273917737"}, "1130": {"games": 0, "avgPlace": 0, "top4": 0, "win": 0, "topCarry": "TFT6_Veigar", "lastMatchId": "NA1_4273917737"}, "1150": {"games": 0, "avgPlace": 0, "top4": 0, "win": 0, "topCarry": "TFT6_Veigar", "lastMatchId": "NA1_4273917737"}}}