{"matches": [], "playerInfo": {"tier": "MASTER", "rank": "I", "leaguePoints": 0, "profileIconId": 3159, "name": "Xiao Pi Meng", "region": "na1", "localRank": [13806, 0.014691704071664357], "globalRank": [71452, 0.013790127278636535]}, "rankHistory": [[1645161702459, "DIAMOND II", 1, 5], [1645165028150, "DIAMOND II", 0, 6], [1645166829211, "DIAMOND III", 75, 7], [1645172229077, "DIAMOND III", 52, 8], [1645174324391, "DIAMOND III", 62, 9], [1645204633586, "DIAMOND III", 23, 10], [1645206425474, "DIAMOND III", 68, 11], [1645208540021, "DIAMOND III", 58, 12], [1645210337068, "DIAMOND III", 34, 13], [1645217542176, "DIAMOND III", 79, 14], [1645220830843, "DIAMOND III", 69, 15], [1645222628382, "DIAMOND II", 1, 16], [1645224572036, "DIAMOND II", 19, 17], [1645228031476, "DIAMOND II", 53, 18], [1645231634691, "DIAMOND II", 71, 19], [1645233427434, "DIAMOND I", 12, 20], [1645246027828, "DIAMOND I", 55, 21], [1645249629250, "DIAMOND I", 86, 22], [1645251426496, "DIAMOND I", 50, 23], [1645253232755, "DIAMOND I", 94, 24], [1645255024262, "MASTER I", 25, 25], [1645258624531, "MASTER I", 58, 26], [1645260424880, "MASTER I", 103, 27], [1645262224582, "MASTER I", 147, 28], [1645264024476, "MASTER I", 101, 29], [1645294625058, "MASTER I", 111, 30], [1645296424715, "MASTER I", 78, 31], [1645298224748, "MASTER I", 59, 32], [1645301824745, "MASTER I", 78, 33], [1645303624952, "MASTER I", 123, 34], [1645305424264, "MASTER I", 113, 35], [1645307592326, "MASTER I", 160, 36], [1645310824363, "MASTER I", 208, 37], [1645314425146, "MASTER I", 242, 38], [1645316224917, "MASTER I", 289, 39], [1645318182818, "MASTER I", 332, 40], [1645330624959, "MASTER I", 382, 41], [1645332586921, "MASTER I", 337, 42], [1645336024434, "MASTER I", 374, 43], [1645337824704, "MASTER I", 364, 44], [1645339624409, "MASTER I", 354, 45], [1645341954578, "MASTER I", 365, 46], [1645343224007, "GRANDMASTER I", 365, 46], [1645345023702, "GRANDMASTER I", 386, 47], [1645349155156, "GRANDMASTER I", 409, 48], [1645352223225, "GRANDMASTER I", 431, 49], [1645354023659, "GRANDMASTER I", 451, 50], [1645356213313, "GRANDMASTER I", 487, 51], [1645359590284, "GRANDMASTER I", 450, 52], [1645361759347, "GRANDMASTER I", 482, 53], [1645364823679, "GRANDMASTER I", 534, 54], [1645429623301, "CHALLENGER I", 534, 54], [1646293623690, "GRANDMASTER I", 284, 54], [1646380025704, "MASTER I", 34, 54], [1646466427840, "MASTER I", 0, 54]], "seasonStats": {"games": 58, "avgPlace": 3.3275862068965516, "top4": 40, "win": 16, "topCarry": "TFT6_Renata", "lastMatchId": "NA1_4224050879"}, "queueSeasonStats": {"1090": {"games": 4, "avgPlace": 3.25, "top4": 3, "win": 1, "topCarry": "TFT6_Tryndamere", "lastMatchId": "NA1_4224050879"}, "1100": {"games": 54, "avgPlace": 3.3333333333333335, "top4": 37, "win": 15, "topCarry": "TFT6_Renata", "lastMatchId": "NA1_4224050879"}, "1130": {"games": 0, "avgPlace": 0, "top4": 0, "win": 0, "topCarry": "TFT6_Veigar", "lastMatchId": "NA1_4224050879"}, "1150": {"games": 0, "avgPlace": 0, "top4": 0, "win": 0, "topCarry": "TFT6_Veigar", "lastMatchId": "NA1_4224050879"}}}