{"matches": [], "playerInfo": {"tier": "MASTER", "rank": "I", "leaguePoints": 0, "profileIconId": 1628, "name": "XiYangYang", "region": "na1", "localRank": [6183, 0.006585758656390199], "globalRank": [34790, 0.006717881420800059]}, "rankHistory": [[1646711773782, "SILVER II", 12, 5], [1646715372871, "SILVER II", 84, 6], [1646808842581, "SILVER II", 72, 7], [1646810739647, "SILVER II", 88, 8], [1646812405066, "SILVER I", 9, 9], [1646816079054, "SILVER I", 74, 10], [1646886222088, "SILVER I", 39, 11], [1647839978882, "GOLD IV", 82, 13], [1649134283568, "GOLD IV", 99, 14], [1649138008553, "GOLD III", 69, 15], [1649139758438, "GOLD II", 10, 16], [1649219008088, "GOLD II", 28, 17], [1649220603567, "GOLD II", 0, 18], [1649222602502, "GOLD II", 37, 19], [1649272960385, "GOLD II", 6, 20], [1649274621962, "GOLD II", 16, 21], [1649305282385, "GOLD II", 87, 22], [1649308930387, "GOLD II", 77, 23], [1649310735130, "GOLD II", 87, 24], [1649312398632, "GOLD II", 39, 25], [1649314294238, "GOLD II", 4, 26], [1649317836872, "GOLD II", 65, 27], [1649319636985, "GOLD II", 85, 28], [1649386380645, "GOLD I", 47, 29], [1649391535651, "PLATINUM IV", 44, 31], [1649393374808, "PLATINUM IV", 15, 32], [1649396875483, "PLATINUM IV", 67, 33], [1649407686418, "PLATINUM III", 31, 34], [1649409519572, "PLATINUM III", 96, 35], [1649411333264, "PLATINUM III", 52, 36], [1649413170106, "PLATINUM III", 42, 37], [1649415646782, "PLATINUM III", 90, 38], [1649418555081, "PLATINUM II", 45, 39], [1649422138787, "PLATINUM I", 7, 40], [1649424620257, "PLATINUM I", 17, 41], [1649427480624, "PLATINUM I", 79, 42], [1649429242452, "DIAMOND IV", 24, 43], [1651050218258, "DIAMOND IV", 86, 44], [1651059181642, "DIAMOND III", 42, 45], [1651064122127, "DIAMOND II", 3, 46], [1651066417320, "DIAMOND II", 0, 47], [1651069523268, "DIAMOND II", 53, 48], [1651072681437, "DIAMOND II", 26, 49], [1651076257956, "DIAMOND II", 67, 50], [1651079012698, "DIAMOND I", 23, 51], [1651080817380, "DIAMOND I", 0, 52], [1651085250349, "DIAMOND I", 43, 53], [1651121707556, "DIAMOND I", 66, 54], [1651123980634, "MASTER I", 4, 55], [1651974902177, "MASTER I", 0, 56]], "seasonStats": {"games": 196, "avgPlace": 3.545918367346939, "top4": 130, "win": 54, "topCarry": "TFT6_Sivir", "lastMatchId": "NA1_4326978243"}, "queueSeasonStats": {"1090": {"games": 139, "avgPlace": 3.661870503597122, "top4": 90, "win": 36, "topCarry": "TFT6_TahmKench", "lastMatchId": "NA1_4326978243"}, "1100": {"games": 56, "avgPlace": 3.232142857142857, "top4": 40, "win": 18, "topCarry": "TFT6_Sivir", "lastMatchId": "NA1_4326978243"}, "1130": {"games": 0, "avgPlace": 0, "top4": 0, "win": 0, "topCarry": "TFT6_Veigar", "lastMatchId": "NA1_4326978243"}, "1150": {"games": 1, "avgPlace": 5, "top4": 0, "win": 0, "topCarry": "TFT6_Viktor", "lastMatchId": "NA1_4326978243"}}}