{"matches": [], "playerInfo": {"tier": "MASTER", "rank": "I", "leaguePoints": 0, "profileIconId": 4568, "name": "YoonMaster", "region": "na1", "localRank": [13185, 0.014030446654507301], "globalRank": [68467, 0.013213929910414623]}, "rankHistory": [[1645163228157, "DIAMOND IV", 87, 5], [1645166829706, "DIAMOND III", 29, 6], [1645168627106, "DIAMOND III", 0, 8], [1645177633236, "DIAMOND IV", 75, 9], [1645179427724, "DIAMOND IV", 85, 10], [1645185129522, "DIAMOND III", 43, 11], [1645193833577, "DIAMOND III", 23, 12], [1645233425175, "DIAMOND III", 33, 13], [1645235229295, "DIAMOND III", 0, 14], [1645237026846, "DIAMOND IV", 75, 15], [1645240627245, "DIAMOND IV", 56, 16], [1645242438608, "DIAMOND IV", 14, 17], [1645244234178, "DIAMOND IV", 24, 18], [1645246025931, "DIAMOND IV", 14, 19], [1645247837962, "DIAMOND IV", 38, 20], [1645249774768, "DIAMOND IV", 64, 21], [1645251428288, "DIAMOND IV", 18, 22], [1645253228218, "DIAMOND IV", 8, 23], [1645255031378, "DIAMOND IV", 0, 24], [1645350428567, "DIAMOND IV", 41, 25], [1645352235986, "DIAMOND IV", 51, 26], [1645354198714, "DIAMOND III", 9, 27], [1645366625797, "DIAMOND III", 29, 28], [1645368971063, "DIAMOND III", 68, 29], [1645413612871, "DIAMOND II", 22, 30], [1645415796110, "DIAMOND II", 46, 31], [1645418828249, "DIAMOND II", 36, 32], [1645421052696, "DIAMOND II", 88, 33], [1645422438050, "DIAMOND II", 42, 34], [1645426028634, "DIAMOND II", 63, 35], [1645427830392, "DIAMOND II", 17, 36], [1645429629286, "DIAMOND II", 7, 37], [1645431859484, "DIAMOND II", 31, 38], [1645435034088, "DIAMOND II", 53, 39], [1645436839402, "DIAMOND I", 5, 40], [1645438629265, "DIAMOND I", 54, 41], [1645450012696, "DIAMOND I", 88, 42], [1645465624971, "MASTER I", 39, 43], [1645494428255, "MASTER I", 87, 44], [1645496228757, "MASTER I", 54, 45], [1645499825248, "MASTER I", 77, 46], [1645501625177, "MASTER I", 87, 47], [1645503615752, "MASTER I", 53, 48], [1645507025108, "MASTER I", 63, 49], [1645508825544, "MASTER I", 30, 50], [1645510624767, "MASTER I", 40, 51], [1645512618004, "MASTER I", 88, 52], [1645528819519, "MASTER I", 48, 53], [1645530425322, "MASTER I", 0, 54]], "seasonStats": {"games": 54, "avgPlace": 4.314814814814815, "top4": 31, "win": 9, "topCarry": "TFT6_Draven", "lastMatchId": "NA1_4226551371"}, "queueSeasonStats": {"1090": {"games": 0, "avgPlace": 0, "top4": 0, "win": 0, "topCarry": "TFT6_Veigar", "lastMatchId": "NA1_4226551371"}, "1100": {"games": 54, "avgPlace": 4.314814814814815, "top4": 31, "win": 9, "topCarry": "TFT6_Draven", "lastMatchId": "NA1_4226551371"}, "1130": {"games": 0, "avgPlace": 0, "top4": 0, "win": 0, "topCarry": "TFT6_Veigar", "lastMatchId": "NA1_4226551371"}, "1150": {"games": 0, "avgPlace": 0, "top4": 0, "win": 0, "topCarry": "TFT6_Veigar", "lastMatchId": "NA1_4226551371"}}}