{"matches": [], "playerInfo": {"tier": "MASTER", "rank": "I", "leaguePoints": 0, "profileIconId": 5294, "name": "You Bing", "region": "na1", "localRank": [6480, 0.00689860750330026], "globalRank": [36258, 0.006999074781691526]}, "rankHistory": [[1645591835881, "DIAMOND IV", 32, 5], [1645593897371, "DIAMOND IV", 17, 6], [1645595883780, "DIAMOND IV", 0, 7], [1645598833638, "DIAMOND IV", 41, 8], [1645638915661, "DIAMOND IV", 71, 9], [1645642032442, "DIAMOND III", 2, 10], [1645689511704, "DIAMOND III", 26, 11], [1645730232079, "DIAMOND III", 57, 12], [1645908965213, "DIAMOND II", 1, 13], [1646189811313, "DIAMOND II", 13, 14], [1646368272930, "DIAMOND II", 23, 15], [1646378496677, "DIAMOND II", 0, 16], [1646891229424, "DIAMOND III", 75, 17], [1647066139585, "DIAMOND III", 95, 18], [1647149318007, "DIAMOND III", 60, 19], [1647151398004, "DIAMOND III", 70, 20], [1647224230657, "DIAMOND III", 35, 21], [1647326847030, "DIAMOND III", 0, 22], [1647843431750, "DIAMOND IV", 75, 23], [1647848086017, "DIAMOND III", 21, 24], [1647850643745, "DIAMOND III", 11, 25], [1647852795365, "DIAMOND III", 43, 26], [1647855275882, "DIAMOND III", 53, 27], [1647861441306, "DIAMOND III", 98, 28], [1647863579574, "DIAMOND II", 28, 29], [1647865804477, "DIAMOND II", 38, 30], [1647867600262, "DIAMOND II", 17, 31], [1647870448329, "DIAMOND II", 63, 32], [1647872592041, "DIAMOND I", 4, 33], [1647875856782, "DIAMOND I", 46, 34], [1647877648419, "DIAMOND I", 8, 35], [1647908246642, "DIAMOND I", 52, 36], [1647910050235, "DIAMOND I", 11, 37], [1647911863659, "DIAMOND I", 1, 38], [1647914006620, "DIAMOND I", 0, 39], [1647915456861, "DIAMOND II", 75, 40], [1647917582265, "DIAMOND II", 65, 41], [1647920094630, "DIAMOND I", 8, 42], [1647922642815, "DIAMOND I", 51, 43], [1647932403846, "DIAMOND I", 70, 44], [1647935609399, "DIAMOND I", 98, 45], [1647937047575, "DIAMOND I", 39, 46], [1647944234484, "DIAMOND I", 84, 47], [1647956828204, "MASTER I", 15, 48], [1648610605713, "MASTER I", 25, 49], [1648612828357, "MASTER I", 55, 50], [1649055216771, "MASTER I", 0, 50], [1649140257355, "MASTER I", 0, 51], [1649702829447, "MASTER I", 0, 52], [1649738272811, "MASTER I", 0, 53], [1651040678835, "MASTER I", 0, 54], [1651192385046, "MASTER I", 27, 55], [1651301687952, "MASTER I", 0, 55]], "seasonStats": {"games": 216, "avgPlace": 4.12037037037037, "top4": 119, "win": 55, "topCarry": "TFT6_Jinx", "lastMatchId": "NA1_4325824678"}, "queueSeasonStats": {"1090": {"games": 11, "avgPlace": 3.8181818181818183, "top4": 8, "win": 3, "topCarry": "TFT6_MissFortune", "lastMatchId": "NA1_4325824678"}, "1100": {"games": 55, "avgPlace": 4.181818181818182, "top4": 30, "win": 10, "topCarry": "TFT6_Irelia", "lastMatchId": "NA1_4325824678"}, "1130": {"games": 53, "avgPlace": 3.9056603773584904, "top4": 29, "win": 17, "topCarry": "TFT6_Ezreal", "lastMatchId": "NA1_4325824678"}, "1150": {"games": 97, "avgPlace": 4.237113402061856, "top4": 52, "win": 25, "topCarry": "TFT6_Jinx", "lastMatchId": "NA1_4325824678"}}}