{"matches": [], "playerInfo": {"tier": "MASTER", "rank": "I", "leaguePoints": 0, "profileIconId": 1595, "name": "YuTad", "region": "na1", "localRank": [14113, 0.01503930060272291], "globalRank": [73437, 0.014186870195266755]}, "rankHistory": [[1645922843624, "DIAMOND IV", 0, 5], [1645924637282, "DIAMOND IV", 0, 6], [1645991227123, "DIAMOND IV", 23, 7], [1645993590717, "DIAMOND IV", 80, 8], [1645995601205, "DIAMOND III", 6, 9], [1646027227818, "DIAMOND III", 44, 10], [1646029285415, "DIAMOND III", 54, 11], [1646111842042, "DIAMOND II", 6, 12], [1646113647273, "DIAMOND II", 27, 13], [1646158629380, "DIAMOND II", 17, 14], [1646160447413, "DIAMOND II", 0, 15], [1646246840717, "DIAMOND II", 51, 16], [1646270824223, "DIAMOND II", 98, 17], [1646287256917, "DIAMOND I", 32, 18], [1646290039720, "DIAMOND I", 13, 19], [1646295446693, "DIAMOND I", 3, 20], [1646330236914, "DIAMOND I", 26, 21], [1646373665276, "DIAMOND I", 0, 22], [1646418675410, "DIAMOND I", 33, 23], [1646524332673, "DIAMOND I", 54, 24], [1646526128178, "DIAMOND I", 7, 25], [1646528501513, "DIAMOND I", 29, 26], [1646613110717, "DIAMOND I", 39, 27], [1646729254285, "DIAMOND I", 86, 28], [1646761646834, "DIAMOND I", 40, 29], [1646763449964, "DIAMOND I", 22, 30], [1646785943799, "DIAMOND I", 69, 31], [1646788635549, "DIAMOND I", 89, 32], [1646803027937, "MASTER I", 36, 33], [1646872342899, "MASTER I", 26, 34], [1647130628103, "MASTER I", 61, 35], [1647133109344, "MASTER I", 46, 36], [1647386228393, "MASTER I", 10, 37], [1647388354139, "MASTER I", 23, 38], [1647671656161, "MASTER I", 0, 39], [1648576824647, "MASTER I", 43, 40], [1648596961687, "MASTER I", 53, 41], [1648598762440, "MASTER I", 43, 42], [1648686204547, "MASTER I", 33, 43], [1648968816489, "MASTER I", 0, 43], [1649545287085, "MASTER I", 0, 44], [1649547458122, "MASTER I", 33, 45], [1649572284599, "MASTER I", 23, 46], [1649635666341, "MASTER I", 69, 47], [1649919243618, "MASTER I", 0, 47], [1650004315058, "MASTER I", 35, 48], [1650010097069, "MASTER I", 18, 49], [1650084848977, "MASTER I", 0, 50], [1650517759014, "MASTER I", 0, 51], [1650519563219, "MASTER I", 0, 52], [1650522266166, "MASTER I", 33, 53], [1650684268392, "MASTER I", 23, 54], [1650869674836, "MASTER I", 0, 54], [1652653032702, "MASTER I", 0, 55], [1652655863684, "MASTER I", 33, 56], [1652806523846, "MASTER I", 53, 57], [1652809354718, "MASTER I", 82, 58], [1653029733605, "MASTER I", 0, 58]], "seasonStats": {"games": 61, "avgPlace": 4.081967213114754, "top4": 33, "win": 12, "topCarry": "TFT6b_Vi", "lastMatchId": "NA1_4310977938"}, "queueSeasonStats": {"1090": {"games": 3, "avgPlace": 1, "top4": 3, "win": 3, "topCarry": "TFT6_Viktor", "lastMatchId": "NA1_4310977938"}, "1100": {"games": 58, "avgPlace": 4.241379310344827, "top4": 30, "win": 9, "topCarry": "TFT6b_Vi", "lastMatchId": "NA1_4310977938"}, "1130": {"games": 0, "avgPlace": 0, "top4": 0, "win": 0, "topCarry": "TFT6_Veigar", "lastMatchId": "NA1_4310977938"}, "1150": {"games": 0, "avgPlace": 0, "top4": 0, "win": 0, "topCarry": "TFT6_Veigar", "lastMatchId": "NA1_4310977938"}}}