{"matches": [], "playerInfo": {"tier": "MASTER", "rank": "I", "leaguePoints": 0, "profileIconId": 871, "name": "ZeTerminator1026", "region": "na1", "localRank": [19857, 0.021147572933407032], "globalRank": [100767, 0.01945618752021316]}, "rankHistory": [[1646113647669, "DIAMOND III", 11, 5], [1646169446358, "DIAMOND III", 0, 6], [1646171226917, "DIAMOND IV", 75, 7], [1646175090367, "DIAMOND III", 17, 8], [1646236884508, "DIAMOND III", 0, 9], [1646339506772, "DIAMOND III", 54, 10], [1646342506158, "DIAMOND III", 78, 11], [1646344306980, "DIAMOND III", 57, 12], [1646420239603, "DIAMOND III", 36, 13], [1646423831405, "DIAMOND III", 46, 14], [1647021519973, "DIAMOND III", 98, 15], [1647025126956, "DIAMOND II", 39, 16], [1647028047843, "DIAMOND II", 29, 17], [1647417159654, "DIAMOND II", 56, 18], [1647452849516, "DIAMOND II", 79, 19], [1647454630042, "DIAMOND II", 89, 20], [1647552853136, "DIAMOND II", 79, 21], [1647555455672, "DIAMOND II", 69, 22], [1647883784065, "DIAMOND II", 90, 23], [1647885901882, "DIAMOND I", 1, 24], [1647913636861, "DIAMOND I", 11, 25], [1647967647833, "DIAMOND I", 46, 26], [1647969457370, "DIAMOND I", 11, 27], [1647971996117, "DIAMOND I", 21, 28], [1647974116339, "DIAMOND I", 31, 29], [1647978800032, "DIAMOND I", 52, 30], [1647980608260, "DIAMOND I", 22, 31], [1648004731969, "DIAMOND I", 46, 32], [1648015212998, "DIAMOND I", 27, 33], [1648052254080, "DIAMOND I", 17, 34], [1648054057077, "DIAMOND I", 7, 35], [1648055837703, "DIAMOND I", 0, 36], [1648148411079, "DIAMOND I", 22, 37], [1648150527865, "DIAMOND I", 69, 38], [1648162065350, "DIAMOND I", 48, 39], [1648260031783, "DIAMOND I", 68, 40], [1648266457280, "DIAMOND I", 58, 41], [1648268591540, "DIAMOND I", 27, 42], [1648319758021, "DIAMOND I", 39, 43], [1648358622363, "DIAMOND I", 49, 44], [1648361142213, "DIAMOND I", 69, 45], [1648363992359, "MASTER I", 1, 46], [1649314423727, "MASTER I", 0, 46], [1649874241479, "MASTER I", 10, 47], [1649882831144, "MASTER I", 0, 48], [1650081714797, "MASTER I", 19, 49], [1650090716662, "MASTER I", 51, 50], [1650128524064, "MASTER I", 84, 51], [1650220334838, "MASTER I", 94, 52], [1650303534616, "MASTER I", 58, 53], [1650404831597, "MASTER I", 89, 54], [1650610467228, "MASTER I", 0, 54], [1650645157332, "MASTER I", 18, 55], [1650647360883, "MASTER I", 50, 56], [1650829631570, "MASTER I", 30, 57], [1650930877707, "MASTER I", 51, 58], [1651042480962, "MASTER I", 0, 58]], "seasonStats": {"games": 249, "avgPlace": 4.128514056224899, "top4": 142, "win": 50, "topCarry": "TFT6_Galio", "lastMatchId": "NA1_4326535852"}, "queueSeasonStats": {"1090": {"games": 67, "avgPlace": 4.029850746268656, "top4": 42, "win": 13, "topCarry": "TFT6_TahmKench", "lastMatchId": "NA1_4326535852"}, "1100": {"games": 58, "avgPlace": 4.0344827586206895, "top4": 35, "win": 4, "topCarry": "TFT6_Morgana", "lastMatchId": "NA1_4326535852"}, "1130": {"games": 7, "avgPlace": 4.714285714285714, "top4": 4, "win": 1, "topCarry": "TFT6_Gangplank", "lastMatchId": "NA1_4326535852"}, "1150": {"games": 117, "avgPlace": 4.196581196581197, "top4": 61, "win": 32, "topCarry": "TFT6_Galio", "lastMatchId": "NA1_4326535852"}}}