{"matches": [], "playerInfo": {"tier": "MASTER", "rank": "I", "leaguePoints": 0, "profileIconId": 5237, "name": "Zuxymm", "region": "na1", "localRank": [18795, 0.020010327223946384], "globalRank": [95844, 0.018501527605679097]}, "rankHistory": [[1645204632592, "DIAMOND IV", 30, 5], [1645206425562, "DIAMOND IV", 0, 6], [1645377432974, "DIAMOND IV", 40, 7], [1645379230569, "DIAMOND IV", 0, 8], [1645494440372, "DIAMOND IV", 0, 9], [1645496240947, "DIAMOND IV", 10, 10], [1645528820503, "DIAMOND IV", 0, 11], [1645530895309, "DIAMOND IV", 0, 12], [1645534033121, "DIAMOND IV", 50, 13], [1645535837485, "DIAMOND III", 5, 14], [1645537630277, "DIAMOND III", 0, 15], [1645539430267, "DIAMOND IV", 75, 16], [1645541437212, "DIAMOND IV", 53, 17], [1645543479121, "DIAMOND IV", 32, 18], [1646061436400, "DIAMOND IV", 54, 19], [1646063803386, "DIAMOND III", 3, 20], [1646066842428, "DIAMOND III", 13, 21], [1646068646476, "DIAMOND III", 0, 22], [1646070427773, "DIAMOND IV", 75, 23], [1646072226603, "DIAMOND III", 26, 24], [1646074602374, "DIAMOND III", 72, 25], [1646076389022, "DIAMOND III", 92, 26], [1646078199875, "DIAMOND III", 46, 27], [1646079990207, "DIAMOND III", 0, 28], [1646082015565, "DIAMOND III", 24, 29], [1646128043869, "DIAMOND III", 0, 30], [1646130405095, "DIAMOND III", 34, 31], [1646132422088, "DIAMOND III", 54, 32], [1646135232416, "DIAMOND III", 44, 33], [1646137046720, "DIAMOND III", 34, 34], [1646234232849, "DIAMOND III", 81, 35], [1646236885410, "DIAMOND II", 12, 36], [1646239647332, "DIAMOND II", 60, 37], [1646242018095, "DIAMOND II", 41, 38], [1646243821630, "DIAMOND II", 31, 39], [1646295447578, "DIAMOND II", 63, 40], [1646297228817, "DIAMOND II", 96, 41], [1646299853409, "DIAMOND I", 6, 42], [1646301429785, "DIAMOND I", 0, 43], [1646304447001, "DIAMOND I", 45, 44], [1646320898637, "DIAMOND I", 88, 45], [1646393474509, "DIAMOND I", 49, 46], [1646395262209, "DIAMOND I", 15, 47], [1646398040495, "DIAMOND I", 50, 48], [1646400118568, "DIAMOND I", 91, 49], [1646402227107, "MASTER I", 1, 50], [1647203588174, "MASTER I", 23, 51], [1647205388932, "MASTER I", 0, 52], [1647206916120, "MASTER I", 0, 53]], "seasonStats": {"games": 57, "avgPlace": 4.280701754385965, "top4": 31, "win": 10, "topCarry": "TFT6_Irelia", "lastMatchId": "NA1_4245859988"}, "queueSeasonStats": {"1090": {"games": 0, "avgPlace": 0, "top4": 0, "win": 0, "topCarry": "TFT6_Veigar", "lastMatchId": "NA1_4245859988"}, "1100": {"games": 53, "avgPlace": 4.377358490566038, "top4": 27, "win": 10, "topCarry": "TFT6_Irelia", "lastMatchId": "NA1_4245859988"}, "1130": {"games": 0, "avgPlace": 0, "top4": 0, "win": 0, "topCarry": "TFT6_Veigar", "lastMatchId": "NA1_4245859988"}, "1150": {"games": 4, "avgPlace": 3, "top4": 4, "win": 0, "topCarry": "TFT6_Alistar", "lastMatchId": "NA1_4245859988"}}}